Path	TodaySHA1	PredictedSHA1	PredictedSHA256	Note
Musics/bgm_001.wav	dd60f43831f4504722929e1f68c9c32567e8677a	dd60f43831f4504722929e1f68c9c32567e8677a	e0ca309360247a802c4f5416a50f63daf150ea9ffdefca8dcfa33e72bcd843cd	unchanged
Musics/bgm_002.wav	73a4f81693e04272767446caddc3ac6985bc3919	2ba29d5d504167222f86bcbbceaba8a22f83929a	f5adfbeec4fc048c6b3b38cf9b0e5ffa32a9786fd35a5a9bb8755467dca97ec8	changed
Musics/bgm_003.wav	1aef83acd599cc9b50b0b40c19f6535800398562	3e177b82d3908b7593fefe43e20d4b934ed40b62	a1929996b98238b86735cc02d4da24dde3ef6af0564ee7af166e9bd235323b48	changed
Musics/bgm_004.wav	ba0f0ac0e0d1b945e50821e775518886ec334659	e3a1528dd9c21090f9afdec82ffa4160a58f672d	970c41a148b49d1c33823d084cd05dd043a6e76c088199b0d863ff294c178cd8	changed
Musics/bgm_005.wav	d30bd41fb2a9fc5de5585bbee4c4a4d2993b4d1d	39079bed4d421d0025dea2b243c297170592409a	30350cfa68de3a522c94fce17cbd1308f19da6fd41e9810f1159bc38466da201	changed
Musics/bgm_006.wav	7502732065b3f79cbac64dd3940bf3e835d78672	fd935d3c6fd3c742f744342d43993d15d5e5f00a	f6fb0bbfc824aa9abd0c07c409f435f5684e998ff811ab6521a810bc96515c97	changed
Musics/bgm_007.wav	7d7bc39574d64c07c04e4081e83c83e635ad9049	9da3129ae752bfc261f9193e8923097a0e0fbd4a	5de41e5e9385746e8a69aed0294afd2feed3024c0e26e0a45eb2911dcdd247c7	changed
Musics/bgm_008.wav	dd0252b9f95c67972608e4ede148195f5b1125fb	48cbcef3b0877baf5574264aa48cedd9dbdee46b	4faf170718b06285034ea28a1245eb1493abad8101ee492eeef7af79e3006278	changed
Musics/bgm_009.wav	835ddafe77629b0d38e0318f4d4aff481e9f539b	09c2dea3c38d021e2508f5aebd7a2c5b4dc3f4f4	33fcb5625c3db001f6fe2c8b9fcd3ebbd04e042c8bbda56c464ecad511b75d7e	changed
Musics/bgm_010.wav	212c6b69a3599398f33f226afcb0e00e80304306	ba7578a0d905cb58a580d5e6f1315c9d782bde54	90d21006af34dd2957dcee1778d8936c20fadea3403cea934ac810e5e5be29f8	changed
Musics/bgm_011.wav	0ef6812393da2c420a4b335a2b84634fc0ce73c5	d5999862639bcc99feafdca62d883c71c432aa15	211869d4c4f8fd42300aa9847eecf2cd88f84af34f1373388f8b4b8f8ddd27e7	changed
Musics/bgm_012.wav	cbd5db5490365148634cf88a7e4132c2b459c15a	8481860f7cd9c0c1494c5c75baeaf6565b1bc142	9f8d33dd1624ec91864c1a5dc5e044511fe0d27efd3dccd76e8a5c06a35e2527	changed
Musics/bgm_013.wav	65230677e57b2c2514ebeb239a0408a873b4fbfa	d4457d1ccde1f40248eaf3e3c9ba32476e64e55e	93279d4aecc792d2a02ef8f9903273a2b4467f746f39ea1b2657cd14f9c50323	changed
Musics/bgm_014.wav	47f95958478c0c51de9cb98b9d98c4fb9adf7dce	b72d48139993ec0f43c8eafe9232353b8c166981	eadb244f27377c13d441bf81e9390dbe85128b4fbb6ee16fe1afad1bca4d7f3d	changed
Musics/bgm_015.wav	df6cb3bc85a349d695f475de126e5556133b39aa	c862dc4b922aa57b1f928bf5073ea64d79987d55	9bcc4f066d58ccbc570017b8abbea16e045596b159d6ae754f87159762d5be64	changed
Musics/bgm_016.wav	8cc0c88fb6947be5f5bc255f7a4bc3c633533098	5b858f2645852860426fbef6f694444d345b7cdb	09238cb5893c403d89f5d60c1e345e2369e8d09047a2d82e86a0e00a95238d8d	changed
Musics/bgm_017.wav	deef9b5b713479a642681171672ca886efaf7357	2b0cb9acff31d9984d220ac5bba006117c3228c4	e8aceb8d838b491aeb1f1ef06919c0a0f35be05c141c490a73edef30ce67243b	changed
Musics/bgm_018.wav	bf9c65e3311875f54cd1a2accdd38eb895c734b5	d2baca2c17ae8f5b067398ed50d3b0412e5863c7	ba1ca64e63c0d9ae6580adcb90672f2fae80f048f5b23e82b5d9a76456c3afee	changed
Musics/bgm_019.wav	e500d11bf609c08c628e242e6e511dea8b4f7525	2650eb74773011931a4c7233612abbe88eca3bfb	58b6083373c8e55e00a48cce8d723a6380240ed0c3bbcc206bb95cdeb469598d	changed
Musics/bgm_020.wav	b454a28e50e33ec950172448d1ce95f82fe00136	50ee0d0700c191ee725a20fa756f9f7585e277e8	46963b1b50284d587919d081c9519fd7ce33b422b09a00eea8eeb4025663d08d	changed
Musics/bgm_021.wav	73bb8eed2d2167a2a37f57bdd5ad2c21439db0fc	e7e2b53dbcccd1fa2a37270f0c57d1d47cbf0484	f3f16e50cc422b2ab538ebdf1fc20af03cf3ff89b583b78dedaed30b015498cd	changed
Musics/bgm_022.wav	46a58e92f1bc7069b51251d42849d329b7be304e	49c50bb8127647d41614a37907d64a98adf0fb8a	b1bc2300ad96dacab1f93e8cfe984e32b2d2511411ad9b196a6dbd9a1c99bce5	changed
Musics/bgm_023.wav	c5dbfa3b51b0fabcadedf5eb81d496e51c49da84	f7e2c242d7e132b3be07eee9ac274c3565f32638	c1cb301358175a808f1cc82ca2b339c1ddc35ca01ec0fa86648ec9f105fb48e2	changed
Musics/bgm_024.wav	4fb13c549bf678fdba488297088b5bbbf8f5bf38	0aef3ca69c70bb5060df0485f44ebed6820ee19b	8e2ed93c7a1427dbfd38607a50d664bc544fce8aada384c3f30cab554de83d00	changed
Musics/bgm_025.wav	6c447c0a2b0b3999ff004a8ea92c022b6855c9e8	6dd41ecd4d41b5202985ba341d2c43bdb01edbbb	e3aa2e1fede782279c675c8da3b26dd706a862514492c4937ea5dd3630a0243b	changed
Musics/bgm_026.wav	6f0648cb14e00afe42f6bdbb944c707c0f72b660	cb1a392d87f2405f6ad594f28ff25259ad681ef2	f83a3f8d436052312f16868ab55488fb7529bb41eaa199bb69c7bf0ecf8480d2	changed
Musics/bgm_027.wav	0c15a5068379053a42c237cc133599bec9d3e1e4	5fd4cdd4fb97c8d7e8bd3720c7d7d8920eef6a7d	bc80a00190b43ff6554d0a1bf270da2dc70b9a710460afe646681dc205a838bf	changed
Musics/bgm_028.wav	6d7661ca3acd7a66e30b5f54978f33fc4afc9f50	07e15f44ef0a0a38297029792e500839e3c29449	bdcbdad73041b21716ae2cd9ab86299a1f7ed15e9b4f81b22c06404661b13212	changed
Musics/bgm_029.wav	09c3dbf3be62468e5907cc326a128f7555dcd477	e4ab75b54e70a6f295d6936b585ee1254ee08f1a	bc397cb615dc3c825456e97ef216949a69ff9081460c7553ca6acf065e0ea2d2	changed
Musics/bgm_030.wav	36c9e71527b0a4f529cd1fd3cff4dd1777e13c20	3fc9d995226e970e986f302d434c98c58ed048a8	06909fc6f668739abbbbb2f9823fac610d034b7921c7998e5aa9a2f2a0a770a6	changed
Musics/bgm_031.wav	9169fdf480d98197b53e99ac20c829ef03ec495a	784b2701d1ce053cf20b50bfc07cd70957686947	8eefe177831b2b0b3ff70ab6629357892632f5b8962446791767a1d11a98dfc1	changed
Musics/bgm_032.wav	6d39e3022dcbd442ddd3045355fe4d5c5c8dedbe	a65ca19acbb2b7a294f3d0c61283d13aed8106d1	6274c18248d0ca9ec61186c032d0a8b07c242d54f3c6cd98b65d0e27c737f527	changed
Musics/bgm_033.wav	5ac49caddc0d940a8b48c6b2c90a048b8b020f22	bc7f866d9a8a399c81cc7962758b195e8f381a1e	792acac76da79ae1b01ab48a578a87beb086dfdfe568f42654d5a688333515fa	changed
Musics/bgm_034.wav	51f64a927f31f92bc630a9e8b63dd22c60d1e99f	4bbe4041504a7288437f84493e119cc4def28b85	940336b6b34b3a0b10d243b0626d18acde2cc8a5dc4cc3dfb1cb179320dca58d	changed
Musics/bgm_035.wav	31b1bba83566a27fb40e01a25ac6398166748370	42445f9578c957833f00897ec96322ab02c90834	9bcc3e3fdb89c1c333c76ddd77ac008be181057313672b568a214ad22e4bee68	changed
Musics/bgm_036.wav	eb7217205d8b4c2017e40e63a93a87eb98bdbf35	a9e015e822d17134662fd9b0dacb25c2920694ff	c96df4e81516fc0e9d752ca0923c9a3445bf529719eaf3b816860f1f5f3a9465	changed
Musics/bgm_037.wav	2c7f9879042618b7abcbd8fe1aefe7a940de300b	05fcac71a1391269baeba766d64514655aebc152	307d71b42f423e5e8176e376751801b6534c62592569414236417f51ff814c0a	changed
Musics/bgm_038.wav	3b6f1c3f2666feb1a97f32b687061f7a54ddfbbf	efea4679ee98d003da6fd980c7b8ef8e00aced2f	d5132e3631c370094e2a2f064bd30f9c22630decca32f7d24a0a61819d069e0e	changed
Musics/bgm_039.wav	00832563942c6563a32a093cb175cd338e4d9a4e	f96c494fb4db2db9e2be7b06fd2feff74c294a83	8707aac5c1f31f2a6dfff54552a75564ff443cf497cc03bff8cd5c339829bde2	changed
Musics/bgm_040.wav	273d27eac77ea3dae1e1378caf8be611b98e761f	08be203839034a33d99a8bd4b7e1529225bce1f1	05a45c7f7ce62aa94396ec5c3e0485da53cde239c8052481b91c43d03ca72b36	changed
Musics/bgm_041.wav	98de0579785aa90047dabec7f8900c91c9f49c0f	6a848d03434e6c77cf2d1e65a679e309b2f7cefe	b8c987ad20bd4329f2d53f24dee7c7ecd4f66bfc51f3736587495e712f374f6f	changed
Musics/bgm_042.wav	df2e50acdd2844c5780f70f222bf5fff6fa6ea46	312f096ff2927763897ca54529be1a0bbf367316	f7d2f9dea25c333518f1356e6b0ae935fa8891152b790efe12e6b0082235e6f7	changed
Musics/bgm_043.wav	d692f195a1ecb72f52d8cded8627b2a4886159fc	a65f72d00720b674e3afdeec209db0510af9f27e	daed79eee3eba3d02f960780ff76f5d3c5b05c19ade9c2d6205606969e18d24e	changed
Musics/bgm_045.wav	8bbb233baeec89771ff7372b2e3f3a1c9c0ca490	8071c74b6cd948e9b899be2f015ac7b9ee7ce725	4aafc745003e8349738b6006db1960b21db1a37d805f8bfef9cff9f5bfe5dca1	changed
Musics/bgm_046.wav	318b63cab886a4742dd204a8f3e2dcc844010985	6b9a89661ffe801cf90918e6b09a1f7be818d188	6bafdd51658351d28f92c44cb0e87dc3f05be7a1b402189aa666deb091871369	changed
Musics/bgm_044.wav	b7267d1de4d6d03ad8f9aebf79fb287a8afee79d	b7267d1de4d6d03ad8f9aebf79fb287a8afee79d	-	stays on disk, unreferenced (AudioWriter never deletes)
Musics/bgm-manifest.json	60649983370715d62e9b0ef6ea40955487f914e2	509e8c685a52b1cb9d50f1d2f5d5734a204e73d1	80c3dd320701c766342f14fa7957305d4eb1b126ac2b0a41f0e10c1b85820381	45 entries
AssetInfos.json	d95db3302111a517a6bc293f8931906647484728	f90073c87361f1b8c6ec4c8a531d83a8f3ae6fde	94958cafd19905d97fb3ec7bfb59652ee08592efa4bd4f4416fb13b529b72b8c	22417 -> 22416 entries
report.json	-	-	-	Audio.Bgm 46->45, Audio.WavCopied 1042->1041, Verify.Assets 22417->22416 (plus timings/sizes)
