SoundIndex	File	Bytes	SHA256	OracleA_equals_OracleB	Today_SHA256	Changed
1	bgm_001.wav	23420084	e0ca309360247a802c4f5416a50f63daf150ea9ffdefca8dcfa33e72bcd843cd	True	e0ca309360247a802c4f5416a50f63daf150ea9ffdefca8dcfa33e72bcd843cd	False
2	bgm_002.wav	11739464	f5adfbeec4fc048c6b3b38cf9b0e5ffa32a9786fd35a5a9bb8755467dca97ec8	True	b8a3b3113096df8f2d8648e1c5b7ac3e0c1627b39618cdccc76bfb34c52b6b16	True
3	bgm_003.wav	6803204	a1929996b98238b86735cc02d4da24dde3ef6af0564ee7af166e9bd235323b48	True	2763bf572eaca9b36903dfb197dc0d29ec30d509915843061187ccd5e693bce6	True
4	bgm_004.wav	17272544	970c41a148b49d1c33823d084cd05dd043a6e76c088199b0d863ff294c178cd8	True	504aa2a50b0521fa44a8cecda53a071e5280830046e6e0a4ab33f29f75995e5b	True
5	bgm_005.wav	23578844	30350cfa68de3a522c94fce17cbd1308f19da6fd41e9810f1159bc38466da201	True	99ed2ede34a2c7059a00b3c8422121c306eec04a91d53946cbc988ab2d165861	True
6	bgm_006.wav	16834484	f6fb0bbfc824aa9abd0c07c409f435f5684e998ff811ab6521a810bc96515c97	True	94f0b137f59149fb060e07c966202c16a636724fbecfcf0ba8846b614b7ee26a	True
7	bgm_007.wav	31278704	5de41e5e9385746e8a69aed0294afd2feed3024c0e26e0a45eb2911dcdd247c7	True	6ec305aaa0607fd867318e79d5441cca6b2a90fb0b18f337f3460ee876e152bd	True
8	bgm_008.wav	15555584	4faf170718b06285034ea28a1245eb1493abad8101ee492eeef7af79e3006278	True	894ff78b910670391958557353ef240605e0a14640ae493eea094f4244db4eaf	True
9	bgm_009.wav	18824864	33fcb5625c3db001f6fe2c8b9fcd3ebbd04e042c8bbda56c464ecad511b75d7e	True	bcaeab10ced425473b64d3cf35f2ba7dc777fb1ba7d25fdd3048f84176c96a98	True
10	bgm_010.wav	17510684	90d21006af34dd2957dcee1778d8936c20fadea3403cea934ac810e5e5be29f8	True	6dacb73aee1e2e02d0ac3ee737eeed915d4a68c158f041e8cd0ca38861c8f94d	True
11	bgm_011.wav	16040684	211869d4c4f8fd42300aa9847eecf2cd88f84af34f1373388f8b4b8f8ddd27e7	True	d1f71f002eaca99b69d88d807f71d6f080154969d4d0c6b91392a84a6d4132aa	True
12	bgm_012.wav	10157744	9f8d33dd1624ec91864c1a5dc5e044511fe0d27efd3dccd76e8a5c06a35e2527	True	e3a84df8bc2769e46d7b8cffbc16e5d6e6cb4fd433bdf4952b046d1ece4f8544	True
13	bgm_013.wav	19309964	93279d4aecc792d2a02ef8f9903273a2b4467f746f39ea1b2657cd14f9c50323	True	f0cd2d5c83f2941898ac92b9a6064c17963a84bca628a0ebace13dc07438b441	True
14	bgm_014.wav	42336044	eadb244f27377c13d441bf81e9390dbe85128b4fbb6ee16fe1afad1bca4d7f3d	True	38659b5701325d9ccac0517a7c42a93346117a5f6257a5ec469f9003f3319950	True
15	bgm_015.wav	22476344	9bcc4f066d58ccbc570017b8abbea16e045596b159d6ae754f87159762d5be64	True	be7017d7b93601e17a46efe8e42ef93fa6d6ac9d23981ff0be0659d3d59a6772	True
16	bgm_016.wav	24046304	09238cb5893c403d89f5d60c1e345e2369e8d09047a2d82e86a0e00a95238d8d	True	3e6beb59296cf5234516415184c812b5068a6eb46ac4993397608276e1f1da8e	True
17	bgm_017.wav	23373044	e8aceb8d838b491aeb1f1ef06919c0a0f35be05c141c490a73edef30ce67243b	True	d540e74050cbaf629fa63f61b3f71d627eb016a9fe7e06561d2f67749cddcfed	True
18	bgm_018.wav	15046964	ba1ca64e63c0d9ae6580adcb90672f2fae80f048f5b23e82b5d9a76456c3afee	True	8895ab92f364da3c50077eb16fe19548023789d6ab9cb78e1ec58ce53c79b16f	True
19	bgm_019.wav	11277884	58b6083373c8e55e00a48cce8d723a6380240ed0c3bbcc206bb95cdeb469598d	True	3b3cce30e299bbb58e63259c98fd35d5ddb88fe663188a94f12473ba0f8cd36c	True
20	bgm_020.wav	15673184	46963b1b50284d587919d081c9519fd7ce33b422b09a00eea8eeb4025663d08d	True	d946f71894aa2a7fd9ed9071906da26fa883c260cfe0ce641695d18abee92e62	True
21	bgm_021.wav	19859744	f3f16e50cc422b2ab538ebdf1fc20af03cf3ff89b583b78dedaed30b015498cd	True	42b05745c0f0fa4e6d91ea7c8f5f17943221cc554e4802c97d2421943304756f	True
22	bgm_022.wav	20791724	b1bc2300ad96dacab1f93e8cfe984e32b2d2511411ad9b196a6dbd9a1c99bce5	True	289d2d4d19385ec2df225a2c6dfcc2703f4edfa5c9df4d46f51f67cb5ef3c63b	True
23	bgm_023.wav	21770744	c1cb301358175a808f1cc82ca2b339c1ddc35ca01ec0fa86648ec9f105fb48e2	True	432d80ffecf97f779ac007666fe42403109f88e14d432024a27050b5adba2929	True
24	bgm_024.wav	13524044	8e2ed93c7a1427dbfd38607a50d664bc544fce8aada384c3f30cab554de83d00	True	90a710a428e10b206796a4920b9566079928ec2dffce1ad3011b6f597b1caab1	True
25	bgm_025.wav	21382664	e3aa2e1fede782279c675c8da3b26dd706a862514492c4937ea5dd3630a0243b	True	e43166297d8bb72736ddfdecb942c7f16fe995d675eda6c67f5bb35b0fda31ce	True
26	bgm_026.wav	3254624	f83a3f8d436052312f16868ab55488fb7529bb41eaa199bb69c7bf0ecf8480d2	True	7828c7fe9cb2f790e74fb57acfd486d96dc1839714967d68123a29ec75b3897d	True
27	bgm_027.wav	21356204	bc80a00190b43ff6554d0a1bf270da2dc70b9a710460afe646681dc205a838bf	True	49449578d82d4f4ae187a059f4701f0e73022e0d1ab91e5267987eed899d0f7a	True
28	bgm_028.wav	17263724	bdcbdad73041b21716ae2cd9ab86299a1f7ed15e9b4f81b22c06404661b13212	True	2d4ccbe9aee914cdc08880a1b12c2ec48ff58ffaff9200388d2bef48611c27f3	True
29	bgm_029.wav	15532064	bc397cb615dc3c825456e97ef216949a69ff9081460c7553ca6acf065e0ea2d2	True	5d5e836e7b1e77e6cbd1de3ae578d846034e09f5640ff9686184e708b5afd186	True
30	bgm_030.wav	30035084	06909fc6f668739abbbbb2f9823fac610d034b7921c7998e5aa9a2f2a0a770a6	True	f1011e074629be60750f6ce15dbdaa6af4bce687b4bf467f1c89dda53d95487d	True
31	bgm_031.wav	17642984	8eefe177831b2b0b3ff70ab6629357892632f5b8962446791767a1d11a98dfc1	True	41b75c7d23fddff2ca28eaa4c158afc58137ec3b71fd78cc000da8c03c66f98c	True
32	bgm_032.wav	18289784	6274c18248d0ca9ec61186c032d0a8b07c242d54f3c6cd98b65d0e27c737f527	True	d0a1ee9e177140395871948ca80a350cd7c4c3bfcaa9feb56c1f3aa04259d187	True
33	bgm_033.wav	17348984	792acac76da79ae1b01ab48a578a87beb086dfdfe568f42654d5a688333515fa	True	ad61be089584bedbd645bdd629da57ac11b202a21dc55b255e00e067f9749324	True
34	bgm_034.wav	11016224	940336b6b34b3a0b10d243b0626d18acde2cc8a5dc4cc3dfb1cb179320dca58d	True	83c071e7ed016b8d0f6078d20d5758a35cc7069839e901b0fdd07eaef0d303a8	True
35	bgm_035.wav	40410344	9bcc3e3fdb89c1c333c76ddd77ac008be181057313672b568a214ad22e4bee68	True	2cc73fefcadefc0ad34919e2fde52839cdfa8bf39c6a4b92419942e31eed20a9	True
36	bgm_036.wav	1461224	c96df4e81516fc0e9d752ca0923c9a3445bf529719eaf3b816860f1f5f3a9465	True	2a3db184ae0c24bcbe89ecc1090cf0024b1a41a1aab0e9d1aa8c7deffccd1cf9	True
37	bgm_037.wav	1781684	307d71b42f423e5e8176e376751801b6534c62592569414236417f51ff814c0a	True	f4b7719856dfb7d0b0d58d09920c2973e4c7bb04b74e4269ab55de18eb9b92fd	True
38	bgm_038.wav	1234844	d5132e3631c370094e2a2f064bd30f9c22630decca32f7d24a0a61819d069e0e	True	ca238d94dd6976ac50bac9cbe1e657e61d59fcb53feeefb7000dbe35bf6f4d8e	True
39	bgm_039.wav	6632684	8707aac5c1f31f2a6dfff54552a75564ff443cf497cc03bff8cd5c339829bde2	True	63c3e37e99cf2bcfbc5079301d044f3b310894c2490c0745ce1a3037ed471586	True
40	bgm_040.wav	1590584	05a45c7f7ce62aa94396ec5c3e0485da53cde239c8052481b91c43d03ca72b36	True	4ad31faebb4d11a182a18bba698d3074287005f8bffffbf93a821ab4ffe38fcd	True
41	bgm_041.wav	8655404	b8c987ad20bd4329f2d53f24dee7c7ecd4f66bfc51f3736587495e712f374f6f	True	34a5b56cc690e9335db8ca43a13daec5549031bbc198adf6f933d72fef006d42	True
42	bgm_042.wav	1952204	f7d2f9dea25c333518f1356e6b0ae935fa8891152b790efe12e6b0082235e6f7	True	1f4537ee37e5c5aa2b0460990f6563b49db53b6508f2b0292c1144c2cde76188	True
43	bgm_043.wav	2375564	daed79eee3eba3d02f960780ff76f5d3c5b05c19ade9c2d6205606969e18d24e	True	b2ec54beace64c70db40af2fcbf3bcefed84cd26e12be6ac4bb8ad7826a45091	True
44	bgm_044.wav	-	REMOVED (silent render, D-X-4/D-X-7)	renderbgm FA=-1 max|s|=0	0a5fcddb2d0c02d9fb0b09a952cc0c303c32cadb133f8393989d472a4a89e23b	REMOVED
45	bgm_045.wav	1120184	4aafc745003e8349738b6006db1960b21db1a37d805f8bfef9cff9f5bfe5dca1	True	744050bfafd1e1c0285040590fcc78ca4b0e663d0f5a8aa4a41ccc17b6ee9c3e	True
46	bgm_046.wav	1120184	6bafdd51658351d28f92c44cb0e87dc3f05be7a1b402189aa666deb091871369	True	0469d4c292d1d3a01e642358dab4184b100ad31806bf628e85e9afab098bd9eb	True
