SoundIndex	TodayFrames	NewFrames	FramesEqual	TodayLoopDetected	NewLoopDetected	TodayFirstAudibleFrame	NewFirstAudibleFrame	DriverFirstNoteFrame	NewFA_ge_Driver	TodayMaxAbsBeforeDriverFrame	NewMaxAbsBeforeDriverFrame	TodayPeakL	TodayPeakR	NewPeakL	NewPeakR	TodayBytes	NewBytes	Changed	FirstDifferingStereoFrame	FirstDifferingVideoFrame	LastDifferingVideoFrame	DifferingVideoFrames	TodayFrame0Peak	NewFrame0Peak	DriverJumpFramesPlus1	DriverLoopStartFrame
1	7966	7966	True	True	True	34	34	34	True	0	0	32767	28689	32767	28689	23420084	23420084	False	None	None	None	0	0	0	7966	714
2	3993	3993	True	True	True	0	58	57	True	9389	0	14200	22013	14200	22013	11739464	11739464	True	0	0	739	611	6326	0	3993	114
3	2314	2314	True	True	True	0	19	19	True	2171	0	19673	27515	19714	27620	6803204	6803204	True	0	0	2313	2314	2049	0	2314	18
4	5875	5875	True	True	True	0	30	30	True	3788	0	29844	26754	29901	26727	17272544	17272544	True	0	0	5874	5875	3426	0	5875	29
5	8020	8020	True	True	True	0	36	36	True	9539	0	26787	32768	26787	32768	23578844	23578844	True	0	0	538	507	6958	0	8020	35
6	5726	5726	True	True	True	0	36	36	True	7813	0	16450	21829	16450	21829	16834484	16834484	True	0	0	4431	1589	7813	0	5726	35
7	10639	10639	True	True	True	0	28	28	True	185	0	21676	24493	21676	24493	31278704	31278704	True	0	0	413	396	172	0	10639	83
8	5291	5291	True	True	True	0	30	30	True	3156	0	18696	18478	18785	18617	15555584	15555584	True	0	0	5290	5291	1899	0	5291	29
9	6403	6403	True	True	True	0	36	36	True	3874	0	27494	28084	27494	28084	18824864	18824864	True	0	0	5536	1368	3361	0	6403	35
10	5956	5956	True	True	True	0	36	36	True	7531	0	23933	21834	24170	21471	17510684	17510684	True	0	0	5955	5956	112	0	5956	63
11	5456	5456	True	True	True	0	54	53	True	2249	0	21370	23930	21400	23974	16040684	16040684	True	0	0	5455	5456	2097	0	5456	203
12	3455	3455	True	True	True	0	63	63	True	2807	0	24740	23175	24727	23082	10157744	10157744	True	0	0	3454	3449	2807	0	3455	126
13	6568	6568	True	True	True	0	63	63	True	1330	0	22831	31074	22831	31074	19309964	19309964	True	0	0	5574	715	1330	0	6568	126
14	14400	14400	True	False	False	0	43	43	True	800	0	29950	31961	29950	31961	42336044	42336044	True	0	0	470	435	306	0	None	1899
15	7645	7645	True	True	True	0	36	36	True	6146	0	24323	18822	24323	18822	22476344	22476344	True	0	0	2885	983	4802	0	7645	86
16	8179	8179	True	True	True	0	31	31	True	5454	0	19236	19208	19174	19216	24046304	24046304	True	0	0	8178	8179	4485	0	8179	441
17	7950	7950	True	True	True	0	42	42	True	1864	0	22818	27367	22818	27367	23373044	23373044	True	0	0	2479	714	1761	0	7950	63
18	5118	5118	True	True	True	0	36	36	True	8415	0	22482	25280	22482	25280	15046964	15046964	True	0	0	2586	1637	8415	0	5118	35
19	3836	3836	True	True	True	0	20	20	True	458	0	22348	18970	22348	18970	11277884	11277884	True	0	0	938	682	111	0	3836	104
20	5331	5331	True	True	True	0	32	32	True	6967	0	26115	18317	26115	18317	15673184	15673184	True	0	0	1504	852	3852	0	5331	47
21	6755	6755	True	True	True	0	36	36	True	4184	0	24841	21664	24978	21346	19859744	19859744	True	0	0	6754	6755	3495	0	6755	35
22	7072	7072	True	True	True	0	37	36	True	3214	0	18103	22945	18103	22945	20791724	20791724	True	0	0	378	349	2260	0	7072	35
23	7405	7405	True	True	True	0	45	45	True	3160	0	28586	31280	28586	31280	21770744	21770744	True	0	0	6957	1811	3119	0	7405	44
24	4600	4600	True	True	True	0	33	33	True	616	0	26495	25786	26846	25883	13524044	13524044	True	0	0	4599	4600	133	0	4600	599
25	7273	7273	True	True	True	0	36	36	True	4297	0	22522	21092	22271	21067	21382664	21382664	True	0	0	7272	7273	2128	0	7273	1358
26	1107	1107	True	True	True	0	39	39	True	1367	0	25007	32767	25007	32767	3254624	3254624	True	0	0	1105	893	1078	0	None	None
27	7264	7264	True	True	True	0	38	36	True	9696	0	26219	26276	26102	26348	21356204	21356204	True	0	0	7263	7264	9696	0	7264	486
28	5872	5872	True	True	True	0	36	36	True	2583	0	17738	17073	17936	17170	17263724	17263724	True	0	0	5871	5872	1302	0	5872	147
29	5283	5283	True	True	True	0	34	34	True	1193	0	22020	22330	22000	22294	15532064	15532064	True	0	0	5282	5283	799	0	5283	102
30	10216	10216	True	True	True	0	36	36	True	4006	0	24264	27725	24264	27725	30035084	30035084	True	0	0	8397	1483	2598	0	10216	483
31	6001	6001	True	True	True	0	36	36	True	3061	0	32767	18847	32767	18847	17642984	17642984	True	0	0	3649	1587	2874	0	6001	440
32	6221	6221	True	True	True	84	84	84	True	62	0	25962	25053	25895	25073	18289784	18289784	True	0	0	6220	6221	62	0	6221	168
33	5901	5901	True	True	True	0	32	32	True	458	0	15462	26068	15462	26068	17348984	17348984	True	0	0	493	489	458	0	5901	50
34	3747	3747	True	True	True	0	36	36	True	5185	0	25844	19523	25654	19521	11016224	11016224	True	0	0	3746	3747	3760	0	3747	109
35	13745	13745	True	True	True	1	37	36	True	1757	0	26130	18783	26130	18783	40410344	40410344	True	0	0	6025	2575	50	0	13745	6938
36	497	497	True	True	True	0	26	26	True	1999	0	22989	24842	22774	24770	1461224	1461224	True	0	0	496	497	1999	0	None	None
37	606	606	True	True	True	0	18	18	True	5093	0	19110	21439	19137	21459	1781684	1781684	True	0	0	605	605	4364	0	None	None
38	420	420	True	True	True	0	20	20	True	773	0	15971	18405	15971	18405	1234844	1234844	True	0	0	419	415	112	0	None	None
39	2256	2256	True	True	True	0	36	36	True	8447	0	14533	11869	14533	11869	6632684	6632684	True	0	0	1906	804	5595	0	2256	35
40	541	541	True	True	True	0	18	18	True	2772	0	27178	22991	27150	22989	1590584	1590584	True	0	0	540	541	65	0	None	None
41	2944	2944	True	True	True	1	36	36	True	70	0	20786	24873	20776	24976	8655404	8655404	True	0	0	2943	2944	60	0	2944	35
42	664	664	True	True	True	0	31	31	True	375	0	27710	32768	27885	32768	1952204	1952204	True	0	0	663	664	316	0	None	None
43	808	808	True	True	True	0	45	44	True	8583	0	16874	22730	16943	22740	2375564	2375564	True	0	0	807	808	8405	0	None	None
44	123	-	-	True	-	0	-1(silent)	0	-	0	-	2040	4019	0	0	361664	-	REMOVED	-	-	-	-	4019	-	None	None
45	381	381	True	True	True	0	0	0	True	0	0	16478	18150	16361	18161	1120184	1120184	True	0	0	379	325	833	835	381	42
46	381	381	True	True	True	0	0	0	True	0	0	16216	15268	16348	15720	1120184	1120184	True	0	0	380	381	2151	457	381	42
