pass;phase_after;drawn;kind;frameY;cfgYBefore;clipX;clipTop;clipW;clipH;offset;ending;row0;row0X;row0Y;row1;row1X;row1Y;row2;row2X;row2Y;cursorImage;cursorU;cursorX;cursorY
0;slide-in;0;;;;;;;;;;;;;;;;;;;;;;
1;slide-in;1;RenderText;240;168;32;172;258;50;0;0;;32;245;;32;261;;32;277;;;;
2;slide-in;1;RenderText;236;240;32;239;258;1;0;0;;32;241;;32;257;;32;273;;;;
3;slide-in;1;RenderText;231;236;32;239;258;1;0;0;;32;236;;32;252;;32;268;;;;
4;slide-in;1;RenderText;226;231;32;235;258;5;0;0;;32;231;;32;247;;32;263;;;;
5;slide-in;1;RenderText;221;226;32;230;258;10;0;0;;32;226;;32;242;;32;258;;;;
6;slide-in;1;RenderText;216;221;32;225;258;15;0;0;;32;221;;32;237;;32;253;;;;
7;slide-in;1;RenderText;212;216;32;220;258;20;0;0;;32;217;;32;233;;32;249;;;;
8;slide-in;1;RenderText;207;212;32;216;258;24;0;0;;32;212;;32;228;;32;244;;;;
9;slide-in;1;RenderText;202;207;32;211;258;29;0;0;;32;207;;32;223;;32;239;;;;
10;slide-in;1;RenderText;197;202;32;206;258;34;0;0;;32;202;;32;218;;32;234;;;;
11;slide-in;1;RenderText;192;197;32;201;258;39;0;0;;32;197;;32;213;;32;229;;;;
12;slide-in;1;RenderText;188;192;32;196;258;44;0;0;;32;193;;32;209;;32;225;;;;
13;slide-in;1;RenderText;183;188;32;192;258;48;0;0;;32;188;;32;204;;32;220;;;;
14;slide-in;1;RenderText;178;183;32;187;258;50;0;0;;32;183;;32;199;;32;215;;;;
15;slide-in;1;RenderText;173;178;32;182;258;50;0;0;;32;178;;32;194;;32;210;;;;
16;slide-in;1;RenderText;168;173;32;177;258;50;0;0;;32;173;;32;189;;32;205;;;;
17;slide-in;1;RenderText;168;168;32;172;258;50;0;0;;32;173;;32;189;;32;205;;;;
18;typing;1;RenderText;168;168;32;172;258;50;0;0;;32;173;;32;189;;32;205;;;;
19;typing;1;RenderText;168;168;32;172;258;50;0;0;B;32;173;;32;189;;32;205;;;;
20;typing;1;RenderText;168;168;32;172;258;50;0;0;B;32;173;;32;189;;32;205;;;;
21;typing;1;RenderText;168;168;32;172;258;50;0;0;B;32;173;;32;189;;32;205;;;;
22;typing;1;RenderText;168;168;32;172;258;50;0;0;B;32;173;;32;189;;32;205;;;;
23;typing;1;RenderText;168;168;32;172;258;50;0;0;Bo;32;173;;32;189;;32;205;;;;
24;typing;1;RenderText;168;168;32;172;258;50;0;0;Bo;32;173;;32;189;;32;205;;;;
25;typing;1;RenderText;168;168;32;172;258;50;0;0;Bo;32;173;;32;189;;32;205;;;;
26;typing;1;RenderText;168;168;32;172;258;50;0;0;Bo;32;173;;32;189;;32;205;;;;
27;typing;1;RenderText;168;168;32;172;258;50;0;0;Bon;32;173;;32;189;;32;205;;;;
28;typing;1;RenderText;168;168;32;172;258;50;0;0;Bon;32;173;;32;189;;32;205;;;;
29;typing;1;RenderText;168;168;32;172;258;50;0;0;Bon;32;173;;32;189;;32;205;;;;
30;typing;1;RenderText;168;168;32;172;258;50;0;0;Bon;32;173;;32;189;;32;205;;;;
31;typing;1;RenderText;168;168;32;172;258;50;0;0;Bonj;32;173;;32;189;;32;205;;;;
32;typing;1;RenderText;168;168;32;172;258;50;0;0;Bonj;32;173;;32;189;;32;205;;;;
33;typing;1;RenderText;168;168;32;172;258;50;0;0;Bonj;32;173;;32;189;;32;205;;;;
34;typing;1;RenderText;168;168;32;172;258;50;0;0;Bonj;32;173;;32;189;;32;205;;;;
35;typing;1;RenderText;168;168;32;172;258;50;0;0;Bonjo;32;173;;32;189;;32;205;;;;
36;typing;1;RenderText;168;168;32;172;258;50;0;0;Bonjo;32;173;;32;189;;32;205;;;;
37;typing;1;RenderText;168;168;32;172;258;50;0;0;Bonjo;32;173;;32;189;;32;205;;;;
38;typing;1;RenderText;168;168;32;172;258;50;0;0;Bonjo;32;173;;32;189;;32;205;;;;
39;typing;1;RenderText;168;168;32;172;258;50;0;0;Bonjou;32;173;;32;189;;32;205;;;;
40;typing;1;RenderText;168;168;32;172;258;50;0;0;Bonjou;32;173;;32;189;;32;205;;;;
41;typing;1;RenderText;168;168;32;172;258;50;0;0;Bonjou;32;173;;32;189;;32;205;;;;
42;typing;1;RenderText;168;168;32;172;258;50;0;0;Bonjou;32;173;;32;189;;32;205;;;;
43;typing;1;RenderText;168;168;32;172;258;50;0;0;Bonjour;32;173;;32;189;;32;205;;;;
44;typing;1;RenderText;168;168;32;172;258;50;0;0;Bonjour;32;173;;32;189;;32;205;;;;
45;typing;1;RenderText;168;168;32;172;258;50;0;0;Bonjour;32;173;;32;189;;32;205;;;;
46;typing;1;RenderText;168;168;32;172;258;50;0;0;Bonjour;32;173;;32;189;;32;205;;;;
47;typing;1;RenderText;168;168;32;172;258;50;0;0;Bonjour,;32;173;;32;189;;32;205;;;;
48;typing;1;RenderText;168;168;32;172;258;50;0;0;Bonjour,;32;173;;32;189;;32;205;;;;
49;typing;1;RenderText;168;168;32;172;258;50;0;0;Bonjour,;32;173;;32;189;;32;205;;;;
50;typing;1;RenderText;168;168;32;172;258;50;0;0;Bonjour,;32;173;;32;189;;32;205;;;;
51;typing;1;RenderText;168;168;32;172;258;50;0;0;Bonjour, ;32;173;;32;189;;32;205;;;;
52;typing;1;RenderText;168;168;32;172;258;50;0;0;Bonjour, ;32;173;;32;189;;32;205;;;;
53;typing;1;RenderText;168;168;32;172;258;50;0;0;Bonjour, ;32;173;;32;189;;32;205;;;;
54;typing;1;RenderText;168;168;32;172;258;50;0;0;Bonjour, ;32;173;;32;189;;32;205;;;;
55;typing;1;RenderText;168;168;32;172;258;50;0;0;Bonjour, A;32;173;;32;189;;32;205;;;;
56;typing;1;RenderText;168;168;32;172;258;50;0;0;Bonjour, A;32;173;;32;189;;32;205;;;;
57;typing;1;RenderText;168;168;32;172;258;50;0;0;Bonjour, A;32;173;;32;189;;32;205;;;;
58;typing;1;RenderText;168;168;32;172;258;50;0;0;Bonjour, A;32;173;;32;189;;32;205;;;;
59;typing;1;RenderText;168;168;32;172;258;50;0;0;Bonjour, Al;32;173;;32;189;;32;205;;;;
60;typing;1;RenderText;168;168;32;172;258;50;0;0;Bonjour, Al;32;173;;32;189;;32;205;;;;
61;typing;1;RenderText;168;168;32;172;258;50;0;0;Bonjour, Al;32;173;;32;189;;32;205;;;;
62;typing;1;RenderText;168;168;32;172;258;50;0;0;Bonjour, Al;32;173;;32;189;;32;205;;;;
63;typing;1;RenderText;168;168;32;172;258;50;0;0;Bonjour, Alu;32;173;;32;189;;32;205;;;;
64;typing;1;RenderText;168;168;32;172;258;50;0;0;Bonjour, Alu;32;173;;32;189;;32;205;;;;
65;typing;1;RenderText;168;168;32;172;258;50;0;0;Bonjour, Alu;32;173;;32;189;;32;205;;;;
66;typing;1;RenderText;168;168;32;172;258;50;0;0;Bonjour, Alu;32;173;;32;189;;32;205;;;;
67;typing;1;RenderText;168;168;32;172;258;50;0;0;Bonjour, Alun;32;173;;32;189;;32;205;;;;
68;typing;1;RenderText;168;168;32;172;258;50;0;0;Bonjour, Alun;32;173;;32;189;;32;205;;;;
69;typing;1;RenderText;168;168;32;172;258;50;0;0;Bonjour, Alun;32;173;;32;189;;32;205;;;;
70;typing;1;RenderText;168;168;32;172;258;50;0;0;Bonjour, Alun;32;173;;32;189;;32;205;;;;
71;typing;1;RenderText;168;168;32;172;258;50;0;0;Bonjour, Alund;32;173;;32;189;;32;205;;;;
72;typing;1;RenderText;168;168;32;172;258;50;0;0;Bonjour, Alund;32;173;;32;189;;32;205;;;;
73;typing;1;RenderText;168;168;32;172;258;50;0;0;Bonjour, Alund;32;173;;32;189;;32;205;;;;
74;typing;1;RenderText;168;168;32;172;258;50;0;0;Bonjour, Alund;32;173;;32;189;;32;205;;;;
75;typing;1;RenderText;168;168;32;172;258;50;0;0;Bonjour, Alundr;32;173;;32;189;;32;205;;;;
76;typing;1;RenderText;168;168;32;172;258;50;0;0;Bonjour, Alundr;32;173;;32;189;;32;205;;;;
77;typing;1;RenderText;168;168;32;172;258;50;0;0;Bonjour, Alundr;32;173;;32;189;;32;205;;;;
78;typing;1;RenderText;168;168;32;172;258;50;0;0;Bonjour, Alundr;32;173;;32;189;;32;205;;;;
79;typing;1;RenderText;168;168;32;172;258;50;0;0;Bonjour, Alundra;32;173;;32;189;;32;205;;;;
80;typing;1;RenderText;168;168;32;172;258;50;0;0;Bonjour, Alundra;32;173;;32;189;;32;205;;;;
81;typing;1;RenderText;168;168;32;172;258;50;0;0;Bonjour, Alundra;32;173;;32;189;;32;205;;;;
82;typing;1;RenderText;168;168;32;172;258;50;0;0;Bonjour, Alundra;32;173;;32;189;;32;205;;;;
83;typing;1;RenderText;168;168;32;172;258;50;0;0;Bonjour, Alundra ;32;173;;32;189;;32;205;;;;
84;typing;1;RenderText;168;168;32;172;258;50;0;0;Bonjour, Alundra ;32;173;;32;189;;32;205;;;;
85;typing;1;RenderText;168;168;32;172;258;50;0;0;Bonjour, Alundra ;32;173;;32;189;;32;205;;;;
86;typing;1;RenderText;168;168;32;172;258;50;0;0;Bonjour, Alundra ;32;173;;32;189;;32;205;;;;
87;typing;1;RenderText;168;168;32;172;258;50;0;0;Bonjour, Alundra !;32;173;;32;189;;32;205;;;;
88;typing;1;RenderText;168;168;32;172;258;50;0;0;Bonjour, Alundra !;32;173;;32;189;;32;205;;;;
89;typing;1;RenderText;168;168;32;172;258;50;0;0;Bonjour, Alundra !;32;173;;32;189;;32;205;;;;
90;typing;1;RenderText;168;168;32;172;258;50;0;0;Bonjour, Alundra !;32;173;;32;189;;32;205;;;;
91;typing;1;RenderText;168;168;32;172;258;50;0;0;Bonjour, Alundra !;32;173;;32;189;;32;205;;;;
92;typing;1;RenderText;168;168;32;172;258;50;0;0;Bonjour, Alundra !;32;173;;32;189;;32;205;;;;
93;typing;1;RenderText;168;168;32;172;258;50;0;0;Bonjour, Alundra !;32;173;;32;189;;32;205;;;;
94;typing;1;RenderText;168;168;32;172;258;50;0;0;Bonjour, Alundra !;32;173;;32;189;;32;205;;;;
95;typing;1;RenderText;168;168;32;172;258;50;0;0;Bonjour, Alundra !;32;173;d;32;189;;32;205;;;;
96;typing;1;RenderText;168;168;32;172;258;50;0;0;Bonjour, Alundra !;32;173;d;32;189;;32;205;;;;
97;typing;1;RenderText;168;168;32;172;258;50;0;0;Bonjour, Alundra !;32;173;d;32;189;;32;205;;;;
98;typing;1;RenderText;168;168;32;172;258;50;0;0;Bonjour, Alundra !;32;173;d;32;189;;32;205;;;;
99;typing;1;RenderText;168;168;32;172;258;50;0;0;Bonjour, Alundra !;32;173;de;32;189;;32;205;;;;
100;typing;1;RenderText;168;168;32;172;258;50;0;0;Bonjour, Alundra !;32;173;de;32;189;;32;205;;;;
101;typing;1;RenderText;168;168;32;172;258;50;0;0;Bonjour, Alundra !;32;173;de;32;189;;32;205;;;;
102;typing;1;RenderText;168;168;32;172;258;50;0;0;Bonjour, Alundra !;32;173;de;32;189;;32;205;;;;
103;typing;1;RenderText;168;168;32;172;258;50;0;0;Bonjour, Alundra !;32;173;deu;32;189;;32;205;;;;
104;typing;1;RenderText;168;168;32;172;258;50;0;0;Bonjour, Alundra !;32;173;deu;32;189;;32;205;;;;
105;typing;1;RenderText;168;168;32;172;258;50;0;0;Bonjour, Alundra !;32;173;deu;32;189;;32;205;;;;
106;typing;1;RenderText;168;168;32;172;258;50;0;0;Bonjour, Alundra !;32;173;deu;32;189;;32;205;;;;
107;typing;1;RenderText;168;168;32;172;258;50;0;0;Bonjour, Alundra !;32;173;deux;32;189;;32;205;;;;
108;typing;1;RenderText;168;168;32;172;258;50;0;0;Bonjour, Alundra !;32;173;deux;32;189;;32;205;;;;
109;typing;1;RenderText;168;168;32;172;258;50;0;0;Bonjour, Alundra !;32;173;deux;32;189;;32;205;;;;
110;typing;1;RenderText;168;168;32;172;258;50;0;0;Bonjour, Alundra !;32;173;deux;32;189;;32;205;;;;
111;typing;1;RenderText;168;168;32;172;258;50;0;0;Bonjour, Alundra !;32;173;deuxi;32;189;;32;205;;;;
112;typing;1;RenderText;168;168;32;172;258;50;0;0;Bonjour, Alundra !;32;173;deuxi;32;189;;32;205;;;;
113;typing;1;RenderText;168;168;32;172;258;50;0;0;Bonjour, Alundra !;32;173;deuxi;32;189;;32;205;;;;
114;typing;1;RenderText;168;168;32;172;258;50;0;0;Bonjour, Alundra !;32;173;deuxi;32;189;;32;205;;;;
115;typing;1;RenderText;168;168;32;172;258;50;0;0;Bonjour, Alundra !;32;173;deuxiè;32;189;;32;205;;;;
116;typing;1;RenderText;168;168;32;172;258;50;0;0;Bonjour, Alundra !;32;173;deuxiè;32;189;;32;205;;;;
117;typing;1;RenderText;168;168;32;172;258;50;0;0;Bonjour, Alundra !;32;173;deuxiè;32;189;;32;205;;;;
118;typing;1;RenderText;168;168;32;172;258;50;0;0;Bonjour, Alundra !;32;173;deuxiè;32;189;;32;205;;;;
119;typing;1;RenderText;168;168;32;172;258;50;0;0;Bonjour, Alundra !;32;173;deuxièm;32;189;;32;205;;;;
120;typing;1;RenderText;168;168;32;172;258;50;0;0;Bonjour, Alundra !;32;173;deuxièm;32;189;;32;205;;;;
121;typing;1;RenderText;168;168;32;172;258;50;0;0;Bonjour, Alundra !;32;173;deuxièm;32;189;;32;205;;;;
122;typing;1;RenderText;168;168;32;172;258;50;0;0;Bonjour, Alundra !;32;173;deuxièm;32;189;;32;205;;;;
123;typing;1;RenderText;168;168;32;172;258;50;0;0;Bonjour, Alundra !;32;173;deuxième;32;189;;32;205;;;;
124;typing;1;RenderText;168;168;32;172;258;50;0;0;Bonjour, Alundra !;32;173;deuxième;32;189;;32;205;;;;
125;typing;1;RenderText;168;168;32;172;258;50;0;0;Bonjour, Alundra !;32;173;deuxième;32;189;;32;205;;;;
126;typing;1;RenderText;168;168;32;172;258;50;0;0;Bonjour, Alundra !;32;173;deuxième;32;189;;32;205;;;;
127;typing;1;RenderText;168;168;32;172;258;50;0;0;Bonjour, Alundra !;32;173;deuxième ;32;189;;32;205;;;;
128;typing;1;RenderText;168;168;32;172;258;50;0;0;Bonjour, Alundra !;32;173;deuxième ;32;189;;32;205;;;;
129;typing;1;RenderText;168;168;32;172;258;50;0;0;Bonjour, Alundra !;32;173;deuxième ;32;189;;32;205;;;;
130;typing;1;RenderText;168;168;32;172;258;50;0;0;Bonjour, Alundra !;32;173;deuxième ;32;189;;32;205;;;;
131;typing;1;RenderText;168;168;32;172;258;50;0;0;Bonjour, Alundra !;32;173;deuxième l;32;189;;32;205;;;;
132;typing;1;RenderText;168;168;32;172;258;50;0;0;Bonjour, Alundra !;32;173;deuxième l;32;189;;32;205;;;;
133;typing;1;RenderText;168;168;32;172;258;50;0;0;Bonjour, Alundra !;32;173;deuxième l;32;189;;32;205;;;;
134;typing;1;RenderText;168;168;32;172;258;50;0;0;Bonjour, Alundra !;32;173;deuxième l;32;189;;32;205;;;;
135;typing;1;RenderText;168;168;32;172;258;50;0;0;Bonjour, Alundra !;32;173;deuxième li;32;189;;32;205;;;;
136;typing;1;RenderText;168;168;32;172;258;50;0;0;Bonjour, Alundra !;32;173;deuxième li;32;189;;32;205;;;;
137;typing;1;RenderText;168;168;32;172;258;50;0;0;Bonjour, Alundra !;32;173;deuxième li;32;189;;32;205;;;;
138;typing;1;RenderText;168;168;32;172;258;50;0;0;Bonjour, Alundra !;32;173;deuxième li;32;189;;32;205;;;;
139;typing;1;RenderText;168;168;32;172;258;50;0;0;Bonjour, Alundra !;32;173;deuxième lig;32;189;;32;205;;;;
140;typing;1;RenderText;168;168;32;172;258;50;0;0;Bonjour, Alundra !;32;173;deuxième lig;32;189;;32;205;;;;
141;typing;1;RenderText;168;168;32;172;258;50;0;0;Bonjour, Alundra !;32;173;deuxième lig;32;189;;32;205;;;;
142;typing;1;RenderText;168;168;32;172;258;50;0;0;Bonjour, Alundra !;32;173;deuxième lig;32;189;;32;205;;;;
143;typing;1;RenderText;168;168;32;172;258;50;0;0;Bonjour, Alundra !;32;173;deuxième lign;32;189;;32;205;;;;
144;typing;1;RenderText;168;168;32;172;258;50;0;0;Bonjour, Alundra !;32;173;deuxième lign;32;189;;32;205;;;;
145;typing;1;RenderText;168;168;32;172;258;50;0;0;Bonjour, Alundra !;32;173;deuxième lign;32;189;;32;205;;;;
146;typing;1;RenderText;168;168;32;172;258;50;0;0;Bonjour, Alundra !;32;173;deuxième lign;32;189;;32;205;;;;
147;typing;1;RenderText;168;168;32;172;258;50;0;0;Bonjour, Alundra !;32;173;deuxième ligne;32;189;;32;205;;;;
148;typing;1;RenderText;168;168;32;172;258;50;0;0;Bonjour, Alundra !;32;173;deuxième ligne;32;189;;32;205;;;;
149;typing;1;RenderText;168;168;32;172;258;50;0;0;Bonjour, Alundra !;32;173;deuxième ligne;32;189;;32;205;;;;
150;typing;1;RenderText;168;168;32;172;258;50;0;0;Bonjour, Alundra !;32;173;deuxième ligne;32;189;;32;205;;;;
151;typed;1;RenderText;168;168;32;172;258;50;0;0;Bonjour, Alundra !;32;173;deuxième ligne;32;189;;32;205;;;;
152;typed;1;RenderText;168;168;32;172;258;50;0;0;Bonjour, Alundra !;32;173;deuxième ligne;32;189;;32;205;;;;
153;typed;1;RenderText;168;168;32;172;258;50;0;0;Bonjour, Alundra !;32;173;deuxième ligne;32;189;;32;205;;;;
154;typed;1;RenderText;168;168;32;172;258;50;0;0;Bonjour, Alundra !;32;173;deuxième ligne;32;189;;32;205;;;;
155;typed;1;RenderText;168;168;32;172;258;50;0;0;Bonjour, Alundra !;32;173;deuxième ligne;32;189;;32;205;;;;
156;typed;1;RenderText;168;168;32;172;258;50;0;0;Bonjour, Alundra !;32;173;deuxième ligne;32;189;;32;205;;;;
157;typed;1;RenderText;168;168;32;172;258;50;0;0;Bonjour, Alundra !;32;173;deuxième ligne;32;189;;32;205;;;;
158;typed;1;RenderText;168;168;32;172;258;50;0;0;Bonjour, Alundra !;32;173;deuxième ligne;32;189;;32;205;;;;
159;typed;1;RenderText;168;168;32;172;258;50;0;0;Bonjour, Alundra !;32;173;deuxième ligne;32;189;;32;205;;;;
160;typed;1;RenderText;168;168;32;172;258;50;0;0;Bonjour, Alundra !;32;173;deuxième ligne;32;189;;32;205;;;;
161;typed;1;RenderText;168;168;32;172;258;50;0;0;Bonjour, Alundra !;32;173;deuxième ligne;32;189;;32;205;;;;
162;typed;1;RenderText;168;168;32;172;258;50;0;0;Bonjour, Alundra !;32;173;deuxième ligne;32;189;;32;205;;;;
163;typed;1;RenderText;168;168;32;172;258;50;0;0;Bonjour, Alundra !;32;173;deuxième ligne;32;189;;32;205;;;;
164;typed;1;RenderText;168;168;32;172;258;50;0;0;Bonjour, Alundra !;32;173;deuxième ligne;32;189;;32;205;;;;
165;typed;1;RenderText;168;168;32;172;258;50;0;0;Bonjour, Alundra !;32;173;deuxième ligne;32;189;;32;205;;;;
166;typed;1;RenderText;168;168;32;172;258;50;0;0;Bonjour, Alundra !;32;173;deuxième ligne;32;189;;32;205;;;;
167;typed;1;RenderText;168;168;32;172;258;50;0;0;Bonjour, Alundra !;32;173;deuxième ligne;32;189;;32;205;;;;
168;typed;1;RenderText;168;168;32;172;258;50;0;0;Bonjour, Alundra !;32;173;deuxième ligne;32;189;;32;205;;;;
169;typed;1;RenderText;168;168;32;172;258;50;0;0;Bonjour, Alundra !;32;173;deuxième ligne;32;189;;32;205;;;;
170;typed;1;RenderText;168;168;32;172;258;50;0;0;Bonjour, Alundra !;32;173;deuxième ligne;32;189;;32;205;;;;
171;typed;1;RenderText;168;168;32;172;258;50;0;0;Bonjour, Alundra !;32;173;deuxième ligne;32;189;;32;205;;;;
172;typed;1;RenderText;168;168;32;172;258;50;0;0;Bonjour, Alundra !;32;173;deuxième ligne;32;189;;32;205;;;;
173;typed;1;RenderText;168;168;32;172;258;50;0;0;Bonjour, Alundra !;32;173;deuxième ligne;32;189;;32;205;;;;
174;typed;1;RenderText;168;168;32;172;258;50;0;0;Bonjour, Alundra !;32;173;deuxième ligne;32;189;;32;205;;;;
175;typed;1;RenderText;168;168;32;172;258;50;0;0;Bonjour, Alundra !;32;173;deuxième ligne;32;189;;32;205;;;;
176;typed;1;RenderText;168;168;32;172;258;50;0;0;Bonjour, Alundra !;32;173;deuxième ligne;32;189;;32;205;;;;
177;typed;1;RenderText;168;168;32;172;258;50;0;0;Bonjour, Alundra !;32;173;deuxième ligne;32;189;;32;205;;;;
178;typed;1;RenderText;168;168;32;172;258;50;0;0;Bonjour, Alundra !;32;173;deuxième ligne;32;189;;32;205;;;;
179;typed;1;RenderText;168;168;32;172;258;50;0;0;Bonjour, Alundra !;32;173;deuxième ligne;32;189;;32;205;;;;
180;typed;1;RenderText;168;168;32;172;258;50;0;0;Bonjour, Alundra !;32;173;deuxième ligne;32;189;;32;205;;;;
181;typed;1;RenderText;168;168;32;172;258;50;0;0;Bonjour, Alundra !;32;173;deuxième ligne;32;189;;32;205;;;;
182;typed;1;RenderText;168;168;32;172;258;50;0;0;Bonjour, Alundra !;32;173;deuxième ligne;32;189;;32;205;;;;
183;typed;1;RenderText;168;168;32;172;258;50;0;0;Bonjour, Alundra !;32;173;deuxième ligne;32;189;;32;205;;;;
184;typed;1;RenderText;168;168;32;172;258;50;0;0;Bonjour, Alundra !;32;173;deuxième ligne;32;189;;32;205;;;;
185;typed;1;RenderText;168;168;32;172;258;50;0;0;Bonjour, Alundra !;32;173;deuxième ligne;32;189;;32;205;;;;
186;typed;1;RenderText;168;168;32;172;258;50;0;0;Bonjour, Alundra !;32;173;deuxième ligne;32;189;;32;205;;;;
187;typed;1;RenderText;168;168;32;172;258;50;0;0;Bonjour, Alundra !;32;173;deuxième ligne;32;189;;32;205;;;;
188;typed;1;RenderText;168;168;32;172;258;50;0;0;Bonjour, Alundra !;32;173;deuxième ligne;32;189;;32;205;;;;
189;typed;1;RenderText;168;168;32;172;258;50;0;0;Bonjour, Alundra !;32;173;deuxième ligne;32;189;;32;205;;;;
190;typed;1;RenderText;168;168;32;172;258;50;0;0;Bonjour, Alundra !;32;173;deuxième ligne;32;189;;32;205;;;;
191;typed;1;RenderText;168;168;32;172;258;50;0;0;Bonjour, Alundra !;32;173;deuxième ligne;32;189;;32;205;;;;
192;typed;1;RenderText;168;168;32;172;258;50;0;0;Bonjour, Alundra !;32;173;deuxième ligne;32;189;;32;205;;;;
193;typed;1;RenderText;168;168;32;172;258;50;0;0;Bonjour, Alundra !;32;173;deuxième ligne;32;189;;32;205;;;;
194;typed;1;RenderText;168;168;32;172;258;50;0;0;Bonjour, Alundra !;32;173;deuxième ligne;32;189;;32;205;;;;
195;typed;1;RenderText;168;168;32;172;258;50;0;0;Bonjour, Alundra !;32;173;deuxième ligne;32;189;;32;205;;;;
196;typed;1;RenderText;168;168;32;172;258;50;0;0;Bonjour, Alundra !;32;173;deuxième ligne;32;189;;32;205;;;;
197;typed;1;RenderText;168;168;32;172;258;50;0;0;Bonjour, Alundra !;32;173;deuxième ligne;32;189;;32;205;;;;
198;typed;1;RenderText;168;168;32;172;258;50;0;0;Bonjour, Alundra !;32;173;deuxième ligne;32;189;;32;205;;;;
199;typed;1;RenderText;168;168;32;172;258;50;0;0;Bonjour, Alundra !;32;173;deuxième ligne;32;189;;32;205;;;;
200;typed;1;RenderText;168;168;32;172;258;50;0;0;Bonjour, Alundra !;32;173;deuxième ligne;32;189;;32;205;;;;
201;typed;1;RenderText;168;168;32;172;258;50;0;0;Bonjour, Alundra !;32;173;deuxième ligne;32;189;;32;205;;;;
202;typed;1;RenderText;168;168;32;172;258;50;0;0;Bonjour, Alundra !;32;173;deuxième ligne;32;189;;32;205;;;;
203;typed;1;RenderText;168;168;32;172;258;50;0;0;Bonjour, Alundra !;32;173;deuxième ligne;32;189;;32;205;;;;
204;typed;1;RenderText;168;168;32;172;258;50;0;0;Bonjour, Alundra !;32;173;deuxième ligne;32;189;;32;205;;;;
205;typed;1;RenderText;168;168;32;172;258;50;0;0;Bonjour, Alundra !;32;173;deuxième ligne;32;189;;32;205;;;;
206;typed;1;RenderText;168;168;32;172;258;50;0;0;Bonjour, Alundra !;32;173;deuxième ligne;32;189;;32;205;;;;
207;typed;1;RenderText;168;168;32;172;258;50;0;0;Bonjour, Alundra !;32;173;deuxième ligne;32;189;;32;205;;;;
208;typed;1;RenderText;168;168;32;172;258;50;0;0;Bonjour, Alundra !;32;173;deuxième ligne;32;189;;32;205;;;;
209;typed;1;RenderText;168;168;32;172;258;50;0;0;Bonjour, Alundra !;32;173;deuxième ligne;32;189;;32;205;;;;
210;typed;1;RenderText;168;168;32;172;258;50;0;0;Bonjour, Alundra !;32;173;deuxième ligne;32;189;;32;205;;;;
211;typed;1;RenderText;168;168;32;172;258;50;0;0;Bonjour, Alundra !;32;173;deuxième ligne;32;189;;32;205;;;;
212;typed;1;RenderText;168;168;32;172;258;50;0;0;Bonjour, Alundra !;32;173;deuxième ligne;32;189;;32;205;;;;
213;typed;1;RenderText;168;168;32;172;258;50;0;0;Bonjour, Alundra !;32;173;deuxième ligne;32;189;;32;205;;;;
214;typed;1;RenderText;168;168;32;172;258;50;0;0;Bonjour, Alundra !;32;173;deuxième ligne;32;189;;32;205;;;;
215;typed;1;RenderText;168;168;32;172;258;50;0;0;Bonjour, Alundra !;32;173;deuxième ligne;32;189;;32;205;;;;
216;typed;1;RenderText;168;168;32;172;258;50;0;0;Bonjour, Alundra !;32;173;deuxième ligne;32;189;;32;205;;;;
217;typed;1;RenderText;168;168;32;172;258;50;0;0;Bonjour, Alundra !;32;173;deuxième ligne;32;189;;32;205;;;;
218;typed;1;RenderText;168;168;32;172;258;50;0;0;Bonjour, Alundra !;32;173;deuxième ligne;32;189;;32;205;;;;
219;typed;1;RenderText;168;168;32;172;258;50;0;0;Bonjour, Alundra !;32;173;deuxième ligne;32;189;;32;205;;;;
220;typed;1;RenderText;168;168;32;172;258;50;0;0;Bonjour, Alundra !;32;173;deuxième ligne;32;189;;32;205;;;;
221;typed;1;RenderText;168;168;32;172;258;50;0;0;Bonjour, Alundra !;32;173;deuxième ligne;32;189;;32;205;;;;
222;typed;1;RenderText;168;168;32;172;258;50;0;0;Bonjour, Alundra !;32;173;deuxième ligne;32;189;;32;205;;;;
223;typed;1;RenderText;168;168;32;172;258;50;0;0;Bonjour, Alundra !;32;173;deuxième ligne;32;189;;32;205;;;;
224;typed;1;RenderText;168;168;32;172;258;50;0;0;Bonjour, Alundra !;32;173;deuxième ligne;32;189;;32;205;;;;
225;typed;1;RenderText;168;168;32;172;258;50;0;0;Bonjour, Alundra !;32;173;deuxième ligne;32;189;;32;205;;;;
226;typed;1;RenderText;168;168;32;172;258;50;0;0;Bonjour, Alundra !;32;173;deuxième ligne;32;189;;32;205;;;;
227;typed;1;RenderText;168;168;32;172;258;50;0;0;Bonjour, Alundra !;32;173;deuxième ligne;32;189;;32;205;;;;
228;typed;1;RenderText;168;168;32;172;258;50;0;0;Bonjour, Alundra !;32;173;deuxième ligne;32;189;;32;205;;;;
229;typed;1;RenderText;168;168;32;172;258;50;0;0;Bonjour, Alundra !;32;173;deuxième ligne;32;189;;32;205;;;;
230;typed;1;RenderText;168;168;32;172;258;50;0;0;Bonjour, Alundra !;32;173;deuxième ligne;32;189;;32;205;;;;
231;typed;1;RenderText;168;168;32;172;258;50;0;0;Bonjour, Alundra !;32;173;deuxième ligne;32;189;;32;205;;;;
232;typed;1;RenderText;168;168;32;172;258;50;0;0;Bonjour, Alundra !;32;173;deuxième ligne;32;189;;32;205;;;;
233;typed;1;RenderText;168;168;32;172;258;50;0;0;Bonjour, Alundra !;32;173;deuxième ligne;32;189;;32;205;;;;
234;typed;1;RenderText;168;168;32;172;258;50;0;0;Bonjour, Alundra !;32;173;deuxième ligne;32;189;;32;205;;;;
235;typed;1;RenderText;168;168;32;172;258;50;0;0;Bonjour, Alundra !;32;173;deuxième ligne;32;189;;32;205;;;;
236;typed;1;RenderText;168;168;32;172;258;50;0;0;Bonjour, Alundra !;32;173;deuxième ligne;32;189;;32;205;;;;
237;typed;1;RenderText;168;168;32;172;258;50;0;0;Bonjour, Alundra !;32;173;deuxième ligne;32;189;;32;205;;;;
238;typed;1;RenderText;168;168;32;172;258;50;0;0;Bonjour, Alundra !;32;173;deuxième ligne;32;189;;32;205;;;;
239;typed;1;RenderText;168;168;32;172;258;50;0;0;Bonjour, Alundra !;32;173;deuxième ligne;32;189;;32;205;;;;
240;typed;1;RenderText;168;168;32;172;258;50;0;0;Bonjour, Alundra !;32;173;deuxième ligne;32;189;;32;205;;;;
241;typed;1;RenderText;168;168;32;172;258;50;0;0;Bonjour, Alundra !;32;173;deuxième ligne;32;189;;32;205;;;;
242;typed;1;RenderText;168;168;32;172;258;50;0;0;Bonjour, Alundra !;32;173;deuxième ligne;32;189;;32;205;;;;
243;typed;1;RenderText;168;168;32;172;258;50;0;0;Bonjour, Alundra !;32;173;deuxième ligne;32;189;;32;205;;;;
244;typed;1;RenderText;168;168;32;172;258;50;0;0;Bonjour, Alundra !;32;173;deuxième ligne;32;189;;32;205;;;;
245;typed;1;RenderText;168;168;32;172;258;50;0;0;Bonjour, Alundra !;32;173;deuxième ligne;32;189;;32;205;;;;
246;typed;1;RenderText;168;168;32;172;258;50;0;0;Bonjour, Alundra !;32;173;deuxième ligne;32;189;;32;205;;;;
247;typed;1;RenderText;168;168;32;172;258;50;0;0;Bonjour, Alundra !;32;173;deuxième ligne;32;189;;32;205;;;;
248;typed;1;RenderText;168;168;32;172;258;50;0;0;Bonjour, Alundra !;32;173;deuxième ligne;32;189;;32;205;;;;
249;typed;1;RenderText;168;168;32;172;258;50;0;0;Bonjour, Alundra !;32;173;deuxième ligne;32;189;;32;205;;;;
250;typed;1;RenderText;168;168;32;172;258;50;0;0;Bonjour, Alundra !;32;173;deuxième ligne;32;189;;32;205;;;;
251;typed;1;RenderText;168;168;32;172;258;50;0;0;Bonjour, Alundra !;32;173;deuxième ligne;32;189;;32;205;;;;
252;typed;1;RenderText;168;168;32;172;258;50;0;0;Bonjour, Alundra !;32;173;deuxième ligne;32;189;;32;205;;;;
253;typed;1;RenderText;168;168;32;172;258;50;0;0;Bonjour, Alundra !;32;173;deuxième ligne;32;189;;32;205;;;;
254;typed;1;RenderText;168;168;32;172;258;50;0;0;Bonjour, Alundra !;32;173;deuxième ligne;32;189;;32;205;;;;
255;typed;1;RenderText;168;168;32;172;258;50;0;0;Bonjour, Alundra !;32;173;deuxième ligne;32;189;;32;205;;;;
256;typed;1;RenderText;168;168;32;172;258;50;0;0;Bonjour, Alundra !;32;173;deuxième ligne;32;189;;32;205;;;;
257;typed;1;RenderText;168;168;32;172;258;50;0;0;Bonjour, Alundra !;32;173;deuxième ligne;32;189;;32;205;;;;
258;typed;1;RenderText;168;168;32;172;258;50;0;0;Bonjour, Alundra !;32;173;deuxième ligne;32;189;;32;205;;;;
259;typed;1;RenderText;168;168;32;172;258;50;0;0;Bonjour, Alundra !;32;173;deuxième ligne;32;189;;32;205;;;;
260;typed;1;RenderText;168;168;32;172;258;50;0;0;Bonjour, Alundra !;32;173;deuxième ligne;32;189;;32;205;;;;
261;typed;1;RenderText;168;168;32;172;258;50;0;0;Bonjour, Alundra !;32;173;deuxième ligne;32;189;;32;205;;;;
262;typed;1;RenderText;168;168;32;172;258;50;0;0;Bonjour, Alundra !;32;173;deuxième ligne;32;189;;32;205;;;;
263;typed;1;RenderText;168;168;32;172;258;50;0;0;Bonjour, Alundra !;32;173;deuxième ligne;32;189;;32;205;;;;
264;typed;1;RenderText;168;168;32;172;258;50;0;0;Bonjour, Alundra !;32;173;deuxième ligne;32;189;;32;205;;;;
265;typed;1;RenderText;168;168;32;172;258;50;0;0;Bonjour, Alundra !;32;173;deuxième ligne;32;189;;32;205;;;;
266;typed;1;RenderText;168;168;32;172;258;50;0;0;Bonjour, Alundra !;32;173;deuxième ligne;32;189;;32;205;;;;
267;typed;1;RenderText;168;168;32;172;258;50;0;0;Bonjour, Alundra !;32;173;deuxième ligne;32;189;;32;205;;;;
268;typed;1;RenderText;168;168;32;172;258;50;0;0;Bonjour, Alundra !;32;173;deuxième ligne;32;189;;32;205;;;;
269;typed;1;RenderText;168;168;32;172;258;50;0;0;Bonjour, Alundra !;32;173;deuxième ligne;32;189;;32;205;;;;
270;typed;1;RenderText;168;168;32;172;258;50;0;0;Bonjour, Alundra !;32;173;deuxième ligne;32;189;;32;205;;;;
271;typed;1;RenderText;168;168;32;172;258;50;0;0;Bonjour, Alundra !;32;173;deuxième ligne;32;189;;32;205;;;;
272;typed;1;RenderText;168;168;32;172;258;50;0;0;Bonjour, Alundra !;32;173;deuxième ligne;32;189;;32;205;;;;
273;typed;1;RenderText;168;168;32;172;258;50;0;0;Bonjour, Alundra !;32;173;deuxième ligne;32;189;;32;205;;;;
274;typed;1;RenderText;168;168;32;172;258;50;0;0;Bonjour, Alundra !;32;173;deuxième ligne;32;189;;32;205;;;;
275;typed;1;RenderText;168;168;32;172;258;50;0;0;Bonjour, Alundra !;32;173;deuxième ligne;32;189;;32;205;;;;
276;typed;1;RenderText;168;168;32;172;258;50;0;0;Bonjour, Alundra !;32;173;deuxième ligne;32;189;;32;205;;;;
277;typed;1;RenderText;168;168;32;172;258;50;0;0;Bonjour, Alundra !;32;173;deuxième ligne;32;189;;32;205;;;;
278;typed;1;RenderText;168;168;32;172;258;50;0;0;Bonjour, Alundra !;32;173;deuxième ligne;32;189;;32;205;;;;
279;typed;1;RenderText;168;168;32;172;258;50;0;0;Bonjour, Alundra !;32;173;deuxième ligne;32;189;;32;205;;;;
280;typed;1;RenderText;168;168;32;172;258;50;0;0;Bonjour, Alundra !;32;173;deuxième ligne;32;189;;32;205;;;;
281;typed;1;RenderText;168;168;32;172;258;50;0;0;Bonjour, Alundra !;32;173;deuxième ligne;32;189;;32;205;;;;
282;typed;1;RenderText;168;168;32;172;258;50;0;0;Bonjour, Alundra !;32;173;deuxième ligne;32;189;;32;205;;;;
283;typed;1;RenderText;168;168;32;172;258;50;0;0;Bonjour, Alundra !;32;173;deuxième ligne;32;189;;32;205;;;;
284;typed;1;RenderText;168;168;32;172;258;50;0;0;Bonjour, Alundra !;32;173;deuxième ligne;32;189;;32;205;;;;
285;typed;1;RenderText;168;168;32;172;258;50;0;0;Bonjour, Alundra !;32;173;deuxième ligne;32;189;;32;205;;;;
286;typed;1;RenderText;168;168;32;172;258;50;0;0;Bonjour, Alundra !;32;173;deuxième ligne;32;189;;32;205;;;;
287;typed;1;RenderText;168;168;32;172;258;50;0;0;Bonjour, Alundra !;32;173;deuxième ligne;32;189;;32;205;;;;
288;typed;1;RenderText;168;168;32;172;258;50;0;0;Bonjour, Alundra !;32;173;deuxième ligne;32;189;;32;205;;;;
289;typed;1;RenderText;168;168;32;172;258;50;0;0;Bonjour, Alundra !;32;173;deuxième ligne;32;189;;32;205;;;;
290;typed;1;RenderText;168;168;32;172;258;50;0;0;Bonjour, Alundra !;32;173;deuxième ligne;32;189;;32;205;;;;
291;typed;1;RenderText;168;168;32;172;258;50;0;0;Bonjour, Alundra !;32;173;deuxième ligne;32;189;;32;205;;;;
292;typed;1;RenderText;168;168;32;172;258;50;0;0;Bonjour, Alundra !;32;173;deuxième ligne;32;189;;32;205;;;;
293;typed;1;RenderText;168;168;32;172;258;50;0;0;Bonjour, Alundra !;32;173;deuxième ligne;32;189;;32;205;;;;
294;typed;1;RenderText;168;168;32;172;258;50;0;0;Bonjour, Alundra !;32;173;deuxième ligne;32;189;;32;205;;;;
295;typed;1;RenderText;168;168;32;172;258;50;0;0;Bonjour, Alundra !;32;173;deuxième ligne;32;189;;32;205;;;;
296;typed;1;RenderText;168;168;32;172;258;50;0;0;Bonjour, Alundra !;32;173;deuxième ligne;32;189;;32;205;;;;
297;typed;1;RenderText;168;168;32;172;258;50;0;0;Bonjour, Alundra !;32;173;deuxième ligne;32;189;;32;205;;;;
298;typed;1;RenderText;168;168;32;172;258;50;0;0;Bonjour, Alundra !;32;173;deuxième ligne;32;189;;32;205;;;;
299;typed;1;RenderText;168;168;32;172;258;50;0;0;Bonjour, Alundra !;32;173;deuxième ligne;32;189;;32;205;;;;
300;typed;1;RenderText;168;168;32;172;258;50;0;0;Bonjour, Alundra !;32;173;deuxième ligne;32;189;;32;205;;;;
301;typed;1;RenderText;168;168;32;172;258;50;0;0;Bonjour, Alundra !;32;173;deuxième ligne;32;189;;32;205;;;;
302;typed;1;RenderText;168;168;32;172;258;50;0;0;Bonjour, Alundra !;32;173;deuxième ligne;32;189;;32;205;;;;
303;typed;1;RenderText;168;168;32;172;258;50;0;0;Bonjour, Alundra !;32;173;deuxième ligne;32;189;;32;205;;;;
304;typed;1;RenderText;168;168;32;172;258;50;0;0;Bonjour, Alundra !;32;173;deuxième ligne;32;189;;32;205;;;;
305;typed;1;RenderText;168;168;32;172;258;50;0;0;Bonjour, Alundra !;32;173;deuxième ligne;32;189;;32;205;;;;
306;typed;1;RenderText;168;168;32;172;258;50;0;0;Bonjour, Alundra !;32;173;deuxième ligne;32;189;;32;205;;;;
307;typed;1;RenderText;168;168;32;172;258;50;0;0;Bonjour, Alundra !;32;173;deuxième ligne;32;189;;32;205;;;;
308;typed;1;RenderText;168;168;32;172;258;50;0;0;Bonjour, Alundra !;32;173;deuxième ligne;32;189;;32;205;;;;
309;typed;1;RenderText;168;168;32;172;258;50;0;0;Bonjour, Alundra !;32;173;deuxième ligne;32;189;;32;205;;;;
310;typed;1;RenderText;168;168;32;172;258;50;0;0;Bonjour, Alundra !;32;173;deuxième ligne;32;189;;32;205;;;;
311;typed;1;RenderText;168;168;32;172;258;50;0;0;Bonjour, Alundra !;32;173;deuxième ligne;32;189;;32;205;;;;
312;typed;1;RenderText;168;168;32;172;258;50;0;0;Bonjour, Alundra !;32;173;deuxième ligne;32;189;;32;205;;;;
313;typed;1;RenderText;168;168;32;172;258;50;0;0;Bonjour, Alundra !;32;173;deuxième ligne;32;189;;32;205;;;;
314;typed;1;RenderText;168;168;32;172;258;50;0;0;Bonjour, Alundra !;32;173;deuxième ligne;32;189;;32;205;;;;
315;typed;1;RenderText;168;168;32;172;258;50;0;0;Bonjour, Alundra !;32;173;deuxième ligne;32;189;;32;205;;;;
316;typed;1;RenderText;168;168;32;172;258;50;0;0;Bonjour, Alundra !;32;173;deuxième ligne;32;189;;32;205;;;;
317;typed;1;RenderText;168;168;32;172;258;50;0;0;Bonjour, Alundra !;32;173;deuxième ligne;32;189;;32;205;;;;
318;typed;1;RenderText;168;168;32;172;258;50;0;0;Bonjour, Alundra !;32;173;deuxième ligne;32;189;;32;205;;;;
319;typed;1;RenderText;168;168;32;172;258;50;0;0;Bonjour, Alundra !;32;173;deuxième ligne;32;189;;32;205;;;;
320;typed;1;RenderText;168;168;32;172;258;50;0;0;Bonjour, Alundra !;32;173;deuxième ligne;32;189;;32;205;;;;
321;typed;1;RenderText;168;168;32;172;258;50;0;0;Bonjour, Alundra !;32;173;deuxième ligne;32;189;;32;205;;;;
322;typed;1;RenderText;168;168;32;172;258;50;0;0;Bonjour, Alundra !;32;173;deuxième ligne;32;189;;32;205;;;;
323;typed;1;RenderText;168;168;32;172;258;50;0;0;Bonjour, Alundra !;32;173;deuxième ligne;32;189;;32;205;;;;
324;typed;1;RenderText;168;168;32;172;258;50;0;0;Bonjour, Alundra !;32;173;deuxième ligne;32;189;;32;205;;;;
325;typed;1;RenderText;168;168;32;172;258;50;0;0;Bonjour, Alundra !;32;173;deuxième ligne;32;189;;32;205;;;;
326;typed;1;RenderText;168;168;32;172;258;50;0;0;Bonjour, Alundra !;32;173;deuxième ligne;32;189;;32;205;;;;
327;typed;1;RenderText;168;168;32;172;258;50;0;0;Bonjour, Alundra !;32;173;deuxième ligne;32;189;;32;205;;;;
328;typed;1;RenderText;168;168;32;172;258;50;0;0;Bonjour, Alundra !;32;173;deuxième ligne;32;189;;32;205;;;;
329;typed;1;RenderText;168;168;32;172;258;50;0;0;Bonjour, Alundra !;32;173;deuxième ligne;32;189;;32;205;;;;
330;typed;1;RenderText;168;168;32;172;258;50;0;0;Bonjour, Alundra !;32;173;deuxième ligne;32;189;;32;205;;;;
331;typed;1;RenderText;168;168;32;172;258;50;0;0;Bonjour, Alundra !;32;173;deuxième ligne;32;189;;32;205;;;;
332;typed;1;RenderText;168;168;32;172;258;50;0;0;Bonjour, Alundra !;32;173;deuxième ligne;32;189;;32;205;;;;
333;typed;1;RenderText;168;168;32;172;258;50;0;0;Bonjour, Alundra !;32;173;deuxième ligne;32;189;;32;205;;;;
334;typed;1;RenderText;168;168;32;172;258;50;0;0;Bonjour, Alundra !;32;173;deuxième ligne;32;189;;32;205;;;;
335;typed;1;RenderText;168;168;32;172;258;50;0;0;Bonjour, Alundra !;32;173;deuxième ligne;32;189;;32;205;;;;
336;typed;1;RenderText;168;168;32;172;258;50;0;0;Bonjour, Alundra !;32;173;deuxième ligne;32;189;;32;205;;;;
337;typed;1;RenderText;168;168;32;172;258;50;0;0;Bonjour, Alundra !;32;173;deuxième ligne;32;189;;32;205;;;;
338;typed;1;RenderText;168;168;32;172;258;50;0;0;Bonjour, Alundra !;32;173;deuxième ligne;32;189;;32;205;;;;
339;typed;1;RenderText;168;168;32;172;258;50;0;0;Bonjour, Alundra !;32;173;deuxième ligne;32;189;;32;205;;;;
340;typed;1;RenderText;168;168;32;172;258;50;0;0;Bonjour, Alundra !;32;173;deuxième ligne;32;189;;32;205;;;;
341;typed;1;RenderText;168;168;32;172;258;50;0;0;Bonjour, Alundra !;32;173;deuxième ligne;32;189;;32;205;;;;
342;typed;1;RenderText;168;168;32;172;258;50;0;0;Bonjour, Alundra !;32;173;deuxième ligne;32;189;;32;205;;;;
343;typed;1;RenderText;168;168;32;172;258;50;0;0;Bonjour, Alundra !;32;173;deuxième ligne;32;189;;32;205;;;;
344;typed;1;RenderText;168;168;32;172;258;50;0;0;Bonjour, Alundra !;32;173;deuxième ligne;32;189;;32;205;;;;
345;typed;1;RenderText;168;168;32;172;258;50;0;0;Bonjour, Alundra !;32;173;deuxième ligne;32;189;;32;205;;;;
346;typed;1;RenderText;168;168;32;172;258;50;0;0;Bonjour, Alundra !;32;173;deuxième ligne;32;189;;32;205;;;;
347;typed;1;RenderText;168;168;32;172;258;50;0;0;Bonjour, Alundra !;32;173;deuxième ligne;32;189;;32;205;;;;
348;typed;1;RenderText;168;168;32;172;258;50;0;0;Bonjour, Alundra !;32;173;deuxième ligne;32;189;;32;205;;;;
349;typed;1;RenderText;168;168;32;172;258;50;0;0;Bonjour, Alundra !;32;173;deuxième ligne;32;189;;32;205;;;;
350;typed;1;RenderText;168;168;32;172;258;50;0;0;Bonjour, Alundra !;32;173;deuxième ligne;32;189;;32;205;;;;
351;typed;1;RenderText;168;168;32;172;258;50;0;0;Bonjour, Alundra !;32;173;deuxième ligne;32;189;;32;205;;;;
352;typed;1;RenderText;168;168;32;172;258;50;0;0;Bonjour, Alundra !;32;173;deuxième ligne;32;189;;32;205;;;;
353;typed;1;RenderText;168;168;32;172;258;50;0;0;Bonjour, Alundra !;32;173;deuxième ligne;32;189;;32;205;;;;
354;typed;1;RenderText;168;168;32;172;258;50;0;0;Bonjour, Alundra !;32;173;deuxième ligne;32;189;;32;205;;;;
355;typed;1;RenderText;168;168;32;172;258;50;0;0;Bonjour, Alundra !;32;173;deuxième ligne;32;189;;32;205;;;;
356;typed;1;RenderText;168;168;32;172;258;50;0;0;Bonjour, Alundra !;32;173;deuxième ligne;32;189;;32;205;;;;
357;typed;1;RenderText;168;168;32;172;258;50;0;0;Bonjour, Alundra !;32;173;deuxième ligne;32;189;;32;205;;;;
358;typed;1;RenderText;168;168;32;172;258;50;0;0;Bonjour, Alundra !;32;173;deuxième ligne;32;189;;32;205;;;;
359;typed;1;RenderText;168;168;32;172;258;50;0;0;Bonjour, Alundra !;32;173;deuxième ligne;32;189;;32;205;;;;
360;typed;1;RenderText;168;168;32;172;258;50;0;0;Bonjour, Alundra !;32;173;deuxième ligne;32;189;;32;205;;;;
361;typed;1;RenderText;168;168;32;172;258;50;0;0;Bonjour, Alundra !;32;173;deuxième ligne;32;189;;32;205;;;;
362;typed;1;RenderText;168;168;32;172;258;50;0;0;Bonjour, Alundra !;32;173;deuxième ligne;32;189;;32;205;;;;
363;typed;1;RenderText;168;168;32;172;258;50;0;0;Bonjour, Alundra !;32;173;deuxième ligne;32;189;;32;205;;;;
364;typed;1;RenderText;168;168;32;172;258;50;0;0;Bonjour, Alundra !;32;173;deuxième ligne;32;189;;32;205;;;;
365;typed;1;RenderText;168;168;32;172;258;50;0;0;Bonjour, Alundra !;32;173;deuxième ligne;32;189;;32;205;;;;
366;typed;1;RenderText;168;168;32;172;258;50;0;0;Bonjour, Alundra !;32;173;deuxième ligne;32;189;;32;205;;;;
367;typed;1;RenderText;168;168;32;172;258;50;0;0;Bonjour, Alundra !;32;173;deuxième ligne;32;189;;32;205;;;;
368;typed;1;RenderText;168;168;32;172;258;50;0;0;Bonjour, Alundra !;32;173;deuxième ligne;32;189;;32;205;;;;
369;typed;1;RenderText;168;168;32;172;258;50;0;0;Bonjour, Alundra !;32;173;deuxième ligne;32;189;;32;205;;;;
370;typed;1;RenderText;168;168;32;172;258;50;0;0;Bonjour, Alundra !;32;173;deuxième ligne;32;189;;32;205;;;;
371;typed;1;RenderText;168;168;32;172;258;50;0;0;Bonjour, Alundra !;32;173;deuxième ligne;32;189;;32;205;;;;
372;typed;1;RenderText;168;168;32;172;258;50;0;0;Bonjour, Alundra !;32;173;deuxième ligne;32;189;;32;205;;;;
373;typed;1;RenderText;168;168;32;172;258;50;0;0;Bonjour, Alundra !;32;173;deuxième ligne;32;189;;32;205;;;;
374;typed;1;RenderText;168;168;32;172;258;50;0;0;Bonjour, Alundra !;32;173;deuxième ligne;32;189;;32;205;;;;
375;typed;1;RenderText;168;168;32;172;258;50;0;0;Bonjour, Alundra !;32;173;deuxième ligne;32;189;;32;205;;;;
376;typed;1;RenderText;168;168;32;172;258;50;0;0;Bonjour, Alundra !;32;173;deuxième ligne;32;189;;32;205;;;;
377;typed;1;RenderText;168;168;32;172;258;50;0;0;Bonjour, Alundra !;32;173;deuxième ligne;32;189;;32;205;;;;
378;typed;1;RenderText;168;168;32;172;258;50;0;0;Bonjour, Alundra !;32;173;deuxième ligne;32;189;;32;205;;;;
379;typed;1;RenderText;168;168;32;172;258;50;0;0;Bonjour, Alundra !;32;173;deuxième ligne;32;189;;32;205;;;;
380;typed;1;RenderText;168;168;32;172;258;50;0;0;Bonjour, Alundra !;32;173;deuxième ligne;32;189;;32;205;;;;
381;typed;1;RenderText;168;168;32;172;258;50;0;0;Bonjour, Alundra !;32;173;deuxième ligne;32;189;;32;205;;;;
382;typed;1;RenderText;168;168;32;172;258;50;0;0;Bonjour, Alundra !;32;173;deuxième ligne;32;189;;32;205;;;;
383;typed;1;RenderText;168;168;32;172;258;50;0;0;Bonjour, Alundra !;32;173;deuxième ligne;32;189;;32;205;;;;
384;typed;1;RenderText;168;168;32;172;258;50;0;0;Bonjour, Alundra !;32;173;deuxième ligne;32;189;;32;205;;;;
385;typed;1;RenderText;168;168;32;172;258;50;0;0;Bonjour, Alundra !;32;173;deuxième ligne;32;189;;32;205;;;;
386;typed;1;RenderText;168;168;32;172;258;50;0;0;Bonjour, Alundra !;32;173;deuxième ligne;32;189;;32;205;;;;
387;typed;1;RenderText;168;168;32;172;258;50;0;0;Bonjour, Alundra !;32;173;deuxième ligne;32;189;;32;205;;;;
388;typed;1;RenderText;168;168;32;172;258;50;0;0;Bonjour, Alundra !;32;173;deuxième ligne;32;189;;32;205;;;;
389;typed;1;RenderText;168;168;32;172;258;50;0;0;Bonjour, Alundra !;32;173;deuxième ligne;32;189;;32;205;;;;
390;typed;1;RenderText;168;168;32;172;258;50;0;0;Bonjour, Alundra !;32;173;deuxième ligne;32;189;;32;205;;;;
391;typed;1;RenderText;168;168;32;172;258;50;0;0;Bonjour, Alundra !;32;173;deuxième ligne;32;189;;32;205;;;;
392;typed;1;RenderText;168;168;32;172;258;50;0;0;Bonjour, Alundra !;32;173;deuxième ligne;32;189;;32;205;;;;
393;typed;1;RenderText;168;168;32;172;258;50;0;0;Bonjour, Alundra !;32;173;deuxième ligne;32;189;;32;205;;;;
394;typed;1;RenderText;168;168;32;172;258;50;0;0;Bonjour, Alundra !;32;173;deuxième ligne;32;189;;32;205;;;;
395;typed;1;RenderText;168;168;32;172;258;50;0;0;Bonjour, Alundra !;32;173;deuxième ligne;32;189;;32;205;;;;
396;typed;1;RenderText;168;168;32;172;258;50;0;0;Bonjour, Alundra !;32;173;deuxième ligne;32;189;;32;205;;;;
397;typed;1;RenderText;168;168;32;172;258;50;0;0;Bonjour, Alundra !;32;173;deuxième ligne;32;189;;32;205;;;;
398;typed;1;RenderText;168;168;32;172;258;50;0;0;Bonjour, Alundra !;32;173;deuxième ligne;32;189;;32;205;;;;
399;typed;1;RenderText;168;168;32;172;258;50;0;0;Bonjour, Alundra !;32;173;deuxième ligne;32;189;;32;205;;;;
400;typed;1;RenderText;168;168;32;172;258;50;0;0;Bonjour, Alundra !;32;173;deuxième ligne;32;189;;32;205;;;;
401;typed;1;RenderText;168;168;32;172;258;50;0;0;Bonjour, Alundra !;32;173;deuxième ligne;32;189;;32;205;;;;
402;typed;1;RenderText;168;168;32;172;258;50;0;0;Bonjour, Alundra !;32;173;deuxième ligne;32;189;;32;205;;;;
403;typed;1;RenderText;168;168;32;172;258;50;0;0;Bonjour, Alundra !;32;173;deuxième ligne;32;189;;32;205;;;;
404;typed;1;RenderText;168;168;32;172;258;50;0;0;Bonjour, Alundra !;32;173;deuxième ligne;32;189;;32;205;;;;
405;typed;1;RenderText;168;168;32;172;258;50;0;0;Bonjour, Alundra !;32;173;deuxième ligne;32;189;;32;205;;;;
406;typed;1;RenderText;168;168;32;172;258;50;0;0;Bonjour, Alundra !;32;173;deuxième ligne;32;189;;32;205;;;;
407;typed;1;RenderText;168;168;32;172;258;50;0;0;Bonjour, Alundra !;32;173;deuxième ligne;32;189;;32;205;;;;
408;typed;1;RenderText;168;168;32;172;258;50;0;0;Bonjour, Alundra !;32;173;deuxième ligne;32;189;;32;205;;;;
409;typed;1;RenderText;168;168;32;172;258;50;0;0;Bonjour, Alundra !;32;173;deuxième ligne;32;189;;32;205;;;;
410;typed;1;RenderText;168;168;32;172;258;50;0;0;Bonjour, Alundra !;32;173;deuxième ligne;32;189;;32;205;;;;
411;typed;1;RenderText;168;168;32;172;258;50;0;0;Bonjour, Alundra !;32;173;deuxième ligne;32;189;;32;205;;;;
412;typed;1;RenderText;168;168;32;172;258;50;0;0;Bonjour, Alundra !;32;173;deuxième ligne;32;189;;32;205;;;;
413;typed;1;RenderText;168;168;32;172;258;50;0;0;Bonjour, Alundra !;32;173;deuxième ligne;32;189;;32;205;;;;
414;typed;1;RenderText;168;168;32;172;258;50;0;0;Bonjour, Alundra !;32;173;deuxième ligne;32;189;;32;205;;;;
415;typed;1;RenderText;168;168;32;172;258;50;0;0;Bonjour, Alundra !;32;173;deuxième ligne;32;189;;32;205;;;;
416;typed;1;RenderText;168;168;32;172;258;50;0;0;Bonjour, Alundra !;32;173;deuxième ligne;32;189;;32;205;;;;
417;typed;1;RenderText;168;168;32;172;258;50;0;0;Bonjour, Alundra !;32;173;deuxième ligne;32;189;;32;205;;;;
418;typed;1;RenderText;168;168;32;172;258;50;0;0;Bonjour, Alundra !;32;173;deuxième ligne;32;189;;32;205;;;;
419;typed;1;RenderText;168;168;32;172;258;50;0;0;Bonjour, Alundra !;32;173;deuxième ligne;32;189;;32;205;;;;
420;typed;1;RenderText;168;168;32;172;258;50;0;0;Bonjour, Alundra !;32;173;deuxième ligne;32;189;;32;205;;;;
421;typed;1;RenderText;168;168;32;172;258;50;0;0;Bonjour, Alundra !;32;173;deuxième ligne;32;189;;32;205;;;;
422;typed;1;RenderText;168;168;32;172;258;50;0;0;Bonjour, Alundra !;32;173;deuxième ligne;32;189;;32;205;;;;
423;typed;1;RenderText;168;168;32;172;258;50;0;0;Bonjour, Alundra !;32;173;deuxième ligne;32;189;;32;205;;;;
424;typed;1;RenderText;168;168;32;172;258;50;0;0;Bonjour, Alundra !;32;173;deuxième ligne;32;189;;32;205;;;;
425;typed;1;RenderText;168;168;32;172;258;50;0;0;Bonjour, Alundra !;32;173;deuxième ligne;32;189;;32;205;;;;
426;typed;1;RenderText;168;168;32;172;258;50;0;0;Bonjour, Alundra !;32;173;deuxième ligne;32;189;;32;205;;;;
427;typed;1;RenderText;168;168;32;172;258;50;0;0;Bonjour, Alundra !;32;173;deuxième ligne;32;189;;32;205;;;;
428;typed;1;RenderText;168;168;32;172;258;50;0;0;Bonjour, Alundra !;32;173;deuxième ligne;32;189;;32;205;;;;
429;typed;1;RenderText;168;168;32;172;258;50;0;0;Bonjour, Alundra !;32;173;deuxième ligne;32;189;;32;205;;;;
430;typed;1;RenderText;168;168;32;172;258;50;0;0;Bonjour, Alundra !;32;173;deuxième ligne;32;189;;32;205;;;;
431;typed;1;RenderText;168;168;32;172;258;50;0;0;Bonjour, Alundra !;32;173;deuxième ligne;32;189;;32;205;;;;
432;typed;1;RenderText;168;168;32;172;258;50;0;0;Bonjour, Alundra !;32;173;deuxième ligne;32;189;;32;205;;;;
433;typed;1;RenderText;168;168;32;172;258;50;0;0;Bonjour, Alundra !;32;173;deuxième ligne;32;189;;32;205;;;;
434;typed;1;RenderText;168;168;32;172;258;50;0;0;Bonjour, Alundra !;32;173;deuxième ligne;32;189;;32;205;;;;
435;typed;1;RenderText;168;168;32;172;258;50;0;0;Bonjour, Alundra !;32;173;deuxième ligne;32;189;;32;205;;;;
436;typed;1;RenderText;168;168;32;172;258;50;0;0;Bonjour, Alundra !;32;173;deuxième ligne;32;189;;32;205;;;;
437;typed;1;RenderText;168;168;32;172;258;50;0;0;Bonjour, Alundra !;32;173;deuxième ligne;32;189;;32;205;;;;
438;typed;1;RenderText;168;168;32;172;258;50;0;0;Bonjour, Alundra !;32;173;deuxième ligne;32;189;;32;205;;;;
439;typed;1;RenderText;168;168;32;172;258;50;0;0;Bonjour, Alundra !;32;173;deuxième ligne;32;189;;32;205;;;;
440;typed;1;RenderText;168;168;32;172;258;50;0;0;Bonjour, Alundra !;32;173;deuxième ligne;32;189;;32;205;;;;
441;typed;1;RenderText;168;168;32;172;258;50;0;0;Bonjour, Alundra !;32;173;deuxième ligne;32;189;;32;205;;;;
442;typed;1;RenderText;168;168;32;172;258;50;0;0;Bonjour, Alundra !;32;173;deuxième ligne;32;189;;32;205;;;;
443;typed;1;RenderText;168;168;32;172;258;50;0;0;Bonjour, Alundra !;32;173;deuxième ligne;32;189;;32;205;;;;
444;typed;1;RenderText;168;168;32;172;258;50;0;0;Bonjour, Alundra !;32;173;deuxième ligne;32;189;;32;205;;;;
445;typed;1;RenderText;168;168;32;172;258;50;0;0;Bonjour, Alundra !;32;173;deuxième ligne;32;189;;32;205;;;;
446;typed;1;RenderText;168;168;32;172;258;50;0;0;Bonjour, Alundra !;32;173;deuxième ligne;32;189;;32;205;;;;
447;typed;1;RenderText;168;168;32;172;258;50;0;0;Bonjour, Alundra !;32;173;deuxième ligne;32;189;;32;205;;;;
448;typed;1;RenderText;168;168;32;172;258;50;0;0;Bonjour, Alundra !;32;173;deuxième ligne;32;189;;32;205;;;;
449;typed;1;RenderText;168;168;32;172;258;50;0;0;Bonjour, Alundra !;32;173;deuxième ligne;32;189;;32;205;;;;
450;typed;1;RenderText;168;168;32;172;258;50;0;0;Bonjour, Alundra !;32;173;deuxième ligne;32;189;;32;205;;;;
451;typed;1;RenderText;168;168;32;172;258;50;0;0;Bonjour, Alundra !;32;173;deuxième ligne;32;189;;32;205;;;;
452;typed;1;RenderText;168;168;32;172;258;50;0;0;Bonjour, Alundra !;32;173;deuxième ligne;32;189;;32;205;;;;
453;typed;1;RenderText;168;168;32;172;258;50;0;0;Bonjour, Alundra !;32;173;deuxième ligne;32;189;;32;205;;;;
454;typed;1;RenderText;168;168;32;172;258;50;0;0;Bonjour, Alundra !;32;173;deuxième ligne;32;189;;32;205;;;;
455;typed;1;RenderText;168;168;32;172;258;50;0;0;Bonjour, Alundra !;32;173;deuxième ligne;32;189;;32;205;;;;
456;typed;1;RenderText;168;168;32;172;258;50;0;0;Bonjour, Alundra !;32;173;deuxième ligne;32;189;;32;205;;;;
457;typed;1;RenderText;168;168;32;172;258;50;0;0;Bonjour, Alundra !;32;173;deuxième ligne;32;189;;32;205;;;;
458;typed;1;RenderText;168;168;32;172;258;50;0;0;Bonjour, Alundra !;32;173;deuxième ligne;32;189;;32;205;;;;
459;typed;1;RenderText;168;168;32;172;258;50;0;0;Bonjour, Alundra !;32;173;deuxième ligne;32;189;;32;205;;;;
460;typed;1;RenderText;168;168;32;172;258;50;0;0;Bonjour, Alundra !;32;173;deuxième ligne;32;189;;32;205;;;;
461;typed;1;RenderText;168;168;32;172;258;50;0;0;Bonjour, Alundra !;32;173;deuxième ligne;32;189;;32;205;;;;
462;typed;1;RenderText;168;168;32;172;258;50;0;0;Bonjour, Alundra !;32;173;deuxième ligne;32;189;;32;205;;;;
463;typed;1;RenderText;168;168;32;172;258;50;0;0;Bonjour, Alundra !;32;173;deuxième ligne;32;189;;32;205;;;;
464;typed;1;RenderText;168;168;32;172;258;50;0;0;Bonjour, Alundra !;32;173;deuxième ligne;32;189;;32;205;;;;
465;typed;1;RenderText;168;168;32;172;258;50;0;0;Bonjour, Alundra !;32;173;deuxième ligne;32;189;;32;205;;;;
466;typed;1;RenderText;168;168;32;172;258;50;0;0;Bonjour, Alundra !;32;173;deuxième ligne;32;189;;32;205;;;;
467;typed;1;RenderText;168;168;32;172;258;50;0;0;Bonjour, Alundra !;32;173;deuxième ligne;32;189;;32;205;;;;
468;typed;1;RenderText;168;168;32;172;258;50;0;0;Bonjour, Alundra !;32;173;deuxième ligne;32;189;;32;205;;;;
469;typed;1;RenderText;168;168;32;172;258;50;0;0;Bonjour, Alundra !;32;173;deuxième ligne;32;189;;32;205;;;;
470;typed;1;RenderText;168;168;32;172;258;50;0;0;Bonjour, Alundra !;32;173;deuxième ligne;32;189;;32;205;;;;
471;typed;1;RenderText;168;168;32;172;258;50;0;0;Bonjour, Alundra !;32;173;deuxième ligne;32;189;;32;205;;;;
472;typed;1;RenderText;168;168;32;172;258;50;0;0;Bonjour, Alundra !;32;173;deuxième ligne;32;189;;32;205;;;;
473;typed;1;RenderText;168;168;32;172;258;50;0;0;Bonjour, Alundra !;32;173;deuxième ligne;32;189;;32;205;;;;
474;typed;1;RenderText;168;168;32;172;258;50;0;0;Bonjour, Alundra !;32;173;deuxième ligne;32;189;;32;205;;;;
475;typed;1;RenderText;168;168;32;172;258;50;0;0;Bonjour, Alundra !;32;173;deuxième ligne;32;189;;32;205;;;;
476;typed;1;RenderText;168;168;32;172;258;50;0;0;Bonjour, Alundra !;32;173;deuxième ligne;32;189;;32;205;;;;
477;typed;1;RenderText;168;168;32;172;258;50;0;0;Bonjour, Alundra !;32;173;deuxième ligne;32;189;;32;205;;;;
478;typed;1;RenderText;168;168;32;172;258;50;0;0;Bonjour, Alundra !;32;173;deuxième ligne;32;189;;32;205;;;;
479;typed;1;RenderText;168;168;32;172;258;50;0;0;Bonjour, Alundra !;32;173;deuxième ligne;32;189;;32;205;;;;
480;typed;1;RenderText;168;168;32;172;258;50;0;0;Bonjour, Alundra !;32;173;deuxième ligne;32;189;;32;205;;;;
481;typed;1;RenderText;168;168;32;172;258;50;0;0;Bonjour, Alundra !;32;173;deuxième ligne;32;189;;32;205;;;;
482;typed;1;RenderText;168;168;32;172;258;50;0;0;Bonjour, Alundra !;32;173;deuxième ligne;32;189;;32;205;;;;
483;typed;1;RenderText;168;168;32;172;258;50;0;0;Bonjour, Alundra !;32;173;deuxième ligne;32;189;;32;205;;;;
484;typed;1;RenderText;168;168;32;172;258;50;0;0;Bonjour, Alundra !;32;173;deuxième ligne;32;189;;32;205;;;;
485;typed;1;RenderText;168;168;32;172;258;50;0;0;Bonjour, Alundra !;32;173;deuxième ligne;32;189;;32;205;;;;
486;typed;1;RenderText;168;168;32;172;258;50;0;0;Bonjour, Alundra !;32;173;deuxième ligne;32;189;;32;205;;;;
487;typed;1;RenderText;168;168;32;172;258;50;0;0;Bonjour, Alundra !;32;173;deuxième ligne;32;189;;32;205;;;;
488;typed;1;RenderText;168;168;32;172;258;50;0;0;Bonjour, Alundra !;32;173;deuxième ligne;32;189;;32;205;;;;
489;typed;1;RenderText;168;168;32;172;258;50;0;0;Bonjour, Alundra !;32;173;deuxième ligne;32;189;;32;205;;;;
490;typed;1;RenderText;168;168;32;172;258;50;0;0;Bonjour, Alundra !;32;173;deuxième ligne;32;189;;32;205;;;;
491;typed;1;RenderText;168;168;32;172;258;50;0;0;Bonjour, Alundra !;32;173;deuxième ligne;32;189;;32;205;;;;
492;typed;1;RenderText;168;168;32;172;258;50;0;0;Bonjour, Alundra !;32;173;deuxième ligne;32;189;;32;205;;;;
493;typed;1;RenderText;168;168;32;172;258;50;0;0;Bonjour, Alundra !;32;173;deuxième ligne;32;189;;32;205;;;;
494;typed;1;RenderText;168;168;32;172;258;50;0;0;Bonjour, Alundra !;32;173;deuxième ligne;32;189;;32;205;;;;
495;typed;1;RenderText;168;168;32;172;258;50;0;0;Bonjour, Alundra !;32;173;deuxième ligne;32;189;;32;205;;;;
496;typed;1;RenderText;168;168;32;172;258;50;0;0;Bonjour, Alundra !;32;173;deuxième ligne;32;189;;32;205;;;;
497;typed;1;RenderText;168;168;32;172;258;50;0;0;Bonjour, Alundra !;32;173;deuxième ligne;32;189;;32;205;;;;
498;typed;1;RenderText;168;168;32;172;258;50;0;0;Bonjour, Alundra !;32;173;deuxième ligne;32;189;;32;205;;;;
499;typed;1;RenderText;168;168;32;172;258;50;0;0;Bonjour, Alundra !;32;173;deuxième ligne;32;189;;32;205;;;;
500;typed;1;RenderText;168;168;32;172;258;50;0;0;Bonjour, Alundra !;32;173;deuxième ligne;32;189;;32;205;;;;
501;typed;1;RenderText;168;168;32;172;258;50;0;0;Bonjour, Alundra !;32;173;deuxième ligne;32;189;;32;205;;;;
502;typed;1;RenderText;168;168;32;172;258;50;0;0;Bonjour, Alundra !;32;173;deuxième ligne;32;189;;32;205;;;;
503;typed;1;RenderText;168;168;32;172;258;50;0;0;Bonjour, Alundra !;32;173;deuxième ligne;32;189;;32;205;;;;
504;typed;1;RenderText;168;168;32;172;258;50;0;0;Bonjour, Alundra !;32;173;deuxième ligne;32;189;;32;205;;;;
505;typed;1;RenderText;168;168;32;172;258;50;0;0;Bonjour, Alundra !;32;173;deuxième ligne;32;189;;32;205;;;;
506;typed;1;RenderText;168;168;32;172;258;50;0;0;Bonjour, Alundra !;32;173;deuxième ligne;32;189;;32;205;;;;
507;typed;1;RenderText;168;168;32;172;258;50;0;0;Bonjour, Alundra !;32;173;deuxième ligne;32;189;;32;205;;;;
508;typed;1;RenderText;168;168;32;172;258;50;0;0;Bonjour, Alundra !;32;173;deuxième ligne;32;189;;32;205;;;;
509;typed;1;RenderText;168;168;32;172;258;50;0;0;Bonjour, Alundra !;32;173;deuxième ligne;32;189;;32;205;;;;
510;typed;1;RenderText;168;168;32;172;258;50;0;0;Bonjour, Alundra !;32;173;deuxième ligne;32;189;;32;205;;;;
511;slide-out;1;RenderText;168;168;32;172;258;50;0;0;Bonjour, Alundra !;32;173;deuxième ligne;32;189;;32;205;;;;
512;slide-out;1;RenderText;168;168;32;172;258;50;0;0;Bonjour, Alundra !;32;173;deuxième ligne;32;189;;32;205;;;;
513;slide-out;1;RenderText;172;168;32;172;258;50;0;0;Bonjour, Alundra !;32;177;deuxième ligne;32;193;;32;209;;;;
514;slide-out;1;RenderText;177;172;32;176;258;50;0;0;Bonjour, Alundra !;32;182;deuxième ligne;32;198;;32;214;;;;
515;slide-out;1;RenderText;182;177;32;181;258;50;0;0;Bonjour, Alundra !;32;187;deuxième ligne;32;203;;32;219;;;;
516;slide-out;1;RenderText;187;182;32;186;258;50;0;0;Bonjour, Alundra !;32;192;deuxième ligne;32;208;;32;224;;;;
517;slide-out;1;RenderText;192;187;32;191;258;49;0;0;Bonjour, Alundra !;32;197;deuxième ligne;32;213;;32;229;;;;
518;slide-out;1;RenderText;196;192;32;196;258;44;0;0;Bonjour, Alundra !;32;201;deuxième ligne;32;217;;32;233;;;;
519;slide-out;1;RenderText;201;196;32;200;258;40;0;0;Bonjour, Alundra !;32;206;deuxième ligne;32;222;;32;238;;;;
520;slide-out;1;RenderText;206;201;32;205;258;35;0;0;Bonjour, Alundra !;32;211;deuxième ligne;32;227;;32;243;;;;
521;slide-out;1;RenderText;211;206;32;210;258;30;0;0;Bonjour, Alundra !;32;216;deuxième ligne;32;232;;32;248;;;;
522;slide-out;1;RenderText;216;211;32;215;258;25;0;0;Bonjour, Alundra !;32;221;deuxième ligne;32;237;;32;253;;;;
523;slide-out;1;RenderText;220;216;32;220;258;20;0;0;Bonjour, Alundra !;32;225;deuxième ligne;32;241;;32;257;;;;
524;slide-out;1;RenderText;225;220;32;224;258;16;0;0;Bonjour, Alundra !;32;230;deuxième ligne;32;246;;32;262;;;;
525;slide-out;1;RenderText;230;225;32;229;258;11;0;0;Bonjour, Alundra !;32;235;deuxième ligne;32;251;;32;267;;;;
526;slide-out;1;RenderText;235;230;32;234;258;6;0;0;Bonjour, Alundra !;32;240;deuxième ligne;32;256;;32;272;;;;
527;slide-out;1;RenderText;240;235;32;239;258;1;0;0;Bonjour, Alundra !;32;245;deuxième ligne;32;261;;32;277;;;;
528;slide-out;1;RenderText;240;240;32;239;258;1;0;0;Bonjour, Alundra !;32;245;deuxième ligne;32;261;;32;277;;;;
529;closed;0;;;;;;;;;;;;;;;;;;;;;;
