name	scenario	frame	rel	k	ox	oy	rgb	class	quad	reference
S1_N1_x1	S1	4	1	1	0	0	255	tint8	-	S1_N1_x1.png
S1_N2_x1	S1	5	2	1	0	0	246	tint8	149,100,3,3	S1_N2_x1.png
S1_N8_x1	S1	11	8	1	0	0	195	tint8	89,107,22,26	S1_N8_x1.png
S1_N13_x1	S1	16	13	1	0	0	152	tint8	38,113,38,44	S1_N13_x1.png
S1_N16_x1	S1	19	16	1	0	0	128	exact	8,116,48,56	S1_N16_x1.png
S1_N21_x1	S1	24	21	1	0	0	128	exact	8,116,48,56	S1_N21_x1.png
S1_N22_x1	S1	25	22	1	0	0	127	tint8	8,116,48,56	S1_N22_x1.png
S1_N25_x1	S1	28	25	1	0	0	152	tint8	39,112,38,44	S1_N25_x1.png
S1_N36_x1	S1	39	36	1	0	0	246	tint8	150,99,3,3	S1_N36_x1.png
S1_N37_x1	S1	40	37	1	0	0	0	tint8	-	S1_N37_x1.png
S1_N38_x1	S1	41	38	1	0	0	-	exact	-	S1_N38_x1.png
S1_N39_x1	S1	42	39	1	0	0	-	exact	-	S1_N39_x1.png
S1_N40_x1	S1	43	40	1	0	0	-	exact	-	S1_N40_x1.png
S1_N2_x2	S1	5	2	2	0	0	246	tint8	149,100,3,3	S1_N2_x2.png
S1_N2_x3	S1	5	2	3	0	0	246	tint8	149,100,3,3	S1_N2_x3.png
S1_N8_x2	S1	11	8	2	0	0	195	tint8	89,107,22,26	S1_N8_x2.png
S1_N8_x3	S1	11	8	3	0	0	195	tint8	89,107,22,26	S1_N8_x3.png
S1_N16_x2	S1	19	16	2	0	0	128	exact	8,116,48,56	S1_N16_x2.png
S1_N16_x3	S1	19	16	3	0	0	128	exact	8,116,48,56	S1_N16_x3.png
S1_N21_x2	S1	24	21	2	0	0	128	exact	8,116,48,56	S1_N21_x2.png
S1_N21_x3	S1	24	21	3	0	0	128	exact	8,116,48,56	S1_N21_x3.png
S1_N22_x2	S1	25	22	2	0	0	127	tint8	8,116,48,56	S1_N22_x2.png
S1_N22_x3	S1	25	22	3	0	0	127	tint8	8,116,48,56	S1_N22_x3.png
S1_N36_x2	S1	39	36	2	0	0	246	tint8	150,99,3,3	S1_N36_x2.png
S1_N36_x3	S1	39	36	3	0	0	246	tint8	150,99,3,3	S1_N36_x3.png
S1_N1_x2_off	S1	4	1	2	97	41	255	tint8	-	S1_N1_x2_off.png
S1_N1_x3_off	S1	4	1	3	97	41	255	tint8	-	S1_N1_x3_off.png
S1_N2_x2_off	S1	5	2	2	97	41	246	tint8	149,100,3,3	S1_N2_x2_off.png
S1_N2_x3_off	S1	5	2	3	97	41	246	tint8	149,100,3,3	S1_N2_x3_off.png
S1_N3_x2_off	S1	6	3	2	97	41	237	tint8	139,101,6,7	S1_N3_x2_off.png
S1_N3_x3_off	S1	6	3	3	97	41	237	tint8	139,101,6,7	S1_N3_x3_off.png
S1_N37_x2_off	S1	40	37	2	97	41	0	tint8	-	S1_N37_x2_off.png
S1_N37_x3_off	S1	40	37	3	97	41	0	tint8	-	S1_N37_x3_off.png
S1_N38_x2_off	S1	41	38	2	97	41	-	exact	-	S1_N38_x2_off.png
S1_N38_x3_off	S1	41	38	3	97	41	-	exact	-	S1_N38_x3_off.png
S8_N2_x1	S8	5	2	1	0	0	246	tint8	149,99,3,4	S8_N2_x1.png
S8_N8_x1	S8	11	8	1	0	0	195	tint8	89,99,22,33	S8_N8_x1.png
S8_N16_x1	S8	19	16	1	0	0	128	exact	8,100,48,72	S8_N16_x1.png
S8_N22_x1	S8	25	22	1	0	0	127	tint8	8,100,48,72	S8_N22_x1.png
S8_N25_x1	S8	28	25	1	0	0	152	tint8	39,99,38,57	S8_N25_x1.png
S8_N37_x1	S8	40	37	1	0	0	0	tint8	-	S8_N37_x1.png
S8_N16_x2	S8	19	16	2	0	0	128	exact	8,100,48,72	S8_N16_x2.png
S5_N37_x1	S5	40	37	1	0	0	0	tint8	-	S5_N37_x1.png
S5_N38_x1	S5	41	38	1	0	0	255	tint8	-	S5_N38_x1.png
S5_N39_x1	S5	42	39	1	0	0	246	tint8	149,100,3,3	S5_N39_x1.png
S5_N40_x1	S5	43	40	1	0	0	237	tint8	139,101,6,7	S5_N40_x1.png
S5_N41_x1	S5	44	41	1	0	0	229	tint8	129,102,9,11	S5_N41_x1.png
S5_N42_x1	S5	45	42	1	0	0	220	tint8	119,103,12,14	S5_N42_x1.png
S2_N2_x1	S2	5	2	1	0	0	246	tint8	149,100,3,3	S2_N2_x1.png
S2_N16_x1	S2	19	16	1	0	0	128	exact	8,116,48,56	S2_N16_x1.png
S3_N2_x1	S3	5	2	1	0	0	-	exact	-	S3_N2_x1.png
S3_N16_x1	S3	19	16	1	0	0	-	exact	-	S3_N16_x1.png
S3_N22_x1	S3	25	22	1	0	0	-	exact	-	S3_N22_x1.png
