id	name	width	x	text_x	sha1_rgb_320x240
0x100	Beaumont	56	64	92	8a134552af7b161a99acb4b313a25cf9ec68a635
0x100	Beaumont	56	303	331	ba1d361a8e61f048976e6637dd8ac55e7ba8cb02
0x100	Beaumont	56	150	178	a1dd543985dcb03f166be27ee915b8b4a6201c0a
0x101	Thyea	33	64	103	9e18f18109a49038ed9f11ddb2919a440d1765d0
0x101	Thyea	33	303	342	ba1d361a8e61f048976e6637dd8ac55e7ba8cb02
0x101	Thyea	33	150	189	f9248d7bcd830b2d994d11f588feec6248911f25
0x102	Talis	28	64	106	51300610b4d1ec42c877c6793e9478515fbc12c4
0x102	Talis	28	303	345	ba1d361a8e61f048976e6637dd8ac55e7ba8cb02
0x102	Talis	28	150	192	d1acf9ad4fff04df4e84027a91dbda1898b3d9dd
0x103	Yustel	33	64	103	d9a69a98588c08f7780b65731d005fb4db5bcd27
0x103	Yustel	33	303	342	ba1d361a8e61f048976e6637dd8ac55e7ba8cb02
0x103	Yustel	33	150	189	33875ff649dac47a5e08ae4f42418fe124c18a58
0x104	Jess	21	64	109	f7a47729e12f134b75eaf63a39e8acf767a7fe79
0x104	Jess	21	303	348	ba1d361a8e61f048976e6637dd8ac55e7ba8cb02
0x104	Jess	21	150	195	686ca55ba703a8d16bb05d4228f963a13960353d
0x105	Ronan	37	64	101	36b5a9a1e764801f3436b22f6dc3f3b2d82fef76
0x105	Ronan	37	303	340	ba1d361a8e61f048976e6637dd8ac55e7ba8cb02
0x105	Ronan	37	150	187	f066ab6eccad09fc8ffe695fbf2cc717e7aa3a43
0x106	Sybill	32	64	104	4640e329b180b2a38927b2dd0e05f86beea92a0a
0x106	Sybill	32	303	343	ba1d361a8e61f048976e6637dd8ac55e7ba8cb02
0x106	Sybill	32	150	190	238e13285ed139e06fe2b816c801aa33088c3801
0x107	Sierra	35	64	102	cfb1cdcff45f66f79f9afec20e08bacebfa86e94
0x107	Sierra	35	303	341	ba1d361a8e61f048976e6637dd8ac55e7ba8cb02
0x107	Sierra	35	150	188	da35fa928af509589380db73a457fedd8eee01d9
0x108	Olen	24	64	108	35d81f2c8d450c5d520d3ab98ddbed7e34e90ac4
0x108	Olen	24	303	347	ba1d361a8e61f048976e6637dd8ac55e7ba8cb02
0x108	Olen	24	150	194	68d87c64612a7a839bb10ed6695ac02162080b57
0x109	Lyman	39	64	100	6989aeb4f2d456c46c1c8361f8c60e725b6d5490
0x109	Lyman	39	303	339	ba1d361a8e61f048976e6637dd8ac55e7ba8cb02
0x109	Lyman	39	150	186	b05620673435aefcd9a017cdf6a3de36ac3c0b96
0x10a	Jaylen	36	64	102	c1986d051146ca287f2af1c79c950dd7bbbe096f
0x10a	Jaylen	36	303	341	ba1d361a8e61f048976e6637dd8ac55e7ba8cb02
0x10a	Jaylen	36	150	188	0a9ecd08383cfbd2fc4c7f1c3259267e28450344
0x10b	Zane	27	64	106	a46a561324d75f11bdf4e63fefcd1d841955ca56
0x10b	Zane	27	303	345	ba1d361a8e61f048976e6637dd8ac55e7ba8cb02
0x10b	Zane	27	150	192	d37f9878ad1f1b5ea61eda7868d2dac25c9ea121
0x10c	Septimus	51	64	94	a65252a40739f07b87785054ebd223cc672ba78f
0x10c	Septimus	51	303	333	ba1d361a8e61f048976e6637dd8ac55e7ba8cb02
0x10c	Septimus	51	150	180	75e253e5d4685b1f26946216d6467c5969db4f1c
0x10d	Nadia	33	64	103	33ff821f5e94150dacb1da965139bb02276bbe2b
0x10d	Nadia	33	303	342	ba1d361a8e61f048976e6637dd8ac55e7ba8cb02
0x10d	Nadia	33	150	189	2b99e8f438a7d2678a0c00acd71695a51355d312
0x10e	Myra	30	64	105	6dcdcfef9f5280e0a19f47e865e59069a2a78f11
0x10e	Myra	30	303	344	ba1d361a8e61f048976e6637dd8ac55e7ba8cb02
0x10e	Myra	30	150	191	4f438aa0047ce5c6e8d3da56d5d07c9a06f4e8d9
0x10f	Bonaire	43	64	98	f9854e82abeb57d24fed6d08372874c59f7f54bc
0x10f	Bonaire	43	303	337	ba1d361a8e61f048976e6637dd8ac55e7ba8cb02
0x10f	Bonaire	43	150	184	e304b0c64cac56eb26e0c017e726b946313e2b44
0x110	Phineas	43	64	98	0abf3f8387aea19358def6103547039209871e71
0x110	Phineas	43	303	337	ba1d361a8e61f048976e6637dd8ac55e7ba8cb02
0x110	Phineas	43	150	184	4d11ad3e53f65ce5dc1882381009680cba27e4b2
0x111	Kline	28	64	106	031677aa45b2b4bab4da863bfda08c6c995f92b6
0x111	Kline	28	303	345	ba1d361a8e61f048976e6637dd8ac55e7ba8cb02
0x111	Kline	28	150	192	3b92b29ecd208809adedecc30f25c62afc08ef8b
0x112	Giles	25	64	107	da17008da89b792fa69cd1e1c19d505f5acabc35
0x112	Giles	25	303	346	ba1d361a8e61f048976e6637dd8ac55e7ba8cb02
0x112	Giles	25	150	193	7c506c8f778c1806a64ba562e35f8d8f69a369cf
0x113	Kisha	30	64	105	846e1f72b7346a083c74800995f5d034c955fcab
0x113	Kisha	30	303	344	ba1d361a8e61f048976e6637dd8ac55e7ba8cb02
0x113	Kisha	30	150	191	d740d87ba6656bfac7d28621d2d503ec046eda20
0x114	Elene	29	64	105	bf90326a9225b3700953c01f14c2ae14b18302c3
0x114	Elene	29	303	344	ba1d361a8e61f048976e6637dd8ac55e7ba8cb02
0x114	Elene	29	150	191	677d907272d1982a8ed665a4102e59d4785876c9
0x115	Gustav	37	64	101	ca61926f3696268ce439b95f1b5429d8f1882971
0x115	Gustav	37	303	340	ba1d361a8e61f048976e6637dd8ac55e7ba8cb02
0x115	Gustav	37	150	187	dde6794aaaeaaf8668496aa9565f3904181e8449
0x116	Bergus	37	64	101	aacc8ed5983c54f96a903c9172c2554e5279fe18
0x116	Bergus	37	303	340	ba1d361a8e61f048976e6637dd8ac55e7ba8cb02
0x116	Bergus	37	150	187	ae77ca01a060f3250469180f678655656394797a
0x117	Nestus	35	64	102	643e09354e5d0cb74336bad08f1ff2fa770fa56c
0x117	Nestus	35	303	341	ba1d361a8e61f048976e6637dd8ac55e7ba8cb02
0x117	Nestus	35	150	188	59e50c69dfa6fdaa02dee8ac69021731262e6a99
0x118	Meade	35	64	102	56d31f2b6f52f4c29ddeb96bc548fb28fecfa2f5
0x118	Meade	35	303	341	ba1d361a8e61f048976e6637dd8ac55e7ba8cb02
0x118	Meade	35	150	188	902c89b442cd59f67ed6f0593076d63d0906ad95
0x119	Rumi	31	64	104	48c8ca103d5aa486f041881cf7035ffa15190621
0x119	Rumi	31	303	343	ba1d361a8e61f048976e6637dd8ac55e7ba8cb02
0x119	Rumi	31	150	190	ee27387830870039a4366fff18a8180c2804bd68
0x11a	Wendell	44	64	98	c209585f31562776512a9e1b2392e8218c20931d
0x11a	Wendell	44	303	337	ba1d361a8e61f048976e6637dd8ac55e7ba8cb02
0x11a	Wendell	44	150	184	bd4e63bb169e261db404a6e0d2fa9e1ee4e32596
0x11b	Yuri	25	64	107	f70fe67368d16aa8b7df4d13ba6d50f5bc2c0aaf
0x11b	Yuri	25	303	346	ba1d361a8e61f048976e6637dd8ac55e7ba8cb02
0x11b	Yuri	25	150	193	d506766042407eabc9eae0267c20e19f7a77d883
0x11c	Naomi	36	64	102	2f977ba1d8ee6242cd72986e9a557df8d6cb92e3
0x11c	Naomi	36	303	341	ba1d361a8e61f048976e6637dd8ac55e7ba8cb02
0x11c	Naomi	36	150	188	45ad4c86d5afaaf43fb98730f80a749d354f35ad
0x11d	Nava	28	64	106	f1a9713f86c7065eff4fb5c91344929ff9c792a7
0x11d	Nava	28	303	345	ba1d361a8e61f048976e6637dd8ac55e7ba8cb02
0x11d	Nava	28	150	192	583c2e106d7732b4569470d17aa464369be10a13
0x11e	Cephas	38	64	101	cae66c0b69bfab3c7a46a7e09736f99db854b11e
0x11e	Cephas	38	303	340	ba1d361a8e61f048976e6637dd8ac55e7ba8cb02
0x11e	Cephas	38	150	187	02e6d58bd69eaeebe3ca15f7d158de4b10c19935
0x11f	Lutas	31	64	104	c90f09415feffffce401c04cdcd7d4fd67f60505
0x11f	Lutas	31	303	343	ba1d361a8e61f048976e6637dd8ac55e7ba8cb02
0x11f	Lutas	31	150	190	c44ff665f553e798e6583717096001d3aaa740a4
0x120	Fein	24	64	108	72af49226f7f133ecdaf453a224ff1cbb57df7b8
0x120	Fein	24	303	347	ba1d361a8e61f048976e6637dd8ac55e7ba8cb02
0x120	Fein	24	150	194	7a230432767a76f6c192113bb0d5458f57de5d0c
0x12e	Meia	27	64	106	7fb5d57990c98c86898a0e4f6aca345e0a1abf71
0x12e	Meia	27	303	345	ba1d361a8e61f048976e6637dd8ac55e7ba8cb02
0x12e	Meia	27	150	192	cbd87e5e7da7302b4360b47cf8836ef0e46df651
0x14b	Elene	29	64	105	bf90326a9225b3700953c01f14c2ae14b18302c3
0x14b	Elene	29	303	344	ba1d361a8e61f048976e6637dd8ac55e7ba8cb02
0x14b	Elene	29	150	191	677d907272d1982a8ed665a4102e59d4785876c9
0x14c	Bonaire	43	64	98	f9854e82abeb57d24fed6d08372874c59f7f54bc
0x14c	Bonaire	43	303	337	ba1d361a8e61f048976e6637dd8ac55e7ba8cb02
0x14c	Bonaire	43	150	184	e304b0c64cac56eb26e0c017e726b946313e2b44
0x14d	Myra	30	64	105	6dcdcfef9f5280e0a19f47e865e59069a2a78f11
0x14d	Myra	30	303	344	ba1d361a8e61f048976e6637dd8ac55e7ba8cb02
0x14d	Myra	30	150	191	4f438aa0047ce5c6e8d3da56d5d07c9a06f4e8d9
0x14e	Nadia	33	64	103	33ff821f5e94150dacb1da965139bb02276bbe2b
0x14e	Nadia	33	303	342	ba1d361a8e61f048976e6637dd8ac55e7ba8cb02
0x14e	Nadia	33	150	189	2b99e8f438a7d2678a0c00acd71695a51355d312
0x153	Sara	27	64	106	08cf59f926fafaba5927f542cfdc9c9817017c2b
0x153	Sara	27	303	345	ba1d361a8e61f048976e6637dd8ac55e7ba8cb02
0x153	Sara	27	150	192	ab592c9cdd0cf29076c3cae363cb8e3159106278
0x15d	Meia	27	64	106	7fb5d57990c98c86898a0e4f6aca345e0a1abf71
0x15d	Meia	27	303	345	ba1d361a8e61f048976e6637dd8ac55e7ba8cb02
0x15d	Meia	27	150	192	cbd87e5e7da7302b4360b47cf8836ef0e46df651
0x162	Lurvy	33	64	103	6cf994109a038e9b3e3e5960c20cff35bed666cf
0x162	Lurvy	33	303	342	ba1d361a8e61f048976e6637dd8ac55e7ba8cb02
0x162	Lurvy	33	150	189	e1be39f9282fb7b1d798e4edf93282be6f96f109
0x16e	Jeal	22	64	109	79b8ec7d50bbe4bcf6677d58e15f6f3372dfee09
0x16e	Jeal	22	303	348	ba1d361a8e61f048976e6637dd8ac55e7ba8cb02
0x16e	Jeal	22	150	195	c68e750101dd8708ad0f938b4bdb77545b5e1344
0x174	Stenia	35	64	102	6bf2b98504bcc9a0bd1f02fc0b0d8ca7de2a7c61
0x174	Stenia	35	303	341	ba1d361a8e61f048976e6637dd8ac55e7ba8cb02
0x174	Stenia	35	150	188	94495655b5484130d3e1137028a2637213331eb6
0x17a	Miming	44	64	98	4706424d799cdf6171d2456c93076629f4768f0d
0x17a	Miming	44	303	337	ba1d361a8e61f048976e6637dd8ac55e7ba8cb02
0x17a	Miming	44	150	184	9036daf44ecbbbb34ded8bb581d4f4876b30db2b
0x17b	Bonaire	43	64	98	f9854e82abeb57d24fed6d08372874c59f7f54bc
0x17b	Bonaire	43	303	337	ba1d361a8e61f048976e6637dd8ac55e7ba8cb02
0x17b	Bonaire	43	150	184	e304b0c64cac56eb26e0c017e726b946313e2b44
0x18f	Keysmith	49	64	95	9b848b831310c8e624f1947272e947980fb11e1c
0x18f	Keysmith	49	303	334	ba1d361a8e61f048976e6637dd8ac55e7ba8cb02
0x18f	Keysmith	49	150	181	9672fe984b3b2625e8959b33d5fed0cf5ca9b560
0x190	Meia	27	64	106	7fb5d57990c98c86898a0e4f6aca345e0a1abf71
0x190	Meia	27	303	345	ba1d361a8e61f048976e6637dd8ac55e7ba8cb02
0x190	Meia	27	150	192	cbd87e5e7da7302b4360b47cf8836ef0e46df651
0x19b	Uma	26	64	107	8688bdaf46de88b87a4e74559fa225c7d34df406
0x19b	Uma	26	303	346	ba1d361a8e61f048976e6637dd8ac55e7ba8cb02
0x19b	Uma	26	150	193	71247eb12e6556c46a7537a7680be5511427f1fc
0x19c	Wilda	33	64	103	4aa429fb0260c686a066edeab3f69082d496ce15
0x19c	Wilda	33	303	342	ba1d361a8e61f048976e6637dd8ac55e7ba8cb02
0x19c	Wilda	33	150	189	856830ad2ee84a52d27aea7d3743fc50a7721e7d
0x1a0	Kohei	29	64	105	415ea034daef9493b444c8b170b532a94c2d085f
0x1a0	Kohei	29	303	344	ba1d361a8e61f048976e6637dd8ac55e7ba8cb02
0x1a0	Kohei	29	150	191	8e7be7ba76e7cd60aa82fc0816d4b9c6e8630e06
0x1a1	Merrick	44	64	98	18596c1bdc58f5004d29ee09ba0db6aee87b6b72
0x1a1	Merrick	44	303	337	ba1d361a8e61f048976e6637dd8ac55e7ba8cb02
0x1a1	Merrick	44	150	184	2d2ed78a225467ea5f7f13475343356bd58f8a8a
0x1a2	Melzas	39	64	100	ad7fcba1d222c2250aff583cf2b1b1357cc9ed4c
0x1a2	Melzas	39	303	339	ba1d361a8e61f048976e6637dd8ac55e7ba8cb02
0x1a2	Melzas	39	150	186	436841de649ceee5eb6a87e9fbd0baac35b765ad
0x1aa	Melzas	39	64	100	ad7fcba1d222c2250aff583cf2b1b1357cc9ed4c
0x1aa	Melzas	39	303	339	ba1d361a8e61f048976e6637dd8ac55e7ba8cb02
0x1aa	Melzas	39	150	186	436841de649ceee5eb6a87e9fbd0baac35b765ad
0x1b0	Vul	19	64	110	80a9a0db00431510e9de9d69f87544cb4d440f52
0x1b0	Vul	19	303	349	ba1d361a8e61f048976e6637dd8ac55e7ba8cb02
0x1b0	Vul	19	150	196	a7cc80a6572d6a24ec4d3cf0328960b84ac25d4d
0x1bc	Lars	25	64	107	2fe2b68d14c45953ca651aabacd0a3e06fb0c0a8
0x1bc	Lars	25	303	346	ba1d361a8e61f048976e6637dd8ac55e7ba8cb02
0x1bc	Lars	25	150	193	d5cd11e2ebf33535132453c707aed0a4271d991e
0x1be	Ronan	37	64	101	36b5a9a1e764801f3436b22f6dc3f3b2d82fef76
0x1be	Ronan	37	303	340	ba1d361a8e61f048976e6637dd8ac55e7ba8cb02
0x1be	Ronan	37	150	187	f066ab6eccad09fc8ffe695fbf2cc717e7aa3a43
0x1ed	Nirude	38	64	101	4b75eb99aef47681097987009ab5ae03f8b07135
0x1ed	Nirude	38	303	340	ba1d361a8e61f048976e6637dd8ac55e7ba8cb02
0x1ed	Nirude	38	150	187	ac11133ccefccfe3ad545e04473edd38f3eac378
0x1ef	Nirude	38	64	101	4b75eb99aef47681097987009ab5ae03f8b07135
0x1ef	Nirude	38	303	340	ba1d361a8e61f048976e6637dd8ac55e7ba8cb02
0x1ef	Nirude	38	150	187	ac11133ccefccfe3ad545e04473edd38f3eac378
0x1fa	Zazan	36	64	102	14c5760602190579031f16bb16936ddc6662acab
0x1fa	Zazan	36	303	341	ba1d361a8e61f048976e6637dd8ac55e7ba8cb02
0x1fa	Zazan	36	150	188	7b78f9a8249a0360af30497bef2e99eba1ddbe51
0x1fd	Zorgia	36	64	102	a3335d334629ce6b19ba4dd1b0e681ed8ec3b742
0x1fd	Zorgia	36	303	341	ba1d361a8e61f048976e6637dd8ac55e7ba8cb02
0x1fd	Zorgia	36	150	188	f39f589764fdf486b385062c422f226d2f367dd7
