file	old_size	new_size	unique_images	sha256_rgba_compact	opaque_px	stp_px	images_wrong_in_original	changes	exported
data/map_alundra_spritesheet.png	256x2048	512x1221	694	82ea1c8ec10228eb6c22d1156f3d3c500959e21dc7d43b20007f36aa8a62f9b4	183743	63731	113	1	1
data/map_0_spritesheet.png	256x2048	512x1	0	e5a00aa9991ac8a5ee3109844d84a55583bd20572ad3ffcd42792f3c36b183ad	0	0	0	1	0
data/map_1_spritesheet.png	256x2048	512x140	91	811b18b24d11dec0797aaff21ea89a442ab45a8a818a104b4b0f1622cee4f215	26040	0	19	1	1
data/map_2_spritesheet.png	256x2048	512x352	146	c9589974b90c6d4da77d35f89391fe3175ffc70721a4a7a4016cdb077b075003	66529	1051	37	1	1
data/map_3_spritesheet.png	256x2048	512x328	162	1733cd831147fa22ff71e065d0127a82a93e186a0fee970db36ca407926779ea	64626	799	48	1	1
data/map_4_spritesheet.png	256x2048	512x302	126	aeed1aeacb84b2b0273b6140be3a05ccf039a73487442fff8b2a83fd85185ecd	49535	4663	35	1	1
data/map_5_spritesheet.png	256x2048	512x294	101	58097e6fd855cefc30f6fddafa63552137bc3325b3b7697e6bd52b62f699a00e	61240	268	26	1	1
data/map_6_spritesheet.png	256x2048	512x238	164	501edc670a2f59dd81ba9e606064c1f50dee4a6e607034ada9821d071d361f29	56715	0	28	1	1
data/map_7_spritesheet.png	256x2048	512x256	115	ea241d353046aed9168b09f0c9566ddf4188448b8d417e6f206a29564c0f88bf	45445	7915	28	1	1
data/map_8_spritesheet.png	256x2048	512x264	147	4e6850e69718fc02a673f0e278de28420547fa5ed0b0794c1b0835a914d1d019	49102	3804	22	1	1
data/map_9_spritesheet.png	256x2048	512x214	87	c274385c1d74af39e05645b5581b9c5932dff61fdbf6c48db610d3dc38daad7e	21828	20104	8	1	1
data/map_10_spritesheet.png	256x2048	512x554	507	65597390bc45120bdb6cc93589be378de2f6517d92a3c248a643cb242b474a01	136637	0	159	1	1
data/map_11_spritesheet.png	256x2048	512x196	115	0fd94e5bf2dc5f995d71c79ca03ce9d040b07fc56d5ba860fc96837965974942	38928	1	24	1	0
data/map_12_spritesheet.png	256x2048	512x307	187	7bceac9058cf63ced56c1fd47ad02bccadbaf2682b1deed36ea376b8067706aa	45814	12092	34	1	1
data/map_13_spritesheet.png	256x2048	512x243	68	be569f68e14bac5d056cfe66c2e6b2f8ae94255a9be9cae1605ca0433a548b99	29441	13579	8	1	1
data/map_14_spritesheet.png	256x2048	512x247	129	57112b64ce5ae9f682a60c8f58739ac18e9f3060798d9465e68d7741055eb6e1	31702	11294	20	1	1
data/map_15_spritesheet.png	256x2048	512x247	130	c17c6ed121d593fb3760e660e75d50d4f6b180bcf6eefb8b462af7d698d4879d	48015	375	44	1	0
data/map_16_spritesheet.png	256x2048	512x296	168	d61b6f0bcbddb6ad9aa22bc50692062e56366d32ec26ea9678070b92f6bed9f8	54220	0	39	1	1
data/map_17_spritesheet.png	256x2048	512x328	124	c5e3ffa90b8ff8e929b7510a623de402f92e39a7f493300e9031a23115515d0b	79948	3572	31	1	1
data/map_18_spritesheet.png	256x2048	512x305	149	e825f2c5b71278467247c40555de7fbdbf47406900770c5300e93373b8a2609c	53518	1777	40	1	1
data/map_19_spritesheet.png	256x2048	512x391	176	7f97c59b5dec480b5b5cc76e32851cd7666bb9b73cc9778835ec118da24dbdbc	70631	3312	51	1	1
data/map_20_spritesheet.png	256x2048	512x1	0	e5a00aa9991ac8a5ee3109844d84a55583bd20572ad3ffcd42792f3c36b183ad	0	0	0	1	0
data/map_21_spritesheet.png	256x2048	512x271	107	d9299ab81ae17b7fc8640edda46cc690104c1076b4531e889379cc1533e376ba	29398	9728	33	1	1
data/map_22_spritesheet.png	256x2048	512x288	133	62a78c78c306918a45b481af63075c3286a02bf3104c0a1a1f2bbeacf32a03e0	40783	13482	27	1	1
data/map_23_spritesheet.png	256x2048	512x57	20	9c1da212937b30d22bc1f9bbe04287a93e0c393bc2d29e84848d577c203a3470	10755	908	3	1	1
data/map_24_spritesheet.png	256x2048	512x248	127	aa8bf933ded2fd37134c6a3833d523c34020a40359b6a9b08045962c1661bd3e	31312	9206	26	1	0
data/map_25_spritesheet.png	256x2048	512x432	98	425e1bb9b09b670f11f2180529406645fd5382349419853d84cd16e8b9b7c362	67778	15533	46	1	1
data/map_26_spritesheet.png	256x2048	512x277	130	55107a49e4845b9d76898719f2b59199fa7d365b0cd87feac0487c96577fb63b	47571	4093	29	1	1
data/map_27_spritesheet.png	256x2048	512x338	174	8d3e6b7efb4962d7e23795b0a96ae1700a399e63a49b386c80abdd7f80deca9f	69199	5165	34	1	1
data/map_28_spritesheet.png	256x2048	512x181	93	76683c20c294c0462b3fee360088ee27521a49aced92e9f6f46172f078848bcb	29271	1509	17	1	1
data/map_29_spritesheet.png	256x2048	512x317	124	88f2a67b0d004214f771bf7c3e5ec4609701621f2aaaa2b249d02a2590da9188	61320	6240	29	1	1
data/map_30_spritesheet.png	256x2048	512x334	133	6948e1e8298b66c8486ec59ce49750ff739efeef0392b46ad97ef35cd5ec2e3a	66300	5191	35	1	0
data/map_31_spritesheet.png	256x2048	512x262	98	f160b0ddecda6cf07e4ed35ce50e9aeecf92fd5776200372ee3ec602dc12c5d9	48910	2443	25	1	0
data/map_32_spritesheet.png	256x2048	512x304	168	bd26f95e6a798f96b5fc5318c947b2931c1149673d969b3d27dead7b07d9565b	58642	1509	34	1	0
data/map_33_spritesheet.png	256x2048	512x319	155	dce05917c0ffa52a65b499217340cf9ca1c5c1e9ef3f58dcf45c274f030be8b6	63946	1509	28	1	0
data/map_34_spritesheet.png	256x2048	512x432	100	ca77d0d1214465ba56f17c679f894f433b8e9ed32485cc65e5d3124ea979e08f	68302	16057	47	1	0
data/map_35_spritesheet.png	256x2048	512x277	98	116f0227621921339d75fa7d6ddab6e57f75f26c7619543994efd454e3727ffb	62176	5155	32	1	0
data/map_36_spritesheet.png	256x2048	512x186	42	28ffe61f0c05419b3315d83d617af7a0a0d8c1fbe428ab6e5c04a95bb304853e	47877	4106	17	1	1
data/map_37_spritesheet.png	256x2048	512x56	9	6b046ef91d530d8d5822e5c1cc424572799bd9af666abed2b0625946d8b115aa	4571	908	3	1	1
data/map_38_spritesheet.png	256x2048	512x360	151	eaa0fad8560c0c8888c5778045b429f5377d5bf59abe1c88d882117b4e6b39b3	76288	5155	73	1	1
data/map_39_spritesheet.png	256x2048	512x278	98	84e632963d134298383969d6a8b2e81c9355d333e320b0f4aba3d07b3acc68ca	63113	4247	31	1	1
data/map_40_spritesheet.png	256x2048	512x297	158	f8ec2369ba9838f2e0d38bbc1aeb4026d2f154e8a4a9c9392ba771d7af09a071	41580	7914	59	1	1
data/map_41_spritesheet.png	256x2048	512x500	200	503f83ce8086445cf46cf2e258936e479e3ba402dc5abe8ea5ae3e2532554e97	80907	32551	62	1	1
data/map_42_spritesheet.png	256x2048	512x376	130	91189e1152414eaa8abed029b1e1ce3998e2cf6e7d2b50e4208b39b3635d5825	63914	32551	44	1	1
data/map_43_spritesheet.png	256x2048	512x180	78	f7fd34fe86baafe8f3bc426f71f89a2143179ec8f25efa84ad0e7d4a00fdcac2	29458	0	15	1	0
data/map_44_spritesheet.png	256x2048	512x715	116	50d58bbcbd5ba2a71bb88fcad77207ef6be85065e76c3c6e5b98acc7e502e212	46315	87200	30	1	1
data/map_45_spritesheet.png	256x2048	512x1	0	e5a00aa9991ac8a5ee3109844d84a55583bd20572ad3ffcd42792f3c36b183ad	0	0	0	1	0
data/map_46_spritesheet.png	256x2048	512x1	0	e5a00aa9991ac8a5ee3109844d84a55583bd20572ad3ffcd42792f3c36b183ad	0	0	0	1	0
data/map_47_spritesheet.png	256x2048	512x509	252	2788cbb8a5cdc4d1c764e9a11811e83e6d8c18b23d521597189a6f76bfe9fe62	71727	27015	146	1	1
data/map_48_spritesheet.png	256x2048	512x328	148	2435674ec40c3231305aa0012c736eb500b5760c86d7980ed654b77a91fa87c2	44837	26416	50	1	1
data/map_49_spritesheet.png	256x2048	512x237	88	5039bcd396395caadef51836bcbd785f5c5c25f1d316dd617beb3c1542de2128	24186	26415	26	1	1
data/map_50_spritesheet.png	256x2048	512x271	86	a5be77db0832c2fa431b8660cc497e46c102e0aa7558b3ff083a9ca299c09f1f	30084	31177	41	1	1
data/map_51_spritesheet.png	256x2048	512x353	170	2750c7f273fab01867b421134092373306b68d39cda8db6ff47b0ccc824f35d2	43698	28448	43	1	0
data/map_52_spritesheet.png	256x2048	512x361	162	fc3a869e0fef5cb6fa99e64f7b06331a9c5fef315f1f55e0cdef1c2977f2ba6d	46536	29041	43	1	1
data/map_53_spritesheet.png	256x2048	512x262	118	a9fb4ec9afb74264af86fe849e91ed9e478b6849f6341e137c6657dda13a8604	33678	26415	26	1	0
data/map_54_spritesheet.png	256x2048	512x476	238	c63557eaad067a2224f24af776b2c2cef1f938df3b662c5146534cc70f6fbb59	78637	13322	124	1	0
data/map_55_spritesheet.png	256x2048	512x57	19	4ae089318060c69bd685ff6558c0b572ad3c7893fc8d6366999eef9ac2b60e69	4937	2975	7	1	1
data/map_56_spritesheet.png	256x2048	512x33	15	563112ea8d8f00ec679b273a12ba0a4e6989c8b446b4455fcfe8991ea618a220	3163	2975	7	1	0
data/map_57_spritesheet.png	256x2048	512x57	18	dcc24c736fdfd1e4c6e3fc6ff678a15f746781b202c8bbe5efa4c68af1147dde	4541	2417	4	1	0
data/map_58_spritesheet.png	256x2048	512x181	75	28e1a61906a720ab22954442ca2cf04c84da169a3bf6f2d5df6acddd759edd36	29223	1718	17	1	1
data/map_59_spritesheet.png	256x2048	512x221	78	fa8399acc9b89cafa406fe7c5b55479098b1a17c04464428b0caf4ff43668fc5	3262	35050	33	1	1
data/map_60_spritesheet.png	256x2048	512x74	33	6140b6d45d8a2a34cd42c4c42a4377a2c1a3b65cfb50aa5a1ea957fe57c7797d	7545	2300	10	1	0
data/map_61_spritesheet.png	256x2048	512x411	203	748130c1e1aa800e64a8b0d057c74a1c71fc9e46a7a96872fcb2148e93ad3a98	70251	12988	37	1	1
data/map_62_spritesheet.png	256x2048	512x105	18	48cf329e7d52b789ecadf1300ea30bb6674e2f79d6dc0b1c88bc6363a5ce90db	18917	0	0	1	0
data/map_63_spritesheet.png	256x2048	512x289	145	7bba45b89a7e177981f522987150fa55ba0a306a0e80d21be7453aeba071ea66	46813	8712	19	1	0
data/map_64_spritesheet.png	256x2048	512x255	132	7b9c01028abb463d39074d87b41ac5bd7a6375ec21b3332123c70099d147a880	39303	7914	22	1	0
data/map_65_spritesheet.png	256x2048	512x1	0	e5a00aa9991ac8a5ee3109844d84a55583bd20572ad3ffcd42792f3c36b183ad	0	0	0	1	0
data/map_66_spritesheet.png	256x2048	512x246	114	e7f228192220d6b4ef554ae0539cebfa4ae7fda36c18da36cfe4d63b14fe2eb6	36717	8712	19	1	0
data/map_67_spritesheet.png	256x2048	512x353	145	19d248ae59d6ddacf36a590c528d0500e7a4c81e17b8b0941c3c2bbdfa174bfd	71826	8712	29	1	1
data/map_68_spritesheet.png	256x2048	512x254	108	baf126e7081830a5677b9bfc4d6ba79bdd424cbd1a6c176447e1e0b28e93c4b3	46626	8822	16	1	0
data/map_69_spritesheet.png	256x2048	512x320	149	112bcdd61d2a30baed99fd00c73a109cd851424fa09ee91b7d009d36c82dfd6d	66408	1707	41	1	1
data/map_70_spritesheet.png	256x2048	512x321	154	ae6a2b9b23c6daeef83f8fbbfff47dc86aa77a6a28c69adacbf570289f48fb12	64321	1706	40	1	1
data/map_71_spritesheet.png	256x2048	512x189	77	0ed34615284f3cf53ad63bef65c84e4c31ed762191f20714c00a0f0bca2afb06	37388	1	24	1	0
data/map_72_spritesheet.png	256x2048	512x426	219	0e7215a20ddfc68098125e53442821b8f38950544d6d61acc63869ae342b6fa5	91802	1707	64	1	0
data/map_73_spritesheet.png	256x2048	512x329	145	a2b4ec21deb3730eafe6c43d1e40eab3d97b34d76599e936bb6f01aea2eeb315	64640	799	39	1	0
data/map_74_spritesheet.png	256x2048	512x468	217	8bce660586daf69f91929b46d2c99ea48bfb054630036163fdf563a9f08901e5	100799	1707	64	1	0
data/map_75_spritesheet.png	256x2048	512x329	144	34989c93f907bef019a0f95bf32c4a516b5946d67a07983d188965dc099da89c	66913	799	41	1	1
data/map_76_spritesheet.png	256x2048	512x638	50	89c6812b9d56f44ba10338290b0887a8f819b0edce3c3bbcd0e818efc77568be	45375	45216	35	1	1
data/map_77_spritesheet.png	256x2048	512x89	25	9113db6fa6ae51fdde75ef43d87d5f4b9f5b15fbde1b3d9918048748fee48eab	14678	1282	6	1	1
data/map_78_spritesheet.png	256x2048	512x304	135	b5f35c8d6a5d4ddaff16b1c95490e4ec46baf416d491e554f044e19d9bdc58c7	67415	2722	37	1	1
data/map_79_spritesheet.png	256x2048	512x115	50	257ad43c4afdeb840b2d409109e97da9b1c15bbfc19c215f9dc47d7a77e0ffae	18273	3006	7	1	0
data/map_80_spritesheet.png	256x2048	512x513	216	34151220cea3e0d004fe3ba355b9647007833de4d23d3a6fbbd0839a144923da	89183	3446	52	1	1
data/map_81_spritesheet.png	256x2048	512x392	166	e3f263bd50ec70310cc0fc0d16fb34fe892daf391f00674705ab182da8a1eff1	68696	3587	39	1	0
data/map_82_spritesheet.png	256x2048	512x521	215	e19ba71c1e25695d47ddf8676f8516ae78429a3e35104f66ed0e21095683cf52	88666	4111	53	1	0
data/map_83_spritesheet.png	256x2048	512x522	217	0b9ff0b5c75564993e874dcc4e572763404fc0e8c30996e1fff8e0e13aac4f2c	93885	3446	53	1	0
data/map_84_spritesheet.png	256x2048	512x756	221	0912c18b75c51bd358f851d610bb4e138d0a87a08c6b84d755788cce3459d319	108917	7338	104	1	1
data/map_85_spritesheet.png	256x2048	512x124	42	00bf97a6e27dd5ad74349c20ac3576d0df7754296bb1a7330220f1f9fd790c07	12280	12190	4	1	0
data/map_86_spritesheet.png	256x2048	512x214	94	1949576876c18b87d4467be87c54b069ef4479cb265de9048e9cbef4b83bf0ac	36303	6320	17	1	1
data/map_87_spritesheet.png	256x2048	512x360	160	a6ef9c30c3af61a20fd7b45402e3256dc88c2d18c82f8093bace32a19792dc1f	53828	18029	31	1	1
data/map_88_spritesheet.png	256x2048	512x400	155	929c2977bb7aab653dab04824fd042acaaf00064960a441097ed1ad292872007	66655	10495	33	1	1
data/map_89_spritesheet.png	256x2048	512x394	170	e4b33a3e6869ebcce957ca9b23044f5c2b96cd8c4385e3d086425af98ba55243	70012	10396	35	1	0
data/map_90_spritesheet.png	256x2048	512x246	85	89561665f9ff4da9e5c134274c614f9b16e726fcf8fa60befd4bc98b6266e434	34703	10495	21	1	0
data/map_91_spritesheet.png	256x2048	512x48	9	3e8a28fb0729fcfd6eee0b6c0367c446f7b27e3995a06734ca21181f0be383df	2291	908	2	1	1
data/map_92_spritesheet.png	256x2048	512x393	156	aaac4ab1ad6ec6f22ce3954fde2684ef70cbbd85d08bc4fb4eceebc36e86214b	65059	10955	33	1	0
data/map_93_spritesheet.png	256x2048	512x255	99	d0da18090c37a09d55f39c7348ce4542ebaa03c712648a19009d283d56b735bc	40615	9598	19	1	0
data/map_94_spritesheet.png	256x2048	512x269	91	1e168e364aefa587c4b2f93f79410451545fe5036a6a2c2d5e00c470b25934ea	35575	10636	19	1	0
data/map_95_spritesheet.png	256x2048	512x1494	447	15dc9427a1a8fae8af5f99da1fae552be515f825ddb655d60dd0059ca41e6adc	93947	48638	389	1	1
data/map_96_spritesheet.png	256x2048	512x1	0	e5a00aa9991ac8a5ee3109844d84a55583bd20572ad3ffcd42792f3c36b183ad	0	0	0	1	0
data/map_97_spritesheet.png	256x2048	512x49	9	369859ae5ba934a5b67a4792660fb4de23f4293587a7bfe74b46506cdb881cc3	10299	0	0	1	0
data/map_98_spritesheet.png	256x2048	512x139	45	5d41258222d301a4d40a5388515956c59dfb584480c4821d1cfcce0077802d75	13676	12650	5	1	0
data/map_99_spritesheet.png	256x2048	512x1298	139	f4ee79bcccd6e87543964e68ffbb28502c492500cbefcd42f5179fab6c3f808b	102840	80381	86	1	1
data/map_100_spritesheet.png	256x2048	512x231	118	6a90f58a2fd327906b5b16354434cf2cd72bbd145005ca8e7f9e192979988d39	25161	18401	25	1	1
data/map_101_spritesheet.png	256x2048	512x515	219	fcc39461f909f1cc32b53a96064c7ed9bce12b3e6975c091a7e6eef3e1236723	86100	18401	39	1	0
data/map_102_spritesheet.png	256x2048	512x140	84	4081ffa770555ab3ae61bf3e74f51694cdd9ed61e08c6981f60f5cd4965287da	12844	7503	23	1	0
data/map_103_spritesheet.png	256x2048	512x521	296	9aa0ffce9f68a295730bbcb8dcf6a1a0c07f7b0c6e7eab3a4e34d8ed6bb58186	67860	31199	140	1	1
data/map_104_spritesheet.png	256x2048	512x306	186	f5800710db8d14df43b03d23670f6cb4253877975666bacc00055a1ee4c37336	44666	14755	120	1	0
data/map_105_spritesheet.png	256x2048	512x455	255	3f9ba75649bd01c198670fd3381bd293017f99b5187d3035e90a829f85d8545a	77985	13847	130	1	0
data/map_106_spritesheet.png	256x2048	512x562	330	013d14d54f097c56b46254a00b494520e59bc71c4d282bca5020db626925b410	85044	20058	149	1	0
data/map_107_spritesheet.png	256x2048	512x49	8	85d57a30e8466da95eaa26e852ac0ba5902a1761669c27571663b5000c49f909	10295	0	0	1	0
data/map_108_spritesheet.png	256x2048	512x57	14	64d52606a2be0fec4c5ab08049f3e6c43f61561659f43df2816cfcedac2db748	7221	384	1	1	0
data/map_109_spritesheet.png	256x2048	512x428	50	76bccbebb0d03ca4759089d052299a1f7b3cf815321813398744d14a1043269c	34739	13842	38	1	1
data/map_110_spritesheet.png	256x2048	512x180	80	a4915c1ed60340111444165cbcabd165ebfbdaca5ea129767b9f367ea61ac643	29500	1607	24	1	0
data/map_111_spritesheet.png	256x2048	512x196	66	0aed951c7dcb9e9271a009f1172fea9d33f7cc836d9169dd7ed376264a00d57f	28399	1889	23	1	0
data/map_112_spritesheet.png	256x2048	512x57	5	0b2c8f29cab6af7d56192040b11290f9ec9129c0825582bdc27cb2f563123096	2588	0	1	1	0
data/map_113_spritesheet.png	256x2048	512x57	16	da4a6f3715ebf24d893637a0900fb3d731e72972a1df21ba4c44ea00ed94f815	13724	1049	3	1	0
data/map_114_spritesheet.png	256x2048	512x279	127	a40b3c4ee850c3a9beae2cf338a1095cef1c2672adcf61e8732248883ab6ebd2	48533	1190	38	1	0
data/map_115_spritesheet.png	256x2048	512x375	141	a0631b82a1150e9a803b56f8960cf8147f757474acfe871daa5932c59d9561cd	23222	33294	65	1	1
data/map_116_spritesheet.png	256x2048	512x132	55	c3a57d8786e9c55b42cea206a55e140e658f2d5e5cffcfe409cd0225d4b44010	15751	7914	5	1	0
data/map_117_spritesheet.png	256x2048	512x367	139	310a39649f56bde85a172de3d744cf092669a935622695a87cee59b418c09b45	19163	41732	53	1	1
data/map_118_spritesheet.png	256x2048	512x1	0	e5a00aa9991ac8a5ee3109844d84a55583bd20572ad3ffcd42792f3c36b183ad	0	0	0	1	0
data/map_119_spritesheet.png	256x2048	512x328	140	3312df8221100ad1b2d9565e25b41e7f0e7ef735cab549685c7506640fccc91e	67177	793	49	1	0
data/map_120_spritesheet.png	256x2048	512x187	77	3b6f3cf3fb350b4b35a3e96759c1f761796b0ed569be21e50de5c007c2830a8e	39223	525	25	1	0
data/map_121_spritesheet.png	256x2048	512x189	72	3882f43894bc73929115b9413220c11d6fb162008adf85cb4bb8c3fc324fcece	34893	268	24	1	0
data/map_122_spritesheet.png	256x2048	512x74	22	6dac2a5df3f733b25cd71a266a0279b678371e3316d517202ffce109bc189110	13605	1573	2	1	0
data/map_123_spritesheet.png	256x2048	512x1330	168	cdaeb17054e762d1e6f017e61c94b7c3317d7dd410025252799b03bb0b120476	112013	80381	86	1	1
data/map_124_spritesheet.png	256x2048	512x155	49	17b1551b015669a7aea4f39ddee52677a10d6712a1d4e9ef51a5da0a969084f3	16552	12190	4	1	0
data/map_125_spritesheet.png	256x2048	512x577	318	312a6b03fec9cdb14baa003ef1a07953d15e2c15362bb6a73f28541c4de59957	89299	36869	157	1	1
data/map_126_spritesheet.png	256x2048	512x387	202	2f2094f8c170994b4c33a71cb38360bc5c21bb7b26db36053479ff68e35188da	63559	17560	128	1	1
data/map_127_spritesheet.png	256x2048	512x148	78	7a39d3cffdb758f3cbf51663d1b72118a6214eba71d88bf3c1a39fb156cb6d47	12850	6211	21	1	0
data/map_128_spritesheet.png	256x2048	512x181	95	ca603097b84231c7cdf808dad1f7e791366d4a1726a7fedd20adb869d0f1c705	20765	11881	34	1	0
data/map_129_spritesheet.png	256x2048	512x1	0	e5a00aa9991ac8a5ee3109844d84a55583bd20572ad3ffcd42792f3c36b183ad	0	0	0	1	0
data/map_130_spritesheet.png	256x2048	512x1	0	e5a00aa9991ac8a5ee3109844d84a55583bd20572ad3ffcd42792f3c36b183ad	0	0	0	1	0
data/map_131_spritesheet.png	256x2048	512x1	0	e5a00aa9991ac8a5ee3109844d84a55583bd20572ad3ffcd42792f3c36b183ad	0	0	0	1	0
data/map_132_spritesheet.png	256x2048	512x1	0	e5a00aa9991ac8a5ee3109844d84a55583bd20572ad3ffcd42792f3c36b183ad	0	0	0	1	0
data/map_133_spritesheet.png	256x2048	512x1	0	e5a00aa9991ac8a5ee3109844d84a55583bd20572ad3ffcd42792f3c36b183ad	0	0	0	1	0
data/map_134_spritesheet.png	256x2048	512x156	55	19f73318de8da99f4a3d0c2ea8c6c330f53122892e53318b716615e2fbbe4b51	27208	0	0	1	1
data/map_135_spritesheet.png	256x2048	512x164	113	9494fcc1b3c3ab1fc6d047791e7201a5ae0d14b4055aa72dfb7e8f28de7a8b72	36426	0	0	1	0
data/map_136_spritesheet.png	256x2048	512x74	39	7c7093cb0e8560a05ad15daa9210ea4cecad1669232aac6720ea40165c82b5b1	12403	0	1	1	0
data/map_137_spritesheet.png	256x2048	512x33	12	11cacde1ef314f8412efb9868d8f76c1daf19438c0268abd8ea3c6e6d525bd6f	5406	0	2	1	0
data/map_138_spritesheet.png	256x2048	512x387	357	4bc92d2353dc633d20a5b89ade0b1bd8484cd5b1ca48edb3ec06789803c07faa	91924	0	90	1	1
data/map_139_spritesheet.png	256x2048	512x310	117	275500c426c522b7048b4d83b18fa0d11918d249310e8a32b84170a3d48c685f	49942	16619	16	1	0
data/map_140_spritesheet.png	256x2048	512x82	27	f65875d9d4b8f8d19957b9834c5e2aef4f89d0cbff4db4b17e572b2e36f6eced	14388	1957	4	1	0
data/map_141_spritesheet.png	256x2048	512x173	78	69295a2f18fe0028d93640e80a1085c14f2c9232ae41978e967b37aa92ef3473	18321	15720	12	1	0
data/map_142_spritesheet.png	256x2048	512x155	51	b12c037a01fdf773b35f3d1fd30ff08193a62effad0178613a84a9cbcaf88d0c	17518	12190	5	1	0
data/map_143_spritesheet.png	256x2048	512x57	12	7da9f024ab3cf5b884fdf2041384d6005e44895ba6da465fc5c122b07381d94f	6782	0	0	1	1
data/map_144_spritesheet.png	256x2048	512x230	114	03bf0339f6f8c9d23be0cb8bdbef3132ff2f7c5511bfd29bd3c6a2302d62e9d9	37040	8672	7	1	1
data/map_145_spritesheet.png	256x2048	512x158	135	770efa830d391c084011853df811e1f13596cd58ed497a42bf23d1eaf9ffc4d7	32196	374	38	1	0
data/map_146_spritesheet.png	256x2048	512x260	75	dc8642e62e271c5cdc3e37a033864c9e294e727982e891947d61ce3039b35bb1	42764	12190	6	1	0
data/map_147_spritesheet.png	256x2048	512x342	110	b6314096667d8fcfffd31bf6c939d4cda08f8c498143a36fc4dacb687c973d53	47622	18056	31	1	1
data/map_148_spritesheet.png	256x2048	512x443	207	442262a9657ba37d9dede9e762f08eb1f246818b882f6c43efa952a7d724be06	78637	1190	43	1	1
data/map_149_spritesheet.png	256x2048	512x400	162	bf05e9270df2f9c29b4067bc77d5681d33747f6382fb44c35f7c4a6608a8d2f9	79424	908	29	1	0
data/map_150_spritesheet.png	256x2048	512x385	159	9af20cae775084ccb5e8035fb092bc0d81573d72d53585eb50107de1299b5f04	78489	908	29	1	0
data/map_151_spritesheet.png	256x2048	512x401	178	54b5f020fb80f2448b529c40b7bee9b3216a1a2b41520a77bc49f30bbc2b8a52	69248	1190	43	1	0
data/map_152_spritesheet.png	256x2048	512x302	137	60c1f3ac32ae375c0b7bfac12cd3ffb9f8b690ad08658e8d7fc96bbc2ab8c22f	52485	2515	31	1	0
data/map_153_spritesheet.png	256x2048	512x720	150	ad21d18a17fb91fd591fa9c3e449ccec098dba5435b066ab474c493e8b0a44a4	112733	10466	38	1	1
data/map_154_spritesheet.png	256x2048	512x288	149	73005813fba62c3644b546026f35469f0fb9d2ff5eddb98ad3f85ee6ac9b9207	51549	1190	37	1	0
data/map_155_spritesheet.png	256x2048	512x516	201	2968117ca252bdac1a30802282cb2c7f7ef8b94597ca9195856c15ad41a319b0	95757	282	43	1	0
data/map_156_spritesheet.png	256x2048	512x25	5	5acc85c90ff61138e9e3205b771cc2be8c137c491624f5b82b023fc5e5297487	908	908	2	1	0
data/map_157_spritesheet.png	256x2048	512x1	0	e5a00aa9991ac8a5ee3109844d84a55583bd20572ad3ffcd42792f3c36b183ad	0	0	0	1	0
data/map_158_spritesheet.png	256x2048	512x262	134	f777bc4338e5ac78e169dbbcd37790c77bfbe083fe880eadac7e25058fb572e9	44962	3523	28	1	0
data/map_159_spritesheet.png	256x2048	512x89	22	d49cc4867283287e326c1a8ba52aee0eae89099d6759f27baf72e9c8f54f66ef	10256	6241	11	1	1
data/map_160_spritesheet.png	256x2048	512x65	30	8b6bbd38858c444c772b169546913c1d792bb3797615c4793dc15e1ad5da4518	3583	6730	13	1	1
data/map_161_spritesheet.png	256x2048	512x1	0	e5a00aa9991ac8a5ee3109844d84a55583bd20572ad3ffcd42792f3c36b183ad	0	0	0	1	0
data/map_162_spritesheet.png	256x2048	512x214	189	803437fdc70f0d503e4f2848d4f29b9f7e18ecca9401c246de293c29e706246b	44572	0	0	1	1
data/map_163_spritesheet.png	256x2048	512x74	47	bd1033861b49a286134f6460457ec1c30e2ba9b6b660b45aa1f558a34bc99f2d	14422	0	0	1	0
data/map_164_spritesheet.png	256x2048	512x156	102	23c7c95080624766964327c8624575c9a76da158c4128fcd7fe59bb04e2cdecb	33474	0	0	1	0
data/map_165_spritesheet.png	256x2048	512x166	140	d033fc5c7e8a4e7a92be6bd9558c9249ecaadf135e77e2bc9ec8a607e60d96b8	32484	0	0	1	0
data/map_166_spritesheet.png	256x2048	512x140	101	bdb657dc2a720ccce801639809ec4d997493b65700aa0c010598aca902d0a04e	24450	0	19	1	1
data/map_167_spritesheet.png	256x2048	512x141	99	1bd9048aeaa972d9099fbce555fb849854053db3a6da997cbd82c32c561c55c6	25050	0	12	1	1
data/map_168_spritesheet.png	256x2048	512x74	34	f7774fc984f84346479483752715830d07c5239e4b819151ed4735c429225714	10222	0	0	1	0
data/map_169_spritesheet.png	256x2048	512x109	110	8d57112583459487011b7ebe1c5caec5e2729be963e60a29995c43ead6776fe7	21327	0	0	1	0
data/map_170_spritesheet.png	256x2048	512x74	26	526cc1c9e82057d443826e0976fa4f2fa253c0b81366ead8f5e0d006905eb9d5	8192	0	0	1	0
data/map_171_spritesheet.png	256x2048	512x156	102	23c7c95080624766964327c8624575c9a76da158c4128fcd7fe59bb04e2cdecb	33474	0	0	1	0
data/map_172_spritesheet.png	256x2048	512x166	140	d033fc5c7e8a4e7a92be6bd9558c9249ecaadf135e77e2bc9ec8a607e60d96b8	32484	0	0	1	0
data/map_173_spritesheet.png	256x2048	512x140	101	bdb657dc2a720ccce801639809ec4d997493b65700aa0c010598aca902d0a04e	24450	0	19	1	0
data/map_174_spritesheet.png	256x2048	512x141	99	1bd9048aeaa972d9099fbce555fb849854053db3a6da997cbd82c32c561c55c6	25050	0	12	1	0
data/map_175_spritesheet.png	256x2048	512x97	57	cf66ffded0ea803f976a0c6cacc50cd73525ffb7f3f4646a91d2014e07008670	17566	0	0	1	0
data/map_176_spritesheet.png	256x2048	512x239	210	3476282e6f0cddd9df9ee092c2aca7a5337e1eb6b0581b13e9c7159f924d046b	49409	0	0	1	0
data/map_177_spritesheet.png	256x2048	512x74	26	526cc1c9e82057d443826e0976fa4f2fa253c0b81366ead8f5e0d006905eb9d5	8192	0	0	1	0
data/map_178_spritesheet.png	256x2048	512x156	106	bce3b292352bab5b0d432e0c946194d9fd6baab5e99736ed45d39208e564780b	34668	0	0	1	0
data/map_179_spritesheet.png	256x2048	512x233	196	42192e3032313a3215db7cdbb10329b49c11e525e32b2f759c0dbcac017a032e	47572	0	14	1	0
data/map_180_spritesheet.png	256x2048	512x140	101	bdb657dc2a720ccce801639809ec4d997493b65700aa0c010598aca902d0a04e	24450	0	19	1	0
data/map_181_spritesheet.png	256x2048	512x141	99	1bd9048aeaa972d9099fbce555fb849854053db3a6da997cbd82c32c561c55c6	25050	0	12	1	0
data/map_182_spritesheet.png	256x2048	512x74	46	2766b5bf4b9fdbaa813c25c6c365fe4f1122faa75cfbbfff68c953f636228398	14929	0	0	1	0
data/map_183_spritesheet.png	256x2048	512x275	243	31641f715752fd2af9c4349ae6922a1b9fdaa84bd560da2a87fb1393f0bf52be	60579	0	33	1	0
data/map_184_spritesheet.png	256x2048	512x74	26	526cc1c9e82057d443826e0976fa4f2fa253c0b81366ead8f5e0d006905eb9d5	8192	0	0	1	0
data/map_185_spritesheet.png	256x2048	512x247	204	d83cb3b7c7f4dc75f35a3c0038b6068dfd6e98aa638241048fbca9078cf1bbe7	57984	0	0	1	1
data/map_186_spritesheet.png	256x2048	512x216	226	29d9c06055f72f53b522b16c9d578a1368cfd031e29b44818ebc4569daa3453e	47429	0	34	1	0
data/map_187_spritesheet.png	256x2048	512x74	47	bd1033861b49a286134f6460457ec1c30e2ba9b6b660b45aa1f558a34bc99f2d	14422	0	0	1	0
data/map_188_spritesheet.png	256x2048	512x156	102	23c7c95080624766964327c8624575c9a76da158c4128fcd7fe59bb04e2cdecb	33474	0	0	1	0
data/map_189_spritesheet.png	256x2048	512x107	79	a4fce55aeaf9ee0394541e51424e5fb07829a6dfea19ddecaa32230654815342	19835	0	14	1	0
data/map_190_spritesheet.png	256x2048	512x123	79	b174b42a5f0094a6aaf1934a4c2593529cb7a60bd1fa87a128d5aee42603f357	20199	0	4	1	0
data/map_191_spritesheet.png	256x2048	512x99	75	48eb6146ff0d39f10be7cc81802c72ba2c5c45fc332004311e00cefbe071e0ae	18016	0	0	1	0
data/map_192_spritesheet.png	256x2048	512x97	57	cf66ffded0ea803f976a0c6cacc50cd73525ffb7f3f4646a91d2014e07008670	17566	0	0	1	0
data/map_193_spritesheet.png	256x2048	512x58	44	18ced5be35575753b25086b13a48ab052abc5ca969aa17942900bac86a75e1bd	7104	0	0	1	0
data/map_194_spritesheet.png	256x2048	512x91	69	223b255b826826835d54c44e4a77425a9f34fb4687e9881b0e98d01d794f0bd9	18843	0	15	1	0
data/map_195_spritesheet.png	256x2048	512x132	94	28d96c4c1794b94ba3366ccfced5edd524baa91cbb51addc6cc945855bd9fa81	27911	0	0	1	0
data/map_196_spritesheet.png	256x2048	512x224	188	72324b848b63d52a8303dd8cf3b658ecc10c8861925fad880dfa3fbc85cec25e	48789	0	41	1	0
data/map_197_spritesheet.png	256x2048	512x198	147	afae3ebf872f9fe2b70c3e4f57d16695bc2a8bcd71abbeaf0cdc3796c3625802	39611	0	49	1	0
data/map_198_spritesheet.png	256x2048	512x158	161	7d48298e0d3de76e36328be749f16eb0d01c566682d3109ac86cd5426d5aae6e	32109	0	0	1	0
data/map_199_spritesheet.png	256x2048	512x74	47	bd1033861b49a286134f6460457ec1c30e2ba9b6b660b45aa1f558a34bc99f2d	14422	0	0	1	0
data/map_200_spritesheet.png	256x2048	512x172	125	e49174dafed13913d1619e16ab14778462f8b02178d71df1cbceecdb2db57442	37046	0	0	1	0
data/map_201_spritesheet.png	256x2048	512x132	87	cd114ab50accd99b8140ea1a5cdf61d7a43630cf305ce592a6ae609e545e1afd	22889	0	0	1	0
data/map_202_spritesheet.png	256x2048	512x140	101	bdb657dc2a720ccce801639809ec4d997493b65700aa0c010598aca902d0a04e	24450	0	19	1	0
data/map_203_spritesheet.png	256x2048	512x50	24	537cebc7ee832ad6bcb3f618f20223fcb5c3e0fa91cbc5c49a12c1a4c6988ed2	7665	0	0	1	0
data/map_204_spritesheet.png	256x2048	512x97	57	cf66ffded0ea803f976a0c6cacc50cd73525ffb7f3f4646a91d2014e07008670	17566	0	0	1	0
data/map_205_spritesheet.png	256x2048	512x191	193	c6adc600a9fe5fd0db66d222aeaa11374485e26ec2b74701739956a562018813	36756	0	34	1	0
data/map_206_spritesheet.png	256x2048	512x74	47	bd1033861b49a286134f6460457ec1c30e2ba9b6b660b45aa1f558a34bc99f2d	14422	0	0	1	0
data/map_207_spritesheet.png	256x2048	512x156	102	23c7c95080624766964327c8624575c9a76da158c4128fcd7fe59bb04e2cdecb	33474	0	0	1	0
data/map_208_spritesheet.png	256x2048	512x107	79	a4fce55aeaf9ee0394541e51424e5fb07829a6dfea19ddecaa32230654815342	19835	0	14	1	0
data/map_209_spritesheet.png	256x2048	512x123	79	b174b42a5f0094a6aaf1934a4c2593529cb7a60bd1fa87a128d5aee42603f357	20199	0	4	1	0
data/map_210_spritesheet.png	256x2048	512x99	75	48eb6146ff0d39f10be7cc81802c72ba2c5c45fc332004311e00cefbe071e0ae	18016	0	0	1	0
data/map_211_spritesheet.png	256x2048	512x107	78	feec6513d8dbe664b308f312567e2680adcc9549eda6080a538490388c700918	23796	0	0	1	0
data/map_212_spritesheet.png	256x2048	512x149	120	ab3a6f6f76c1a954d7b76dd1294ebc6ba39e91b0afa690e63ff83073da27cec6	24643	0	0	1	0
data/map_213_spritesheet.png	256x2048	512x74	47	bd1033861b49a286134f6460457ec1c30e2ba9b6b660b45aa1f558a34bc99f2d	14422	0	0	1	0
data/map_214_spritesheet.png	256x2048	512x99	77	170dd5d3f768a4d053706c8067533c447d62cf5cb8885a95a82211edf9dc2f1d	20292	0	0	1	0
data/map_215_spritesheet.png	256x2048	512x124	105	68e37f92b5ec9531cd5c93dcbfd70b13bf930dd2fcb35f88cac3f2fb5aee5fe2	23716	0	14	1	0
data/map_216_spritesheet.png	256x2048	512x123	79	b174b42a5f0094a6aaf1934a4c2593529cb7a60bd1fa87a128d5aee42603f357	20199	0	4	1	0
data/map_217_spritesheet.png	256x2048	512x207	149	62d4f2e8cc8beb5dcd98be0fe0d303c72d60182a03b7f67f41bac5ce5aae6ae5	47347	0	14	1	0
data/map_218_spritesheet.png	256x2048	512x74	46	2766b5bf4b9fdbaa813c25c6c365fe4f1122faa75cfbbfff68c953f636228398	14929	0	0	1	0
data/map_219_spritesheet.png	256x2048	512x67	71	c61d748c2979f679b3600b2a500b7cef2cc425c40c065532ae6e7b6cad316504	11704	0	12	1	0
data/map_220_spritesheet.png	256x2048	512x91	69	223b255b826826835d54c44e4a77425a9f34fb4687e9881b0e98d01d794f0bd9	18843	0	15	1	0
data/map_221_spritesheet.png	256x2048	512x156	102	23c7c95080624766964327c8624575c9a76da158c4128fcd7fe59bb04e2cdecb	33474	0	0	1	0
data/map_222_spritesheet.png	256x2048	512x149	113	f6647136f6f920369200ffa09e52ffdca294489aaa97a15a8d342bf648bf81c6	29111	0	14	1	0
data/map_223_spritesheet.png	256x2048	512x140	101	bdb657dc2a720ccce801639809ec4d997493b65700aa0c010598aca902d0a04e	24450	0	19	1	0
data/map_224_spritesheet.png	256x2048	512x148	99	d7da231142866121ed4d6bc11191a714821fc6774371d65b938a14a278639432	27558	0	0	1	0
data/map_225_spritesheet.png	256x2048	512x97	57	cf66ffded0ea803f976a0c6cacc50cd73525ffb7f3f4646a91d2014e07008670	17566	0	0	1	0
data/map_226_spritesheet.png	256x2048	512x575	364	493ded0d4738a9163ced1350aee63d5c51838cadd2f5d66ffc125b8864509378	111894	7388	56	1	1
data/map_227_spritesheet.png	256x2048	512x74	47	bd1033861b49a286134f6460457ec1c30e2ba9b6b660b45aa1f558a34bc99f2d	14422	0	0	1	0
data/map_228_spritesheet.png	256x2048	512x99	55	3d949f0acac83858683d5490814f9c508b33e31126fa1b3aa09a25fedbabd16e	18425	0	0	1	0
data/map_229_spritesheet.png	256x2048	512x392	164	454cdc4ac90088ece026902f7567aa09dc610f5e3b42ea2c172cfaa1791dfd99	68674	7388	20	1	0
data/map_230_spritesheet.png	256x2048	512x143	158	301b7315af5b05d601613249f713c474761887dc8c058be920e6794fec2cb17f	29459	0	12	1	0
data/map_231_spritesheet.png	256x2048	512x74	47	bd1033861b49a286134f6460457ec1c30e2ba9b6b660b45aa1f558a34bc99f2d	14422	0	0	1	0
data/map_232_spritesheet.png	256x2048	512x156	102	23c7c95080624766964327c8624575c9a76da158c4128fcd7fe59bb04e2cdecb	33474	0	0	1	0
data/map_233_spritesheet.png	256x2048	512x149	113	f6647136f6f920369200ffa09e52ffdca294489aaa97a15a8d342bf648bf81c6	29111	0	14	1	0
data/map_234_spritesheet.png	256x2048	512x140	101	bdb657dc2a720ccce801639809ec4d997493b65700aa0c010598aca902d0a04e	24450	0	19	1	0
data/map_235_spritesheet.png	256x2048	512x148	99	d7da231142866121ed4d6bc11191a714821fc6774371d65b938a14a278639432	27558	0	0	1	0
data/map_236_spritesheet.png	256x2048	512x99	49	b2a9bd440ce5b0c4fcfd07783c8d9ef2857fffac27f5fd182da1323307bc17ef	18241	0	0	1	0
data/map_237_spritesheet.png	256x2048	512x224	199	98330adf70caf202611258eec31f862aa6f2a505ce3ed60d8a0cbea0bdbeb27f	47770	0	36	1	0
data/map_238_spritesheet.png	256x2048	512x58	45	de8068d1a15dbb215b83f744eb5898ef1c8a74ffde9d267026959b8865b3f8b5	12006	0	0	1	0
data/map_239_spritesheet.png	256x2048	512x74	24	54d46c5ca29be549bb09f79c818981c4a466e47acc900a492cf4a63c3b432213	9290	0	0	1	0
data/map_240_spritesheet.png	256x2048	512x181	119	3dcea43ed41079577614494b9a895a3dbd297966240d692ff7f7f5f85933ce50	34807	0	0	1	0
data/map_241_spritesheet.png	256x2048	512x159	160	6d03f73ecd409faeb3ffaab3f4a30300e90dd58d50cec037290d255129377066	30573	0	12	1	0
data/map_242_spritesheet.png	256x2048	512x124	78	120ae5e00684b19b3ce815c9b3b05429500f608d03253bc3a378c2e753167e4e	23557	0	0	1	0
data/map_243_spritesheet.png	256x2048	512x132	71	4a0042721868f9325c76a52c2df7dd3a6920b7ff36c1b6d183f7c18a183bfb0d	24339	0	0	1	0
data/map_244_spritesheet.png	256x2048	512x107	79	a4fce55aeaf9ee0394541e51424e5fb07829a6dfea19ddecaa32230654815342	19835	0	14	1	0
data/map_245_spritesheet.png	256x2048	512x140	101	bdb657dc2a720ccce801639809ec4d997493b65700aa0c010598aca902d0a04e	24450	0	19	1	0
data/map_246_spritesheet.png	256x2048	512x148	99	d7da231142866121ed4d6bc11191a714821fc6774371d65b938a14a278639432	27558	0	0	1	0
data/map_247_spritesheet.png	256x2048	512x74	46	2766b5bf4b9fdbaa813c25c6c365fe4f1122faa75cfbbfff68c953f636228398	14929	0	0	1	0
data/map_248_spritesheet.png	256x2048	512x133	97	d65f2afd5e64910cf2049688b9c22b7602f9a59d41b8cb246de79829c64efe2e	22549	0	0	1	0
data/map_249_spritesheet.png	256x2048	512x98	57	6f5d8a9fe42281fa366f3c125d1d583b9f336cf9929dc339089a436db110a6e8	17327	0	0	1	0
data/map_250_spritesheet.png	256x2048	512x57	28	b5e34c129ce9c01eaaa794a3b2f650d33b910f607bf1b4129fa408623c0db9a2	7577	0	0	1	0
data/map_251_spritesheet.png	256x2048	512x57	44	f4f1d978fb914dd7de410c93840ddb2f704949b39bcd310476e48ba00bd71941	10910	0	14	1	0
data/map_252_spritesheet.png	256x2048	512x108	119	bb561f2df3e6793c2dff96a7a48ee8e4b3eabee4802ecfd404328d97e04b1f5a	22347	0	12	1	0
data/map_253_spritesheet.png	256x2048	512x91	69	2b346494cf776cefde63a2b38057bfe29fa24ece968cf5a611c5dbc5f53831a8	18673	0	0	1	0
data/map_254_spritesheet.png	256x2048	512x156	102	23c7c95080624766964327c8624575c9a76da158c4128fcd7fe59bb04e2cdecb	33474	0	0	1	0
data/map_255_spritesheet.png	256x2048	512x132	87	cd114ab50accd99b8140ea1a5cdf61d7a43630cf305ce592a6ae609e545e1afd	22889	0	0	1	0
data/map_256_spritesheet.png	256x2048	512x140	101	bdb657dc2a720ccce801639809ec4d997493b65700aa0c010598aca902d0a04e	24450	0	19	1	0
data/map_257_spritesheet.png	256x2048	512x50	24	537cebc7ee832ad6bcb3f618f20223fcb5c3e0fa91cbc5c49a12c1a4c6988ed2	7665	0	0	1	0
data/map_258_spritesheet.png	256x2048	512x58	45	de8068d1a15dbb215b83f744eb5898ef1c8a74ffde9d267026959b8865b3f8b5	12006	0	0	1	0
data/map_259_spritesheet.png	256x2048	512x174	161	67f2bb20c6081657b5a9302604aba7f94e27c39c40be08407e0a7ffb4080a448	32771	0	12	1	0
data/map_260_spritesheet.png	256x2048	512x157	102	eb1fc7c430bddaa1bbb17d67d2fc571eb6e6858a87c02457f308a9d5781da40c	33099	0	0	1	0
data/map_261_spritesheet.png	256x2048	512x190	126	36788b4f9a76e41bef3ed889a3e8da0e8726f85bfb7875ebb74b75eac618432c	43016	0	0	1	0
data/map_262_spritesheet.png	256x2048	512x149	113	f6647136f6f920369200ffa09e52ffdca294489aaa97a15a8d342bf648bf81c6	29111	0	14	1	0
data/map_263_spritesheet.png	256x2048	512x140	101	bdb657dc2a720ccce801639809ec4d997493b65700aa0c010598aca902d0a04e	24450	0	19	1	0
data/map_264_spritesheet.png	256x2048	512x99	75	48eb6146ff0d39f10be7cc81802c72ba2c5c45fc332004311e00cefbe071e0ae	18016	0	0	1	0
data/map_265_spritesheet.png	256x2048	512x82	47	07c6365e0906c38e72be1febfb9dcb2ca219cc1b4f0c142de90345fe60ebaeb2	17127	0	0	1	0
data/map_266_spritesheet.png	256x2048	512x198	168	bb2743ac71cbe45943136ff73b8bbc2726337423bb2180df25606a20c218640e	35896	0	22	1	0
data/map_267_spritesheet.png	256x2048	512x41	23	f5fa1b0babb3097677ced26c6cbec39eeb909fa4c5271c98f5c30d9e1d26274d	7585	0	0	1	0
data/map_268_spritesheet.png	256x2048	512x74	24	54d46c5ca29be549bb09f79c818981c4a466e47acc900a492cf4a63c3b432213	9290	0	0	1	0
data/map_269_spritesheet.png	256x2048	512x81	36	b7d2f9645eadde9374969b38941c3164e0d27ff3eb695fe208730c1961efaa15	10631	0	0	1	0
data/map_270_spritesheet.png	256x2048	512x181	134	afc1f359098537b621d3af6687df8c930cf95676a94333fd8589bc3f7a7c3115	39202	0	0	1	0
data/map_271_spritesheet.png	256x2048	512x123	63	9cb859ee07abd2064b1fcb7eec18cbeaa1870c8908f18c77a64d5301fb7a5418	20715	0	18	1	0
data/map_272_spritesheet.png	256x2048	512x107	59	42595fb0c37fc66c88edc6570bd70b3cbdd32569ba56545bd08b843c8c92bf18	16712	0	0	1	0
data/map_273_spritesheet.png	256x2048	512x74	24	54d46c5ca29be549bb09f79c818981c4a466e47acc900a492cf4a63c3b432213	9290	0	0	1	0
data/map_274_spritesheet.png	256x2048	512x431	190	f9cd5f77172fbf212a8c2e710400b54236bd8327e093e6abfe7a73c55267b8ad	73950	7388	20	1	0
data/map_275_spritesheet.png	256x2048	512x58	44	18ced5be35575753b25086b13a48ab052abc5ca969aa17942900bac86a75e1bd	7104	0	0	1	0
data/map_276_spritesheet.png	256x2048	512x58	45	de8068d1a15dbb215b83f744eb5898ef1c8a74ffde9d267026959b8865b3f8b5	12006	0	0	1	0
data/map_277_spritesheet.png	256x2048	512x172	125	e49174dafed13913d1619e16ab14778462f8b02178d71df1cbceecdb2db57442	37046	0	0	1	0
data/map_278_spritesheet.png	256x2048	512x182	151	0f44643b5909baa173e0c3f392dd6c20c52e74d56e8b47af7b1e25dce7ea6b78	37509	0	14	1	0
data/map_279_spritesheet.png	256x2048	512x140	101	bdb657dc2a720ccce801639809ec4d997493b65700aa0c010598aca902d0a04e	24450	0	19	1	0
data/map_280_spritesheet.png	256x2048	512x99	75	48eb6146ff0d39f10be7cc81802c72ba2c5c45fc332004311e00cefbe071e0ae	18016	0	0	1	0
data/map_281_spritesheet.png	256x2048	512x41	23	038a720d2ec6678312b5a0a4b01ab72ff58fcaa7c3fbb46d3c537700f85f8443	7585	0	0	1	0
data/map_282_spritesheet.png	256x2048	512x123	90	80138ee9d6beecc965e9bf76054a2743fcfc3435b82dec8f1ebc78bb7a06cbfb	21067	0	0	1	0
data/map_283_spritesheet.png	256x2048	512x41	23	f5fa1b0babb3097677ced26c6cbec39eeb909fa4c5271c98f5c30d9e1d26274d	7585	0	0	1	0
data/map_284_spritesheet.png	256x2048	512x172	125	e49174dafed13913d1619e16ab14778462f8b02178d71df1cbceecdb2db57442	37046	0	0	1	0
data/map_285_spritesheet.png	256x2048	512x148	127	4f9bb7ea987d888b7b08606c0828fb125ad37814a6cd8f08eb7ecbc795317a6a	27967	0	14	1	0
data/map_286_spritesheet.png	256x2048	512x140	101	bdb657dc2a720ccce801639809ec4d997493b65700aa0c010598aca902d0a04e	24450	0	19	1	0
data/map_287_spritesheet.png	256x2048	512x148	99	d7da231142866121ed4d6bc11191a714821fc6774371d65b938a14a278639432	27558	0	0	1	0
data/map_288_spritesheet.png	256x2048	512x82	47	07c6365e0906c38e72be1febfb9dcb2ca219cc1b4f0c142de90345fe60ebaeb2	17127	0	0	1	0
data/map_289_spritesheet.png	256x2048	512x33	12	76d3c77970896c9b28a12763e2d7e084ba989f4bdf80f764810cd8ae197bbf62	2591	0	0	1	0
data/map_290_spritesheet.png	256x2048	512x74	26	d807e3cf5c4e4b7682638594741ac7b00f6b710662328718f2b35fe9dc20d6b6	10897	0	0	1	0
data/map_291_spritesheet.png	256x2048	512x99	55	3d949f0acac83858683d5490814f9c508b33e31126fa1b3aa09a25fedbabd16e	18425	0	0	1	0
data/map_292_spritesheet.png	256x2048	512x191	156	7a6f3ef984f284c784380366b90bc9c36b64821afc0dec1db57a11b754fbd331	40422	0	0	1	0
data/map_293_spritesheet.png	256x2048	512x247	164	ae63223e84d0477823d70a365dba4d3ec19a6654299839dcb12740d60f60272c	45725	0	22	1	1
data/map_294_spritesheet.png	256x2048	512x33	2	a26a9e9382ce4c4a08f386e43b031d09e1703ad51b76b86849c714130036a3b7	1355	0	0	1	0
data/map_295_spritesheet.png	256x2048	512x356	336	0c2b8c786bf93efa9a194dbf7583c9f4d57f98f95ff0f37b58c9b7d1e6d1d48c	86397	0	90	1	0
data/map_296_spritesheet.png	256x2048	512x74	29	74222854265f8246fb3c64986b5f791098ac3a450228a72e337c40aaa7f8a0a8	6712	0	4	1	0
data/map_297_spritesheet.png	256x2048	512x190	143	376cb443c2095ac6f0df9f87b3a08d51631b5d66475d38eed1bdf292c6e136eb	37670	0	0	1	0
data/map_298_spritesheet.png	256x2048	512x58	45	de8068d1a15dbb215b83f744eb5898ef1c8a74ffde9d267026959b8865b3f8b5	12006	0	0	1	0
data/map_299_spritesheet.png	256x2048	512x166	141	36fca4af9f714aa9b1726bee50ec79232883ac3c26af0d4e350e7080fe171f0c	36551	0	12	1	0
data/map_300_spritesheet.png	256x2048	512x83	71	528f7d97a98482c8c75085af97281294b570f40b1625e32b838aa5b00ef9a2c5	16394	0	21	1	0
data/map_301_spritesheet.png	256x2048	512x1	0	e5a00aa9991ac8a5ee3109844d84a55583bd20572ad3ffcd42792f3c36b183ad	0	0	0	1	0
data/map_302_spritesheet.png	256x2048	512x33	2	a26a9e9382ce4c4a08f386e43b031d09e1703ad51b76b86849c714130036a3b7	1355	0	0	1	0
data/map_303_spritesheet.png	256x2048	512x114	62	57ec13b94f81ee953c6b222a81d7f7fc2930b118609ee087dcbe972bf824d7ef	21589	460	1	1	0
data/map_304_spritesheet.png	256x2048	512x66	20	14f466dd0c9e9e256fee986111d23bb1fc398963f73cb40f2b62189ae9e4824b	10445	4762	12	1	0
data/map_305_spritesheet.png	256x2048	512x1	0	e5a00aa9991ac8a5ee3109844d84a55583bd20572ad3ffcd42792f3c36b183ad	0	0	0	1	0
data/map_306_spritesheet.png	256x2048	512x74	39	6f55a8bb16c848c5a67084a068888a41a86266119ef16b226ade5bd6974b8379	10707	1550	25	1	1
data/map_307_spritesheet.png	256x2048	512x74	43	feb92564ffe33448cc83f271a4e6f9fb8aa06e23c0ced239d485940f79726711	13356	1550	25	1	0
data/map_308_spritesheet.png	256x2048	512x106	51	5f4c61dd561cb5dd0babc60afc74805561adf1c8bf8776a77897c84b340c6c3f	16712	0	0	1	1
data/map_309_spritesheet.png	256x2048	512x139	64	8b6a2f639a382738ee4238a1f69278877fb54a10b56613f0c95bd03e0a9086e0	25225	0	0	1	1
data/map_310_spritesheet.png	256x2048	512x285	98	8b375a9f3d19335cfe48a774c6e903a1d7a20efe5e319dcd094b82d5e5e270a1	10023	33294	47	1	0
data/map_311_spritesheet.png	256x2048	512x1	0	e5a00aa9991ac8a5ee3109844d84a55583bd20572ad3ffcd42792f3c36b183ad	0	0	0	1	0
data/map_312_spritesheet.png	256x2048	512x1	0	e5a00aa9991ac8a5ee3109844d84a55583bd20572ad3ffcd42792f3c36b183ad	0	0	0	1	0
data/map_313_spritesheet.png	256x2048	512x1	0	e5a00aa9991ac8a5ee3109844d84a55583bd20572ad3ffcd42792f3c36b183ad	0	0	0	1	0
data/map_314_spritesheet.png	256x2048	512x1	0	e5a00aa9991ac8a5ee3109844d84a55583bd20572ad3ffcd42792f3c36b183ad	0	0	0	1	0
data/map_315_spritesheet.png	256x2048	512x1	0	e5a00aa9991ac8a5ee3109844d84a55583bd20572ad3ffcd42792f3c36b183ad	0	0	0	1	0
data/map_316_spritesheet.png	256x2048	512x1	0	e5a00aa9991ac8a5ee3109844d84a55583bd20572ad3ffcd42792f3c36b183ad	0	0	0	1	0
data/map_317_spritesheet.png	256x2048	512x1	0	e5a00aa9991ac8a5ee3109844d84a55583bd20572ad3ffcd42792f3c36b183ad	0	0	0	1	0
data/map_318_spritesheet.png	256x2048	512x1	0	e5a00aa9991ac8a5ee3109844d84a55583bd20572ad3ffcd42792f3c36b183ad	0	0	0	1	0
data/map_319_spritesheet.png	256x2048	512x1	0	e5a00aa9991ac8a5ee3109844d84a55583bd20572ad3ffcd42792f3c36b183ad	0	0	0	1	0
data/map_320_spritesheet.png	256x2048	512x1	0	e5a00aa9991ac8a5ee3109844d84a55583bd20572ad3ffcd42792f3c36b183ad	0	0	0	1	0
data/map_321_spritesheet.png	256x2048	512x643	175	827cd7660e0b6f7d2c5e2632323721aa6e56ee66d59fc2c1ff61576d00789528	59403	43415	102	1	1
data/map_322_spritesheet.png	256x2048	512x1464	445	b6ca219eda53932d849b0c4131063c6b1c26e6c7b9a2fe1c12afd9f6df350d1b	92411	48638	389	1	0
data/map_323_spritesheet.png	256x2048	512x922	147	2432441d58a0eac6fe10e70208d909e6a3558c339ea6ea07e4221a553d6fbeb7	43167	58867	125	1	1
data/map_324_spritesheet.png	256x2048	512x1218	139	fec96c792ba5f322078469f9f430ead5f850b867b1feb84fb16f62b6f20e0e37	311881	4756	93	1	1
data/map_325_spritesheet.png	256x2048	512x1483	118	8697625728dc2263ebff62189ad697c82e45ebc3f086a66237dbcedebc7ada2c	259739	29875	94	1	1
data/map_326_spritesheet.png	256x2048	512x847	234	4094dcff779294576aecf90a9ed38c55100386d177461ff29b5ea4f56286857f	99213	47036	134	1	1
data/map_327_spritesheet.png	256x2048	512x1188	195	1e3d64c85812c11146e7a1af53be19561a6b8f4fea209696bc45143be33c52c3	45903	92710	109	1	1
data/map_328_spritesheet.png	256x2048	512x123	29	7f0f20b346c9db56fe41f7a65f468ecebcbc45b88844c9bbce3309b6e5328647	26808	0	10	1	0
data/map_329_spritesheet.png	256x2048	512x721	156	a7ba0615401b5938829ec9dca00a0fe430bf6ee28dfce9950467de1e2b836b8e	114409	11374	40	1	0
data/map_330_spritesheet.png	256x2048	512x1	0	e5a00aa9991ac8a5ee3109844d84a55583bd20572ad3ffcd42792f3c36b183ad	0	0	0	1	0
data/map_331_spritesheet.png	256x2048	512x554	507	65597390bc45120bdb6cc93589be378de2f6517d92a3c248a643cb242b474a01	136637	0	159	1	0
data/map_332_spritesheet.png	256x2048	512x65	7	edde01d884074f8196301dfae9f1363667269ed67e3a3966a7cc9eef7a18f12e	5115	0	1	1	0
data/map_333_spritesheet.png	256x2048	512x74	24	355e098cdb0e8254bdab098d5b147ff6b43d86ff6f3cfd6532a875f7aeca75d1	6837	0	0	1	0
data/map_334_spritesheet.png	256x2048	512x74	24	355e098cdb0e8254bdab098d5b147ff6b43d86ff6f3cfd6532a875f7aeca75d1	6837	0	0	1	0
data/map_335_spritesheet.png	256x2048	512x114	78	244c0ead0fb1a27b8fc8de9f2d2b45d55f6926e5a1b4ed67a42c142ef44b57c8	19955	0	0	1	0
data/map_336_spritesheet.png	256x2048	512x1	0	e5a00aa9991ac8a5ee3109844d84a55583bd20572ad3ffcd42792f3c36b183ad	0	0	0	1	0
data/map_337_spritesheet.png	256x2048	512x122	27	9e04fd09aa12187db86f6ab8f906ed1bb9ec3a8b6dd9fdc1c5a63ff1b1cba570	20196	460	5	1	1
data/map_338_spritesheet.png	256x2048	512x404	197	3e1eb71988423203cd7d009c85dcdcc8b6038128ecd41240e09fd1edc56ca74c	59895	12798	120	1	1
data/map_339_spritesheet.png	256x2048	512x510	264	a4891e1cff62e7b33c1d5587613d15af97137784687de2fccb545096601ab15f	83161	23284	138	1	1
data/map_340_spritesheet.png	256x2048	512x229	85	c74d7130ef7c6dd4a2797579be9797d62f04209ba987886a4c2af9661c3fd5d0	38697	10102	21	1	0
data/map_341_spritesheet.png	256x2048	512x486	261	d28974ef84cde5739f3c056aa26c7c684a1ef2c2302aab91390e4198a3f9589e	81513	22376	136	1	0
data/map_342_spritesheet.png	256x2048	512x121	29	c97ed6681b70020f8f943c3ac497bc1ad4a4f7def59a97252c1dc233745f5b10	17759	9952	10	1	1
data/map_343_spritesheet.png	256x2048	512x254	104	9e2decc3c7755c08a5fc649b293ab6275da7a944a44aa1647365b9061c3f8e37	46438	10946	27	1	1
data/map_344_spritesheet.png	256x2048	512x330	199	83415d8fd29d53ebd89fb177bc48b0dc52cbaf4363ab0eb3d9fc538b9ca52b7c	49073	14724	125	1	0
data/map_345_spritesheet.png	256x2048	512x172	71	200775171bde1e451eba8bd0f11a68617c64e3337f27db146277a84903d8759f	33643	0	13	1	0
data/map_346_spritesheet.png	256x2048	512x354	199	134d13f4d4edfca645dcaf989d0dd4988c5b3737148f7e2d96ffa85a5e081896	59968	13706	119	1	0
data/map_347_spritesheet.png	256x2048	512x1188	198	98029f4761ffdca93f84860c403506ea8b2842871eb01172f1b3731c98df2281	47975	92710	110	1	0
data/map_348_spritesheet.png	256x2048	512x56	1	59a93906ea69722ff8eae56a60b75a1b843bb5776ba6c4289928525d15eab8ac	1591	0	0	1	0
data/map_349_spritesheet.png	256x2048	512x32	2	60ea0fef110a52ad24bb6967c499c7aca7decaa57f21b9eaca1e8edd2b940517	630	0	0	1	0
data/map_350_spritesheet.png	256x2048	512x1	0	e5a00aa9991ac8a5ee3109844d84a55583bd20572ad3ffcd42792f3c36b183ad	0	0	0	1	0
data/map_351_spritesheet.png	256x2048	512x510	241	91141c919e6963dd38e765945bdaa8da6bbec6b1704160f3dd7a00c2af9a115f	74579	22526	135	1	0
data/map_352_spritesheet.png	256x2048	512x138	38	ea21d9f3c8763547c34066f4b40b4132881aef762ec2fd2c76cc3d00a0195a7e	22908	1049	6	1	0
data/map_353_spritesheet.png	256x2048	512x534	254	d77a4d1dc29d3e98d6d624d38aa5277c7ae920b00271564d97de812b35bf4f19	85930	23050	133	1	0
data/map_354_spritesheet.png	256x2048	512x1	0	e5a00aa9991ac8a5ee3109844d84a55583bd20572ad3ffcd42792f3c36b183ad	0	0	0	1	0
data/map_355_spritesheet.png	256x2048	512x33	2	7179c65e077d8a84bbc32e5d22f2349d1931304e00470ac905cbb0c7d69efe26	1444	0	1	1	0
data/map_356_spritesheet.png	256x2048	512x33	6	9c3ec529ee1474d0e08dfecd8333f184cc463697d1f5c943849a831038226c7b	2516	374	3	1	0
data/map_357_spritesheet.png	256x2048	512x107	66	a99be5ed61a2612bee0ffb33071d31d70ebc32ef930b1c9b35de4f06b6a83851	20548	0	0	1	0
data/map_358_spritesheet.png	256x2048	512x91	58	b2509646402db653cb40763c321cccf63fb7888c5dbd03e0a44bb6459adab68b	17059	0	0	1	0
data/map_359_spritesheet.png	256x2048	512x74	33	f76bbd46d9ebbbfe5da2c33766e68e27ea0f4b89da2276f95efe1c98f901ae5c	10490	0	0	1	0
data/map_360_spritesheet.png	256x2048	512x74	33	f76bbd46d9ebbbfe5da2c33766e68e27ea0f4b89da2276f95efe1c98f901ae5c	10490	0	0	1	0
data/map_361_spritesheet.png	256x2048	512x314	268	18b3f05d6c87ac6488e41f1355f8801748ce301a81fe4de85c6e56561da4123c	74837	0	43	1	0
data/map_362_spritesheet.png	256x2048	512x246	141	4b70de9d7523360588e609e731397a44ec758d91fc8abf2600280f91242a3c32	47046	0	32	1	0
data/map_363_spritesheet.png	256x2048	512x148	62	7cf2ed9c336084a9132135752991edbc3ddb81de5380493611c19d20c0b232a9	37534	0	10	1	0
data/map_364_spritesheet.png	256x2048	512x172	132	be6f62f3451ae8ed7d4a215e8206c59c26c5bedfdc9f5cbd07ac5570665eaf60	29433	0	4	1	0
data/map_365_spritesheet.png	256x2048	512x74	26	526cc1c9e82057d443826e0976fa4f2fa253c0b81366ead8f5e0d006905eb9d5	8192	0	0	1	0
data/map_366_spritesheet.png	256x2048	512x247	204	d83cb3b7c7f4dc75f35a3c0038b6068dfd6e98aa638241048fbca9078cf1bbe7	57984	0	0	1	0
data/map_367_spritesheet.png	256x2048	512x284	81	d38328be28504b7fcfa85dcc63a343185d57da0dc786f5bdd2cffd5f0a050ffb	39823	7388	20	1	0
data/map_368_spritesheet.png	256x2048	512x934	224	601090642d41c316637082b24d75ea0e638900abdefdf337a7207905ad5c7eb1	113214	43760	85	1	0
data/map_369_spritesheet.png	256x2048	512x140	91	6942572a30440ab89c67357e97a293bfff732b451751610764ac219f50df886a	25226	0	18	1	0
data/map_370_spritesheet.png	256x2048	512x33	2	a26a9e9382ce4c4a08f386e43b031d09e1703ad51b76b86849c714130036a3b7	1355	0	0	1	0
data/map_371_spritesheet.png	256x2048	512x91	93	59ea7cb97f7d67eb0379c29a684793c9d1cab7e8a0746efc8c890c0b2ddf1d0f	14557	0	12	1	0
data/map_372_spritesheet.png	256x2048	512x91	69	223b255b826826835d54c44e4a77425a9f34fb4687e9881b0e98d01d794f0bd9	18843	0	15	1	0
data/map_373_spritesheet.png	256x2048	512x139	80	0f9d384d8ca765df6d62f1e66293a50036ffc64254071a699912d7686aedad78	25539	0	0	1	0
data/map_374_spritesheet.png	256x2048	512x173	135	37b6ceede03c1340b3ba8d7c0ffd768085c8864f47117dd00291f8d2209621a9	33362	0	14	1	0
data/map_375_spritesheet.png	256x2048	512x140	101	bdb657dc2a720ccce801639809ec4d997493b65700aa0c010598aca902d0a04e	24450	0	19	1	0
data/map_376_spritesheet.png	256x2048	512x141	99	1bd9048aeaa972d9099fbce555fb849854053db3a6da997cbd82c32c561c55c6	25050	0	12	1	0
data/map_377_spritesheet.png	256x2048	512x107	78	feec6513d8dbe664b308f312567e2680adcc9549eda6080a538490388c700918	23796	0	0	1	0
data/map_378_spritesheet.png	256x2048	512x1	0	e5a00aa9991ac8a5ee3109844d84a55583bd20572ad3ffcd42792f3c36b183ad	0	0	0	1	0
data/map_379_spritesheet.png	256x2048	512x1	0	e5a00aa9991ac8a5ee3109844d84a55583bd20572ad3ffcd42792f3c36b183ad	0	0	0	1	0
data/map_380_spritesheet.png	256x2048	512x154	38	5fdd7c23b47e19c3bc5f68d4c3250cd5d94f297c0b75a05ff4f15334b0522e85	32094	374	4	1	0
data/map_381_spritesheet.png	256x2048	512x1	0	e5a00aa9991ac8a5ee3109844d84a55583bd20572ad3ffcd42792f3c36b183ad	0	0	0	1	0
data/map_382_spritesheet.png	256x2048	512x458	207	7077a406a476b846a0e6830c6a0c77bd5671a9b7a49104d75b213a4db70ca1ef	83394	2419	46	1	0
data/map_383_spritesheet.png	256x2048	512x310	147	b472d30a9eda4faf91592238f3a298023313b9805352d26525aff92cf4c673b1	57193	769	26	1	1
data/map_384_spritesheet.png	256x2048	512x419	189	fb854c6636d8db67739ccf7cca3b6c9efbb254ebd25982205836df726eafe481	74709	1051	43	1	0
data/map_385_spritesheet.png	256x2048	512x49	4	a2cba4458f9297eede735ca4d65b2dd675fa0a93cb649a1f83d21b418cf5cc32	2980	0	1	1	0
data/map_386_spritesheet.png	256x2048	512x434	195	d2ee0c56c2679f62451bcfd1bc48d2967ab7e59860039890a04c299fb02ce5b0	77934	1051	43	1	0
data/map_387_spritesheet.png	256x2048	512x74	26	d807e3cf5c4e4b7682638594741ac7b00f6b710662328718f2b35fe9dc20d6b6	10897	0	0	1	0
data/map_388_spritesheet.png	256x2048	512x1249	278	5f9c69af12fa08bb2fc900e76ef5c01fd97a25daf73f166ad4221a908bd0323b	74050	137368	139	1	1
data/map_389_spritesheet.png	256x2048	512x156	55	19f73318de8da99f4a3d0c2ea8c6c330f53122892e53318b716615e2fbbe4b51	27208	0	0	1	1
data/map_390_spritesheet.png	256x2048	512x156	56	d217050dd4a87529a9a78a7e7defcc0900d3de04746a5a102d84c9c6127b2b59	27976	0	0	1	0
data/map_391_spritesheet.png	256x2048	512x156	55	19f73318de8da99f4a3d0c2ea8c6c330f53122892e53318b716615e2fbbe4b51	27208	0	0	1	0
data/map_392_spritesheet.png	256x2048	512x33	1	e8a8296cb76c18cbf8b6192112a0549a68da845ece77a7033172b05b06b3da49	768	0	0	1	0
data/map_393_spritesheet.png	256x2048	512x99	55	fb3f88886e585c8c6261af31d00ccb8c534acaa4bf44081d8ed032cdd5b1c65b	14390	0	14	1	0
data/map_394_spritesheet.png	256x2048	512x214	128	780b4cf22a3043f156b4cb438e19aa0d9cbb1a3943b985175dc45d6009847ac1	44136	0	15	1	0
data/map_395_spritesheet.png	256x2048	512x123	26	8bcd4a326dcf822a060f33ebe73bd3f1acdf2259e817d6372d4e1287c3de9d65	25958	0	10	1	0
data/map_396_spritesheet.png	256x2048	512x49	14	e4a71c1e3b22cd9f4bbe6efe15545e947c3e33b78815973bbe3e9be41a6fe5ee	7637	4762	11	1	0
data/map_397_spritesheet.png	256x2048	512x1	0	e5a00aa9991ac8a5ee3109844d84a55583bd20572ad3ffcd42792f3c36b183ad	0	0	0	1	0
data/map_398_spritesheet.png	256x2048	512x90	31	67d0a4ab0abac879d0d73ce6bf2db00cec9810fa92f1d0f34f062df7bf6efb1b	16036	0	0	1	1
data/map_399_spritesheet.png	256x2048	512x432	104	44bee72645ea44c32d73345a4ae313b40abc60f7d6cf3900ea284300ea9c3d4d	70751	15533	46	1	0
data/map_400_spritesheet.png	256x2048	512x74	13	5e805b111e128cf18cb93a74948d934184bd2f9eac4d98fe59caad198337ae02	9886	2748	3	1	0
data/map_401_spritesheet.png	256x2048	512x1	0	e5a00aa9991ac8a5ee3109844d84a55583bd20572ad3ffcd42792f3c36b183ad	0	0	0	1	0
data/map_402_spritesheet.png	256x2048	512x1	0	e5a00aa9991ac8a5ee3109844d84a55583bd20572ad3ffcd42792f3c36b183ad	0	0	0	1	0
data/map_403_spritesheet.png	256x2048	512x1	0	e5a00aa9991ac8a5ee3109844d84a55583bd20572ad3ffcd42792f3c36b183ad	0	0	0	1	0
data/map_404_spritesheet.png	256x2048	512x33	1	fd73c93e0a35be2ce300511eb35edc5f653bd7f37e917e17b197492336b2e52d	526	0	0	1	0
data/map_405_spritesheet.png	256x2048	512x1	0	e5a00aa9991ac8a5ee3109844d84a55583bd20572ad3ffcd42792f3c36b183ad	0	0	0	1	0
data/map_406_spritesheet.png	256x2048	512x1	0	e5a00aa9991ac8a5ee3109844d84a55583bd20572ad3ffcd42792f3c36b183ad	0	0	0	1	0
data/map_407_spritesheet.png	256x2048	512x25	4	4ccc34d0171674a6e1c320ff28e76cba6f91839b2eff8dead575175a960b1e3e	1072	374	2	1	0
data/map_408_spritesheet.png	256x2048	512x213	73	0503f9c6e7f7b8ec7e97d66126059125f256c4e8e4be7515afca53a44c9d8919	35180	2538	24	1	1
data/map_409_spritesheet.png	256x2048	512x521	215	e19ba71c1e25695d47ddf8676f8516ae78429a3e35104f66ed0e21095683cf52	88666	4111	53	1	0
data/map_410_spritesheet.png	256x2048	512x522	217	0b9ff0b5c75564993e874dcc4e572763404fc0e8c30996e1fff8e0e13aac4f2c	93885	3446	53	1	0
data/map_411_spritesheet.png	256x2048	512x756	221	0912c18b75c51bd358f851d610bb4e138d0a87a08c6b84d755788cce3459d319	108917	7338	104	1	0
data/map_412_spritesheet.png	256x2048	512x1	0	e5a00aa9991ac8a5ee3109844d84a55583bd20572ad3ffcd42792f3c36b183ad	0	0	0	1	0
data/map_413_spritesheet.png	256x2048	512x1	0	e5a00aa9991ac8a5ee3109844d84a55583bd20572ad3ffcd42792f3c36b183ad	0	0	0	1	0
data/map_414_spritesheet.png	256x2048	512x1	0	e5a00aa9991ac8a5ee3109844d84a55583bd20572ad3ffcd42792f3c36b183ad	0	0	0	1	0
data/map_415_spritesheet.png	256x2048	512x1188	195	f02fec0a8f97f73e4ab3b90c56ab89d4b73749d981d748653ae3b5bf9751a08f	45903	92710	109	1	0
data/map_416_spritesheet.png	256x2048	512x74	24	355e098cdb0e8254bdab098d5b147ff6b43d86ff6f3cfd6532a875f7aeca75d1	6837	0	0	1	0
data/map_417_spritesheet.png	256x2048	512x57	23	9a8b6963f13f5f6270005f6a19e73decb0c598e280c17e2643774393ee243554	7344	0	0	1	0
data/map_418_spritesheet.png	256x2048	512x25	22	376d2ac4da57d0e8e304907cb66d5d24ec6a61e563fb21a120760e97b410c94d	4251	0	0	1	0
data/map_419_spritesheet.png	256x2048	512x74	24	355e098cdb0e8254bdab098d5b147ff6b43d86ff6f3cfd6532a875f7aeca75d1	6837	0	0	1	0
data/map_420_spritesheet.png	256x2048	512x90	31	0bf07d2bad11df0ed9fb463dd07468cd48d3fe9f1c7bc27145c6330dd0183935	13905	0	0	1	0
data/map_421_spritesheet.png	256x2048	512x358	127	38e620a60ce2b95e1d196ac9f56f5269756bcdebd83cbf2fa003ea8eef9f15cb	82797	6690	44	1	1
data/map_422_spritesheet.png	256x2048	512x295	110	cfb190f8e404da8d790578611dab9e6b15c2480cdbe7309858ebf29f8dd47d37	67306	5155	33	1	0
data/map_423_spritesheet.png	256x2048	512x443	176	a5370007b31fce888f6158388b70b958ea9c439c0728bd2bd2794dd8697bda40	101576	5155	45	1	0
data/map_424_spritesheet.png	256x2048	512x358	123	2da9bb2bf1fe78d2fbdb39dd98a9538c4f7e12b14aa1056d639b43e9d06a1c73	91222	4247	41	1	0
data/map_425_spritesheet.png	256x2048	512x65	11	3c9bb4204d3d6c1a127ed9264f0c134c065eca9b57df5dfd7d55b81a6799048c	7346	908	3	1	0
data/map_426_spritesheet.png	256x2048	512x556	234	3e9095e70dab079c623742f6e71c30d4f62347d54375a8fe43ab8b624c644a67	123164	5155	85	1	0
data/map_427_spritesheet.png	256x2048	512x1	0	e5a00aa9991ac8a5ee3109844d84a55583bd20572ad3ffcd42792f3c36b183ad	0	0	0	1	0
data/map_428_spritesheet.png	256x2048	512x1	0	e5a00aa9991ac8a5ee3109844d84a55583bd20572ad3ffcd42792f3c36b183ad	0	0	0	1	0
data/map_429_spritesheet.png	256x2048	512x378	159	21f122053a14cc3e748389077db7321a501b644969dc59287b58a842a2796325	63370	4678	28	1	0
data/map_430_spritesheet.png	256x2048	512x222	84	197585c60cd57ce9c3aa6efeae855e453d4e35e67b045fac78675581fefc29d6	31475	3770	14	1	0
data/map_431_spritesheet.png	256x2048	512x25	4	4ccc34d0171674a6e1c320ff28e76cba6f91839b2eff8dead575175a960b1e3e	1072	374	2	1	0
data/map_432_spritesheet.png	256x2048	512x668	201	7d8b91f1510e8fcef819ed0c70cfa76be1a25733dc65cf4a0c21c3bf66a51771	63457	41857	102	1	0
data/map_433_spritesheet.png	256x2048	512x1	0	e5a00aa9991ac8a5ee3109844d84a55583bd20572ad3ffcd42792f3c36b183ad	0	0	0	1	0
data/map_434_spritesheet.png	256x2048	512x33	2	7179c65e077d8a84bbc32e5d22f2349d1931304e00470ac905cbb0c7d69efe26	1444	0	1	1	0
data/map_435_spritesheet.png	256x2048	512x755	132	f9b23bf87e2574b54aa69492ed6dfbbf2377e6158f58892f2516602e771eb3cc	29685	105765	50	1	1
data/map_436_spritesheet.png	256x2048	512x755	132	f9b23bf87e2574b54aa69492ed6dfbbf2377e6158f58892f2516602e771eb3cc	29685	105765	50	1	0
data/map_437_spritesheet.png	256x2048	512x755	132	f9b23bf87e2574b54aa69492ed6dfbbf2377e6158f58892f2516602e771eb3cc	29685	105765	50	1	0
data/map_438_spritesheet.png	256x2048	512x755	132	f9b23bf87e2574b54aa69492ed6dfbbf2377e6158f58892f2516602e771eb3cc	29685	105765	50	1	0
data/map_439_spritesheet.png	256x2048	512x328	124	c5e3ffa90b8ff8e929b7510a623de402f92e39a7f493300e9031a23115515d0b	79948	3572	31	1	0
data/map_440_spritesheet.png	256x2048	512x81	31	a336324f1f0e9b0df649213614b563a50aaf45046e6319eed27ebc72163ee146	11179	908	2	1	0
data/map_441_spritesheet.png	256x2048	512x107	48	e5301d371784d85de7c59000a66fe878ad3c62f936f1f0ecb798010f9dc05fd4	11579	6962	27	1	0
data/map_442_spritesheet.png	256x2048	512x107	51	06145d4eb9025407357042f15c5426b9fc7fd26143fce9fe1fe073a4530964a8	13445	6962	27	1	0
data/map_443_spritesheet.png	256x2048	512x222	94	fd72c41c2cd17e2fbe59a220e5326f1d5396c25ae216a7ee70a64aaf15661446	39604	7167	32	1	1
data/map_444_spritesheet.png	256x2048	512x278	102	329ef25b15f3aaa58a31d4371295a6233e3a987d52fd91ee731670643e40a096	15359	40935	46	1	0
data/map_445_spritesheet.png	256x2048	512x461	192	67652aa5838d3bc7eccf0f274fea26f9ed7365fe1a0c4223e1e00403eb5807d1	44428	48014	49	1	0
data/map_446_spritesheet.png	256x2048	512x261	101	d4d7a8763e47bc8b2c971e990d7ddf9f49ac1a43ee46ea0e9cf19b3a73f3723d	46384	2793	27	1	0
data/map_447_spritesheet.png	256x2048	512x246	90	5b31800b5a3b31dbef7f1fec54f867c8b9d3aec6ca08df669ec827db88b95bfd	10332	39812	44	1	0
data/map_448_spritesheet.png	256x2048	512x359	120	a0aa403fce1ba4262a5d8f2d907ab0afd182574c9f7cbfdbc7105f2970c6fedb	30449	40973	54	1	0
data/map_449_spritesheet.png	256x2048	512x1338	173	189495d2c4e7e351f56ab3c8ece91f9d7540bf19d7b123340240781e57d5c43d	112116	80381	86	1	0
data/map_450_spritesheet.png	256x2048	512x305	149	e825f2c5b71278467247c40555de7fbdbf47406900770c5300e93373b8a2609c	53518	1777	40	1	0
data/map_451_spritesheet.png	256x2048	512x1249	278	5f9c69af12fa08bb2fc900e76ef5c01fd97a25daf73f166ad4221a908bd0323b	74050	137368	139	1	0
data/map_452_spritesheet.png	256x2048	512x1	0	e5a00aa9991ac8a5ee3109844d84a55583bd20572ad3ffcd42792f3c36b183ad	0	0	0	1	0
data/map_453_spritesheet.png	256x2048	512x1	0	e5a00aa9991ac8a5ee3109844d84a55583bd20572ad3ffcd42792f3c36b183ad	0	0	0	1	0
data/map_454_spritesheet.png	256x2048	512x1	0	e5a00aa9991ac8a5ee3109844d84a55583bd20572ad3ffcd42792f3c36b183ad	0	0	0	1	0
data/map_455_spritesheet.png	256x2048	512x1	0	e5a00aa9991ac8a5ee3109844d84a55583bd20572ad3ffcd42792f3c36b183ad	0	0	0	1	0
data/map_456_spritesheet.png	256x2048	512x1	0	e5a00aa9991ac8a5ee3109844d84a55583bd20572ad3ffcd42792f3c36b183ad	0	0	0	1	0
data/map_457_spritesheet.png	256x2048	512x1	0	e5a00aa9991ac8a5ee3109844d84a55583bd20572ad3ffcd42792f3c36b183ad	0	0	0	1	0
data/map_458_spritesheet.png	256x2048	512x1	0	e5a00aa9991ac8a5ee3109844d84a55583bd20572ad3ffcd42792f3c36b183ad	0	0	0	1	0
data/map_459_spritesheet.png	256x2048	512x1	0	e5a00aa9991ac8a5ee3109844d84a55583bd20572ad3ffcd42792f3c36b183ad	0	0	0	1	0
data/map_460_spritesheet.png	256x2048	512x1	0	e5a00aa9991ac8a5ee3109844d84a55583bd20572ad3ffcd42792f3c36b183ad	0	0	0	1	0
data/map_461_spritesheet.png	256x2048	512x1	0	e5a00aa9991ac8a5ee3109844d84a55583bd20572ad3ffcd42792f3c36b183ad	0	0	0	1	0
data/map_462_spritesheet.png	256x2048	512x1	0	e5a00aa9991ac8a5ee3109844d84a55583bd20572ad3ffcd42792f3c36b183ad	0	0	0	1	0
data/map_463_spritesheet.png	256x2048	512x1	0	e5a00aa9991ac8a5ee3109844d84a55583bd20572ad3ffcd42792f3c36b183ad	0	0	0	1	0
data/map_464_spritesheet.png	256x2048	512x1	0	e5a00aa9991ac8a5ee3109844d84a55583bd20572ad3ffcd42792f3c36b183ad	0	0	0	1	0
data/map_465_spritesheet.png	256x2048	512x1	0	e5a00aa9991ac8a5ee3109844d84a55583bd20572ad3ffcd42792f3c36b183ad	0	0	0	1	0
data/map_466_spritesheet.png	256x2048	512x1	0	e5a00aa9991ac8a5ee3109844d84a55583bd20572ad3ffcd42792f3c36b183ad	0	0	0	1	0
data/map_467_spritesheet.png	256x2048	512x1	0	e5a00aa9991ac8a5ee3109844d84a55583bd20572ad3ffcd42792f3c36b183ad	0	0	0	1	0
data/map_468_spritesheet.png	256x2048	512x1	0	e5a00aa9991ac8a5ee3109844d84a55583bd20572ad3ffcd42792f3c36b183ad	0	0	0	1	0
data/map_469_spritesheet.png	256x2048	512x1	0	e5a00aa9991ac8a5ee3109844d84a55583bd20572ad3ffcd42792f3c36b183ad	0	0	0	1	0
data/map_470_spritesheet.png	256x2048	512x1	0	e5a00aa9991ac8a5ee3109844d84a55583bd20572ad3ffcd42792f3c36b183ad	0	0	0	1	0
data/map_471_spritesheet.png	256x2048	512x534	68	12a0ff72924a1c7aa3dfe3310dba2dd6594a308c9394bed895d4f714a7926943	74638	10343	44	1	1
data/map_472_spritesheet.png	256x2048	512x132	70	6690fc9a80039d299688f1e6192ec692bd5254c7dd14547b33e040f0f7f01d71	14561	7914	4	1	0
data/map_473_spritesheet.png	256x2048	512x141	77	7f2b8ebf2425daded4a68accd5f38eff3f428fd91a4d1a4ff19d6ea8d5ee92b5	16382	7914	4	1	0
data/map_474_spritesheet.png	256x2048	512x57	28	fe64e500d678f3e51d485432410019d1f913c92b69c4f7f7ba55c36db7e327e9	7666	0	1	1	0
data/map_475_spritesheet.png	256x2048	512x74	22	a6f6f7cbd89b16a8b4ad457a8aed70265b424899552bfc8c47af07c72e2e7792	7935	0	0	1	0
data/map_476_spritesheet.png	256x2048	512x260	74	b3ec4c9b3e8881f30231a70ff4636a7c6949203cf889bf8074744ce88f2c0685	481	33294	47	1	0
data/map_477_spritesheet.png	256x2048	512x1	0	e5a00aa9991ac8a5ee3109844d84a55583bd20572ad3ffcd42792f3c36b183ad	0	0	0	1	0
data/map_478_spritesheet.png	256x2048	512x420	364	d389c865e3c2783438a6972ef49182f7ac3ac44b689c7ac8a86e3f20ed1eecbd	96838	0	64	1	0
data/map_479_spritesheet.png	256x2048	512x294	101	58097e6fd855cefc30f6fddafa63552137bc3325b3b7697e6bd52b62f699a00e	61240	268	26	1	0
data/map_480_spritesheet.png	256x2048	512x922	147	2432441d58a0eac6fe10e70208d909e6a3558c339ea6ea07e4221a553d6fbeb7	43167	58867	125	1	0
data/map_481_spritesheet.png	256x2048	512x116	90	be9e005b435f1d3ad44f5cd55d5b2566815e4c93c7aee7868af793112c82ff03	25068	0	0	1	0
data/map_482_spritesheet.png	256x2048	512x356	334	494da256ccad01ee47b8dc6f8e29bb1920db2fddd7b82bcfe2d835078685ca91	85042	0	90	1	0
