source	kind	record	Signature	Spritesheet	Palette	SourceX	SourceY	Swidth	Sheight	old_AtlasX	old_AtlasY	new_AtlasX	new_AtlasY	cell_first_used_by
map_alundra	inv	-1	61779762221058	2	16	200	56	48	56	200	568	431	121	inv
map_6	dlg	4	61778947473409	1	0	56	8	48	56	56	264	49	0	dlg
map_6	dlg	9	61780294369795	3	2	128	88	48	56	128	856	147	0	dlg
map_6	dlg	10	61780297516035	3	4	176	88	48	56	176	856	196	0	dlg
map_6	dlg	11	61780291225091	3	6	80	88	48	56	80	856	98	0	dlg
map_6	dlg	17	61778944329729	1	8	8	8	48	56	8	264	0	0	dlg
map_8	dlg	10	61780297515267	3	1	176	88	48	56	176	856	49	0	dlg
map_8	dlg	46	61779890144000	0	3	104	64	48	56	104	64	0	0	dlg
map_10	dlg	0	61780823376641	1	3	8	120	48	56	8	376	294	0	dlg
map_10	dlg	3	61780829669121	1	7	104	120	48	56	104	376	392	0	dlg
map_10	dlg	4	61778947475713	1	9	56	8	48	56	56	264	0	0	dlg
map_10	dlg	5	61778956913409	1	11	200	8	48	56	200	264	98	0	dlg
map_10	dlg	12	61780826525185	1	14	56	120	48	56	56	376	343	0	dlg
map_10	dlg	15	61779896438529	1	15	200	64	48	56	200	320	245	0	anim
map_10	dlg	18	61778953769473	1	18	152	8	48	56	152	264	49	0	dlg
map_10	dlg	30	61779490640896	0	20	152	40	48	56	152	40	147	0	dlg
map_10	dlg	46	61779890148865	1	22	104	64	48	56	104	320	196	0	dlg
map_11	dlg	0	61780823376384	0	2	8	120	48	56	8	120	0	0	dlg
map_14	dlg	144	61780420724739	3	8	8	96	48	56	8	864	0	0	dlg
map_17	dlg	122	79371945118978	2	13	152	56	48	72	152	568	147	81	dlg
map_41	dlg	83	61781770242561	1	10	120	176	48	56	120	432	49	65	dlg
map_41	dlg	123	61781762908929	1	35	8	176	48	56	8	432	0	65	dlg
map_42	dlg	83	61781770243073	1	12	120	176	48	56	120	432	49	65	dlg
map_42	dlg	123	61781762909441	1	37	8	176	48	56	8	432	0	65	dlg
map_47	dlg	83	61781770240256	0	1	120	176	48	56	120	176	114	0	dlg
map_47	dlg	123	61781762904064	0	16	8	176	48	56	8	176	65	0	dlg
map_48	dlg	144	61780420724227	3	6	8	96	48	56	8	864	0	0	dlg
map_49	dlg	144	61780420723459	3	3	8	96	48	56	8	864	195	0	dlg
map_51	dlg	144	61780420724227	3	6	8	96	48	56	8	864	0	0	dlg
map_52	dlg	144	61780420724483	3	7	8	96	48	56	8	864	0	0	dlg
map_53	dlg	46	61779890144003	3	3	104	64	48	56	104	832	9	0	dlg
map_53	dlg	144	61780420723457	1	3	8	96	48	56	8	352	58	0	dlg
map_54	dlg	144	61780420725761	1	12	8	96	48	56	8	352	65	0	dlg
map_61	dlg	9	61780294369283	3	0	128	88	48	56	128	856	9	0	dlg
map_63	dlg	11	61780291223555	3	0	80	88	48	56	80	856	0	0	dlg
map_64	dlg	10	61780297515011	3	0	176	88	48	56	176	856	0	0	dlg
map_68	dlg	11	61780291223552	0	0	80	88	48	56	80	88	369	0	dlg
map_134	dlg	161	61778956910593	1	0	200	8	48	56	200	264	0	0	dlg
map_135	dlg	5	61778956911106	2	2	200	8	48	56	200	520	49	0	dlg
map_135	dlg	12	61780826522626	2	4	56	120	48	56	56	632	147	0	dlg
map_135	dlg	18	61778953766146	2	5	152	8	48	56	152	520	0	0	dlg
map_135	dlg	46	61779890145026	2	7	104	64	48	56	104	576	98	0	dlg
map_136	dlg	12	61780826521602	2	0	56	120	48	56	56	632	0	0	dlg
map_138	dlg	0	61780823375873	1	0	8	120	48	56	8	376	98	0	dlg
map_138	dlg	3	61780829668353	1	4	104	120	48	56	104	376	196	0	dlg
map_138	dlg	5	61778956912129	1	6	200	8	48	56	200	264	0	0	dlg
map_138	dlg	12	61780826523649	1	8	56	120	48	56	56	376	147	0	dlg
map_138	dlg	46	61779890147329	1	16	104	64	48	56	104	320	49	0	dlg
map_144	dlg	29	61780290699264	0	0	72	88	48	56	72	88	58	0	dlg
map_144	dlg	30	61779490636292	4	2	152	40	48	56	152	1064	9	0	dlg
map_145	dlg	4	61778947473409	1	0	56	8	48	56	56	264	0	0	dlg
map_162	dlg	6	61779886998272	0	3	56	64	48	56	56	64	49	0	dlg
map_162	dlg	13	61779893290496	0	6	152	64	48	56	152	64	98	0	dlg
map_162	dlg	17	61778944329472	0	7	8	8	48	56	8	8	0	0	dlg
map_163	dlg	4	61778947473664	0	1	56	8	48	56	56	8	0	0	dlg
map_164	dlg	0	61780823375873	1	0	8	120	48	56	8	376	0	0	dlg
map_164	dlg	3	61780829668097	1	3	104	120	48	56	104	376	98	0	dlg
map_164	dlg	12	61780826522881	1	5	56	120	48	56	56	376	49	0	dlg
map_165	dlg	18	61778953764866	2	0	152	8	48	56	152	520	0	0	dlg
map_166	dlg	15	61779896434689	1	0	200	64	48	56	200	320	0	0	anim
map_167	dlg	13	61779893288961	1	0	152	64	48	56	152	320	0	0	dlg
map_168	dlg	17	61778944327682	2	0	8	8	48	56	8	520	0	0	dlg
map_170	dlg	4	61778947473410	2	0	56	8	48	56	56	520	0	0	dlg
map_171	dlg	0	61780823375873	1	0	8	120	48	56	8	376	0	0	dlg
map_171	dlg	3	61780829668097	1	3	104	120	48	56	104	376	98	0	dlg
map_171	dlg	12	61780826522881	1	5	56	120	48	56	56	376	49	0	dlg
map_172	dlg	18	61778953764867	3	0	152	8	48	56	152	776	0	0	dlg
map_173	dlg	15	61779896434689	1	0	200	64	48	56	200	320	0	0	anim
map_174	dlg	13	61779893288961	1	0	152	64	48	56	152	320	0	0	dlg
map_175	dlg	6	61779886997505	1	0	56	64	48	56	56	320	49	0	dlg
map_175	dlg	17	61778944328193	1	2	8	8	48	56	8	264	0	0	dlg
map_176	dlg	12	61780826522368	0	3	56	120	48	56	56	120	147	0	dlg
map_176	dlg	13	61779893290240	0	5	152	64	48	56	152	64	98	0	dlg
map_176	dlg	17	61778944329472	0	7	8	8	48	56	8	8	0	0	dlg
map_176	dlg	18	61778953767424	0	10	152	8	48	56	152	8	49	0	dlg
map_177	dlg	4	61778947473409	1	0	56	8	48	56	56	264	0	0	dlg
map_178	dlg	0	61780823375873	1	0	8	120	48	56	8	376	0	0	dlg
map_178	dlg	3	61780829668097	1	3	104	120	48	56	104	376	98	0	dlg
map_178	dlg	12	61780826522881	1	5	56	120	48	56	56	376	49	0	dlg
map_179	dlg	12	61780826521601	1	0	56	120	48	56	56	376	49	0	dlg
map_179	dlg	18	61778953765377	1	2	152	8	48	56	152	264	0	0	dlg
map_180	dlg	15	61779896434689	1	0	200	64	48	56	200	320	0	0	anim
map_181	dlg	13	61779893288961	1	0	152	64	48	56	152	320	0	0	dlg
map_182	dlg	6	61779886997505	1	0	56	64	48	56	56	320	0	0	dlg
map_183	dlg	4	61778947473920	0	2	56	8	48	56	56	8	0	0	dlg
map_183	dlg	12	61780826522624	0	4	56	120	48	56	56	120	196	0	dlg
map_183	dlg	13	61779893290496	0	6	152	64	48	56	152	64	98	0	dlg
map_183	dlg	15	61779896436736	0	8	200	64	48	56	200	64	147	0	anim
map_183	dlg	18	61778953767936	0	12	152	8	48	56	152	8	49	0	dlg
map_184	dlg	4	61778947473409	1	0	56	8	48	56	56	264	0	0	dlg
map_185	dlg	0	61780823375873	1	0	8	120	48	56	8	376	98	0	dlg
map_185	dlg	3	61780829668353	1	4	104	120	48	56	104	376	196	0	dlg
map_185	dlg	5	61778956912129	1	6	200	8	48	56	200	264	0	0	dlg
map_185	dlg	8	61780152289284	4	8	8	80	48	56	8	1104	49	0	dlg
map_185	dlg	12	61780826524161	1	10	56	120	48	56	56	376	147	0	dlg
map_186	dlg	13	61779893289984	0	4	152	64	48	56	152	64	49	0	dlg
map_186	dlg	18	61778953766144	0	5	152	8	48	56	152	8	0	0	dlg
map_187	dlg	4	61778947473409	1	0	56	8	48	56	56	264	0	0	dlg
map_188	dlg	0	61780823375873	1	0	8	120	48	56	8	376	0	0	dlg
map_188	dlg	3	61780829668097	1	3	104	120	48	56	104	376	98	0	dlg
map_188	dlg	12	61780826522881	1	5	56	120	48	56	56	376	49	0	dlg
map_190	dlg	15	61779896434689	1	0	200	64	48	56	200	320	0	0	anim
map_192	dlg	6	61779886997505	1	0	56	64	48	56	56	320	49	0	dlg
map_192	dlg	17	61778944328193	1	2	8	8	48	56	8	264	0	0	dlg
map_194	dlg	4	61778947473409	1	0	56	8	48	56	56	264	0	0	dlg
map_195	dlg	0	61780823375873	1	0	8	120	48	56	8	376	0	0	dlg
map_195	dlg	3	61780829668353	1	4	104	120	48	56	104	376	49	0	dlg
map_196	dlg	5	61778956910594	2	0	200	8	48	56	200	520	49	0	dlg
map_196	dlg	12	61780826522370	2	3	56	120	48	56	56	632	147	0	dlg
map_196	dlg	15	61779896435714	2	4	200	64	48	56	200	576	98	0	anim
map_196	dlg	17	61778944329730	2	8	8	8	48	56	8	520	0	0	dlg
map_197	dlg	12	61780826521601	1	0	56	120	48	56	56	376	49	0	dlg
map_197	dlg	13	61779893289473	1	2	152	64	48	56	152	320	0	0	dlg
map_199	dlg	4	61778947473409	1	0	56	8	48	56	56	264	0	0	dlg
map_200	dlg	0	61780823375874	2	0	8	120	48	56	8	632	0	0	dlg
map_200	dlg	3	61780829668354	2	4	104	120	48	56	104	632	98	0	dlg
map_200	dlg	12	61780826523138	2	6	56	120	48	56	56	632	49	0	dlg
map_201	dlg	18	61778953764865	1	0	152	8	48	56	152	264	0	0	dlg
map_202	dlg	15	61779896434689	1	0	200	64	48	56	200	320	0	0	anim
map_204	dlg	6	61779886997505	1	0	56	64	48	56	56	320	49	0	dlg
map_204	dlg	17	61778944328193	1	2	8	8	48	56	8	264	0	0	dlg
map_205	dlg	18	61778953765632	0	3	152	8	48	56	152	8	0	0	dlg
map_206	dlg	4	61778947473409	1	0	56	8	48	56	56	264	0	0	dlg
map_207	dlg	0	61780823375873	1	0	8	120	48	56	8	376	0	0	dlg
map_207	dlg	3	61780829668097	1	3	104	120	48	56	104	376	98	0	dlg
map_207	dlg	12	61780826522881	1	5	56	120	48	56	56	376	49	0	dlg
map_209	dlg	15	61779896434689	1	0	200	64	48	56	200	320	0	0	anim
map_211	dlg	6	61779886997505	1	0	56	64	48	56	56	320	49	0	dlg
map_211	dlg	17	61778944328449	1	3	8	8	48	56	8	264	0	0	dlg
map_212	dlg	17	61778944328192	0	2	8	8	48	56	8	8	0	0	dlg
map_213	dlg	4	61778947473409	1	0	56	8	48	56	56	264	0	0	dlg
map_214	dlg	12	61780826522114	2	2	56	120	48	56	56	632	0	0	dlg
map_216	dlg	15	61779896434689	1	0	200	64	48	56	200	320	0	0	anim
map_217	dlg	0	61780823375873	1	0	8	120	48	56	8	376	49	0	dlg
map_217	dlg	3	61780829667841	1	2	104	120	48	56	104	376	147	0	dlg
map_217	dlg	12	61780826522625	1	4	56	120	48	56	56	376	98	0	dlg
map_217	dlg	46	61779890145537	1	9	104	64	48	56	104	320	0	0	dlg
map_218	dlg	6	61779886997505	1	0	56	64	48	56	56	320	0	0	dlg
map_220	dlg	4	61778947473409	1	0	56	8	48	56	56	264	0	0	dlg
map_221	dlg	0	61780823375873	1	0	8	120	48	56	8	376	0	0	dlg
map_221	dlg	3	61780829668097	1	3	104	120	48	56	104	376	98	0	dlg
map_221	dlg	12	61780826522881	1	5	56	120	48	56	56	376	49	0	dlg
map_222	dlg	18	61778953764865	1	0	152	8	48	56	152	264	0	0	dlg
map_223	dlg	15	61779896434689	1	0	200	64	48	56	200	320	0	0	anim
map_224	dlg	46	61779890145281	1	8	104	64	48	56	104	320	0	0	dlg
map_225	dlg	6	61779886997505	1	0	56	64	48	56	56	320	49	0	dlg
map_225	dlg	17	61778944328193	1	2	8	8	48	56	8	264	0	0	dlg
map_226	dlg	0	61780823376384	0	2	8	120	48	56	8	120	196	0	dlg
map_226	dlg	5	61778956911616	0	4	200	8	48	56	200	8	98	0	dlg
map_226	dlg	12	61780826523136	0	6	56	120	48	56	56	120	245	0	dlg
map_226	dlg	17	61778944329472	0	7	8	8	48	56	8	8	0	0	dlg
map_226	dlg	18	61778953767168	0	9	152	8	48	56	152	8	49	0	dlg
map_226	dlg	46	61779890146816	0	14	104	64	48	56	104	64	147	0	dlg
map_227	dlg	4	61778947473409	1	0	56	8	48	56	56	264	0	0	dlg
map_228	dlg	3	61780829667329	1	0	104	120	48	56	104	376	49	0	dlg
map_228	dlg	12	61780826522113	1	2	56	120	48	56	56	376	0	0	dlg
map_229	dlg	0	61780823375873	1	0	8	120	48	56	8	376	98	0	dlg
map_229	dlg	12	61780826522113	1	2	56	120	48	56	56	376	147	0	dlg
map_229	dlg	17	61778944328449	1	3	8	8	48	56	8	264	0	0	dlg
map_229	dlg	46	61779890145025	1	7	104	64	48	56	104	320	49	0	dlg
map_231	dlg	4	61778947473409	1	0	56	8	48	56	56	264	0	0	dlg
map_232	dlg	0	61780823375873	1	0	8	120	48	56	8	376	0	0	dlg
map_232	dlg	3	61780829668097	1	3	104	120	48	56	104	376	98	0	dlg
map_232	dlg	12	61780826522881	1	5	56	120	48	56	56	376	49	0	dlg
map_233	dlg	18	61778953764865	1	0	152	8	48	56	152	264	0	0	dlg
map_234	dlg	15	61779896434689	1	0	200	64	48	56	200	320	0	0	anim
map_235	dlg	46	61779890145281	1	8	104	64	48	56	104	320	0	0	dlg
map_236	dlg	6	61779886997505	1	0	56	64	48	56	56	320	0	0	dlg
map_236	dlg	46	61779890144001	1	3	104	64	48	56	104	320	49	0	dlg
map_237	dlg	4	61778947473920	0	2	56	8	48	56	56	8	0	0	dlg
map_237	dlg	46	61779890145536	0	9	104	64	48	56	104	64	49	0	dlg
map_239	dlg	3	61780829667329	1	0	104	120	48	56	104	376	0	0	dlg
map_240	dlg	0	61780823375873	1	0	8	120	48	56	8	376	49	0	dlg
map_240	dlg	12	61780826522113	1	2	56	120	48	56	56	376	98	0	dlg
map_240	dlg	18	61778953765633	1	3	152	8	48	56	152	264	0	0	dlg
map_241	dlg	6	61779886998272	0	3	56	64	48	56	56	64	0	0	dlg
map_242	dlg	4	61778947473409	1	0	56	8	48	56	56	264	0	0	dlg
map_242	dlg	12	61780826522113	1	2	56	120	48	56	56	376	49	0	dlg
map_243	dlg	0	61780823375873	1	0	8	120	48	56	8	376	0	0	dlg
map_243	dlg	3	61780829668097	1	3	104	120	48	56	104	376	49	0	dlg
map_245	dlg	15	61779896434689	1	0	200	64	48	56	200	320	0	0	anim
map_246	dlg	46	61779890145281	1	8	104	64	48	56	104	320	0	0	dlg
map_247	dlg	6	61779886997505	1	0	56	64	48	56	56	320	0	0	dlg
map_248	dlg	12	61780826522112	0	2	56	120	48	56	56	120	0	0	dlg
map_249	dlg	4	61778947473409	1	0	56	8	48	56	56	264	0	0	dlg
map_249	dlg	12	61780826522113	1	2	56	120	48	56	56	376	49	0	dlg
map_253	dlg	4	61778947473409	1	0	56	8	48	56	56	264	0	0	dlg
map_254	dlg	0	61780823375873	1	0	8	120	48	56	8	376	0	0	dlg
map_254	dlg	3	61780829668097	1	3	104	120	48	56	104	376	98	0	dlg
map_254	dlg	12	61780826522881	1	5	56	120	48	56	56	376	49	0	dlg
map_255	dlg	18	61778953764865	1	0	152	8	48	56	152	264	0	0	dlg
map_256	dlg	15	61779896434689	1	0	200	64	48	56	200	320	0	0	anim
map_259	dlg	46	61779890145280	0	8	104	64	48	56	104	64	0	0	dlg
map_260	dlg	4	61778947473409	1	0	56	8	48	56	56	264	0	0	dlg
map_260	dlg	12	61780826522113	1	2	56	120	48	56	56	376	98	0	dlg
map_260	dlg	46	61779890144513	1	5	104	64	48	56	104	320	49	0	dlg
map_261	dlg	0	61780823375873	1	0	8	120	48	56	8	376	49	0	dlg
map_261	dlg	3	61780829668097	1	3	104	120	48	56	104	376	147	0	dlg
map_261	dlg	12	61780826522881	1	5	56	120	48	56	56	376	98	0	dlg
map_261	dlg	46	61779890145025	1	7	104	64	48	56	104	320	0	0	dlg
map_262	dlg	18	61778953764865	1	0	152	8	48	56	152	264	0	0	dlg
map_263	dlg	15	61779896434689	1	0	200	64	48	56	200	320	0	0	anim
map_265	dlg	46	61779890143746	2	2	104	64	48	56	104	576	0	0	dlg
map_266	dlg	0	61780823376384	0	2	8	120	48	56	8	120	0	0	dlg
map_268	dlg	3	61780829667329	1	0	104	120	48	56	104	376	0	0	dlg
map_269	dlg	18	61778953764865	1	0	152	8	48	56	152	264	0	0	dlg
map_270	dlg	0	61780823375873	1	0	8	120	48	56	8	376	49	0	dlg
map_270	dlg	12	61780826522113	1	2	56	120	48	56	56	376	98	0	dlg
map_270	dlg	46	61779890145281	1	8	104	64	48	56	104	320	0	0	dlg
map_272	dlg	12	61780826521601	1	0	56	120	48	56	56	376	0	0	dlg
map_273	dlg	3	61780829667329	1	0	104	120	48	56	104	376	0	0	dlg
map_274	dlg	0	61780823375873	1	0	8	120	48	56	8	376	98	0	dlg
map_274	dlg	12	61780826522113	1	2	56	120	48	56	56	376	147	0	dlg
map_274	dlg	18	61778953765633	1	3	152	8	48	56	152	264	0	0	dlg
map_274	dlg	46	61779890144769	1	6	104	64	48	56	104	320	49	0	dlg
map_277	dlg	0	61780823375873	1	0	8	120	48	56	8	376	0	0	dlg
map_277	dlg	3	61780829668353	1	4	104	120	48	56	104	376	98	0	dlg
map_277	dlg	12	61780826523137	1	6	56	120	48	56	56	376	49	0	dlg
map_278	dlg	46	61779890145025	1	7	104	64	48	56	104	320	0	0	dlg
map_279	dlg	15	61779896434689	1	0	200	64	48	56	200	320	0	0	anim
map_282	dlg	46	61779890144768	0	6	104	64	48	56	104	64	0	0	dlg
map_284	dlg	0	61780823375873	1	0	8	120	48	56	8	376	0	0	dlg
map_284	dlg	3	61780829668353	1	4	104	120	48	56	104	376	98	0	dlg
map_284	dlg	12	61780826523137	1	6	56	120	48	56	56	376	49	0	dlg
map_286	dlg	15	61779896434689	1	0	200	64	48	56	200	320	0	0	anim
map_287	dlg	46	61779890145281	1	8	104	64	48	56	104	320	0	0	dlg
map_288	dlg	46	61779890143746	2	2	104	64	48	56	104	576	0	0	dlg
map_290	dlg	46	61779890143489	1	1	104	64	48	56	104	320	0	0	dlg
map_291	dlg	3	61780829667329	1	0	104	120	48	56	104	376	49	0	dlg
map_291	dlg	12	61780826522113	1	2	56	120	48	56	56	376	0	0	dlg
map_292	dlg	12	61780826521601	1	0	56	120	48	56	56	376	49	0	dlg
map_292	dlg	46	61779890145025	1	7	104	64	48	56	104	320	0	0	dlg
map_293	dlg	0	61780823376384	0	2	8	120	48	56	8	120	49	0	dlg
map_295	dlg	0	61780823375873	1	0	8	120	48	56	8	376	49	0	dlg
map_295	dlg	3	61780829668353	1	4	104	120	48	56	104	376	147	0	dlg
map_295	dlg	12	61780826523137	1	6	56	120	48	56	56	376	98	0	dlg
map_295	dlg	46	61779890147073	1	15	104	64	48	56	104	320	0	0	dlg
map_297	dlg	3	61780829667584	0	1	104	120	48	56	104	120	98	0	dlg
map_297	dlg	12	61780826522368	0	3	56	120	48	56	56	120	49	0	dlg
map_297	dlg	46	61779890145792	0	10	104	64	48	56	104	64	0	0	dlg
map_299	dlg	0	61780823375873	1	0	8	120	48	56	8	376	0	0	dlg
map_299	dlg	3	61780829668353	1	4	104	120	48	56	104	376	49	0	dlg
map_303	dlg	8	61780152287233	1	0	8	80	48	56	8	336	49	0	dlg
map_303	dlg	30	61779490636288	0	2	152	40	48	56	152	40	0	0	dlg
map_308	dlg	93	61782043394048	0	0	192	192	48	56	192	192	0	0	dlg
map_309	dlg	93	61782043394048	0	0	192	192	48	56	192	192	0	0	dlg
map_310	dlg	46	61779890143234	2	0	104	64	48	56	104	576	129	97	dlg
map_321	dlg	253	61778949046785	1	2	80	8	48	56	80	264	287	209	dlg
map_327	dlg	162	79373961528835	3	6	200	176	48	72	200	944	195	312	dlg
map_331	dlg	0	61780823376641	1	3	8	120	48	56	8	376	294	0	dlg
map_331	dlg	3	61780829669121	1	7	104	120	48	56	104	376	392	0	dlg
map_331	dlg	4	61778947475713	1	9	56	8	48	56	56	264	0	0	dlg
map_331	dlg	5	61778956913409	1	11	200	8	48	56	200	264	98	0	dlg
map_331	dlg	12	61780826525185	1	14	56	120	48	56	56	376	343	0	dlg
map_331	dlg	15	61779896438529	1	15	200	64	48	56	200	320	245	0	anim
map_331	dlg	18	61778953769473	1	18	152	8	48	56	152	264	49	0	dlg
map_331	dlg	30	61779490640896	0	20	152	40	48	56	152	40	147	0	dlg
map_331	dlg	46	61779890148865	1	22	104	64	48	56	104	320	196	0	dlg
map_333	dlg	4	61778947473409	1	0	56	8	48	56	56	264	0	0	dlg
map_334	dlg	4	61778947473409	1	0	56	8	48	56	56	264	0	0	dlg
map_335	dlg	4	61778947473409	1	0	56	8	48	56	56	264	49	0	dlg
map_335	dlg	17	61778944328193	1	2	8	8	48	56	8	264	0	0	dlg
map_347	dlg	162	79373961528579	3	5	200	176	48	72	200	944	195	312	dlg
map_357	dlg	12	61780826522368	0	3	56	120	48	56	56	120	58	0	dlg
map_357	dlg	17	61778944328960	0	5	8	8	48	56	8	8	9	0	dlg
map_358	dlg	4	61778947473409	1	0	56	8	48	56	56	264	49	0	dlg
map_358	dlg	17	61778944328193	1	2	8	8	48	56	8	264	0	0	dlg
map_359	dlg	12	61780826521601	1	0	56	120	48	56	56	376	0	0	dlg
map_360	dlg	12	61780826521601	1	0	56	120	48	56	56	376	0	0	dlg
map_361	dlg	0	61780823375873	1	0	8	120	48	56	8	376	98	0	dlg
map_361	dlg	3	61780829667841	1	2	104	120	48	56	104	376	196	0	dlg
map_361	dlg	5	61778956911617	1	4	200	8	48	56	200	264	0	0	dlg
map_361	dlg	12	61780826523137	1	6	56	120	48	56	56	376	147	0	dlg
map_361	dlg	46	61779890147073	1	15	104	64	48	56	104	320	49	0	dlg
map_362	dlg	8	61780152287233	1	0	8	80	48	56	8	336	0	0	dlg
map_362	dlg	9	61780294369792	0	2	128	88	48	56	128	88	49	0	dlg
map_362	dlg	10	61780297516032	0	4	176	88	48	56	176	88	98	0	dlg
map_363	dlg	11	61780291223553	1	0	80	88	48	56	80	344	378	0	dlg
map_364	dlg	15	61779896435200	0	2	200	64	48	56	200	64	49	0	anim
map_364	dlg	18	61778953766144	0	5	152	8	48	56	152	8	0	0	dlg
map_365	dlg	4	61778947473409	1	0	56	8	48	56	56	264	0	0	dlg
map_366	dlg	0	61780823375873	1	0	8	120	48	56	8	376	98	0	dlg
map_366	dlg	3	61780829668353	1	4	104	120	48	56	104	376	196	0	dlg
map_366	dlg	5	61778956912129	1	6	200	8	48	56	200	264	0	0	dlg
map_366	dlg	8	61780152289284	4	8	8	80	48	56	8	1104	49	0	dlg
map_366	dlg	12	61780826524161	1	10	56	120	48	56	56	376	147	0	dlg
map_367	dlg	17	61778944327936	0	1	8	8	48	56	8	8	0	0	dlg
map_372	dlg	4	61778947473409	1	0	56	8	48	56	56	264	0	0	dlg
map_373	dlg	0	61780823375873	1	0	8	120	48	56	8	376	0	0	dlg
map_373	dlg	12	61780826522369	1	3	56	120	48	56	56	376	49	0	dlg
map_374	dlg	18	61778953764865	1	0	152	8	48	56	152	264	0	0	dlg
map_375	dlg	15	61779896434689	1	0	200	64	48	56	200	320	0	0	anim
map_376	dlg	13	61779893288961	1	0	152	64	48	56	152	320	0	0	dlg
map_377	dlg	6	61779886997505	1	0	56	64	48	56	56	320	49	0	dlg
map_377	dlg	17	61778944328449	1	3	8	8	48	56	8	264	0	0	dlg
map_387	dlg	46	61779890143489	1	1	104	64	48	56	104	320	0	0	dlg
map_388	dlg	122	79371945116420	4	3	152	56	48	72	152	1080	390	544	dlg
map_388	dlg	253	61778949051394	2	20	80	8	48	56	80	520	452	648	dlg
map_389	dlg	161	61778956911617	1	4	200	8	48	56	200	264	0	0	dlg
map_390	dlg	161	61778956911873	1	5	200	8	48	56	200	264	0	0	dlg
map_391	dlg	161	61778956912129	1	6	200	8	48	56	200	264	0	0	dlg
map_394	dlg	4	61778947473409	1	0	56	8	48	56	56	264	0	0	dlg
map_415	dlg	162	79373961528067	3	3	200	176	48	72	200	944	195	312	dlg
map_416	dlg	4	61778947473409	1	0	56	8	48	56	56	264	0	0	dlg
map_417	dlg	6	61779886997505	1	0	56	64	48	56	56	320	0	0	dlg
map_419	dlg	4	61778947473409	1	0	56	8	48	56	56	264	0	0	dlg
map_420	dlg	29	61780290699264	0	0	72	88	48	56	72	88	0	0	dlg
map_432	dlg	29	61780290701825	1	10	72	88	48	56	72	344	368	209	dlg
map_432	dlg	253	61778949049347	3	12	80	8	48	56	80	776	123	209	dlg
map_435	dlg	46	61779890143490	2	1	104	64	48	56	104	576	105	452	dlg
map_436	dlg	46	61779890143490	2	1	104	64	48	56	104	576	105	452	dlg
map_437	dlg	46	61779890143490	2	1	104	64	48	56	104	576	105	452	dlg
map_438	dlg	46	61779890143490	2	1	104	64	48	56	104	576	105	452	dlg
map_439	dlg	122	79371945118978	2	13	152	56	48	72	152	568	147	81	dlg
map_440	dlg	93	61782043395328	0	5	192	192	48	56	192	192	9	0	dlg
map_449	dlg	18	61778953764868	4	0	152	8	48	56	152	1032	168	916	dlg
map_451	dlg	122	79371945116420	4	3	152	56	48	72	152	1080	390	544	dlg
map_451	dlg	253	61778949051394	2	20	80	8	48	56	80	520	452	648	dlg
map_475	dlg	3	61780829670146	2	11	104	120	48	56	104	632	0	0	dlg
map_478	dlg	0	61780823376128	0	1	8	120	48	56	8	120	245	0	dlg
map_478	dlg	3	61780829668608	0	5	104	120	48	56	104	120	294	0	dlg
map_478	dlg	4	61778947475200	0	7	56	8	48	56	56	8	0	0	dlg
map_478	dlg	5	61778956912896	0	9	200	8	48	56	200	8	98	0	dlg
map_478	dlg	8	61780152290052	4	11	8	80	48	56	8	1104	196	0	dlg
map_478	dlg	13	61779893292288	0	13	152	64	48	56	152	64	147	0	dlg
map_478	dlg	18	61778953768960	0	16	152	8	48	56	152	8	49	0	dlg
map_481	dlg	5	61778956910851	3	1	200	8	48	56	200	776	0	0	dlg
map_481	dlg	6	61779886998531	3	4	56	64	48	56	56	832	49	0	dlg
map_482	dlg	0	61780823375873	1	0	8	120	48	56	8	376	49	0	dlg
map_482	dlg	3	61780829668353	1	4	104	120	48	56	104	376	147	0	dlg
map_482	dlg	12	61780826523137	1	6	56	120	48	56	56	376	98	0	dlg
map_482	dlg	46	61779890146817	1	14	104	64	48	56	104	320	0	0	dlg
