path	old_size	new_size	sha256_rgba_compact	today_copy_equals_source
Sprites/Textures/map_100_spritesheet.png	256x2048	512x231	6a90f58a2fd327906b5b16354434cf2cd72bbd145005ca8e7f9e192979988d39	1
Sprites/Textures/map_103_spritesheet.png	256x2048	512x521	9aa0ffce9f68a295730bbcb8dcf6a1a0c07f7b0c6e7eab3a4e34d8ed6bb58186	1
Sprites/Textures/map_109_spritesheet.png	256x2048	512x428	76bccbebb0d03ca4759089d052299a1f7b3cf815321813398744d14a1043269c	1
Sprites/Textures/map_10_spritesheet.png	256x2048	512x554	65597390bc45120bdb6cc93589be378de2f6517d92a3c248a643cb242b474a01	1
Sprites/Textures/map_115_spritesheet.png	256x2048	512x375	a0631b82a1150e9a803b56f8960cf8147f757474acfe871daa5932c59d9561cd	1
Sprites/Textures/map_117_spritesheet.png	256x2048	512x367	310a39649f56bde85a172de3d744cf092669a935622695a87cee59b418c09b45	1
Sprites/Textures/map_123_spritesheet.png	256x2048	512x1330	cdaeb17054e762d1e6f017e61c94b7c3317d7dd410025252799b03bb0b120476	1
Sprites/Textures/map_125_spritesheet.png	256x2048	512x577	312a6b03fec9cdb14baa003ef1a07953d15e2c15362bb6a73f28541c4de59957	1
Sprites/Textures/map_126_spritesheet.png	256x2048	512x387	2f2094f8c170994b4c33a71cb38360bc5c21bb7b26db36053479ff68e35188da	1
Sprites/Textures/map_12_spritesheet.png	256x2048	512x307	7bceac9058cf63ced56c1fd47ad02bccadbaf2682b1deed36ea376b8067706aa	1
Sprites/Textures/map_134_spritesheet.png	256x2048	512x156	19f73318de8da99f4a3d0c2ea8c6c330f53122892e53318b716615e2fbbe4b51	1
Sprites/Textures/map_138_spritesheet.png	256x2048	512x387	4bc92d2353dc633d20a5b89ade0b1bd8484cd5b1ca48edb3ec06789803c07faa	1
Sprites/Textures/map_13_spritesheet.png	256x2048	512x243	be569f68e14bac5d056cfe66c2e6b2f8ae94255a9be9cae1605ca0433a548b99	1
Sprites/Textures/map_143_spritesheet.png	256x2048	512x57	7da9f024ab3cf5b884fdf2041384d6005e44895ba6da465fc5c122b07381d94f	1
Sprites/Textures/map_144_spritesheet.png	256x2048	512x230	03bf0339f6f8c9d23be0cb8bdbef3132ff2f7c5511bfd29bd3c6a2302d62e9d9	1
Sprites/Textures/map_147_spritesheet.png	256x2048	512x342	b6314096667d8fcfffd31bf6c939d4cda08f8c498143a36fc4dacb687c973d53	1
Sprites/Textures/map_148_spritesheet.png	256x2048	512x443	442262a9657ba37d9dede9e762f08eb1f246818b882f6c43efa952a7d724be06	1
Sprites/Textures/map_14_spritesheet.png	256x2048	512x247	57112b64ce5ae9f682a60c8f58739ac18e9f3060798d9465e68d7741055eb6e1	1
Sprites/Textures/map_153_spritesheet.png	256x2048	512x720	ad21d18a17fb91fd591fa9c3e449ccec098dba5435b066ab474c493e8b0a44a4	1
Sprites/Textures/map_159_spritesheet.png	256x2048	512x89	d49cc4867283287e326c1a8ba52aee0eae89099d6759f27baf72e9c8f54f66ef	1
Sprites/Textures/map_160_spritesheet.png	256x2048	512x65	8b6bbd38858c444c772b169546913c1d792bb3797615c4793dc15e1ad5da4518	1
Sprites/Textures/map_162_spritesheet.png	256x2048	512x214	803437fdc70f0d503e4f2848d4f29b9f7e18ecca9401c246de293c29e706246b	1
Sprites/Textures/map_166_spritesheet.png	256x2048	512x140	bdb657dc2a720ccce801639809ec4d997493b65700aa0c010598aca902d0a04e	1
Sprites/Textures/map_167_spritesheet.png	256x2048	512x141	1bd9048aeaa972d9099fbce555fb849854053db3a6da997cbd82c32c561c55c6	1
Sprites/Textures/map_16_spritesheet.png	256x2048	512x296	d61b6f0bcbddb6ad9aa22bc50692062e56366d32ec26ea9678070b92f6bed9f8	1
Sprites/Textures/map_17_spritesheet.png	256x2048	512x328	c5e3ffa90b8ff8e929b7510a623de402f92e39a7f493300e9031a23115515d0b	1
Sprites/Textures/map_185_spritesheet.png	256x2048	512x247	d83cb3b7c7f4dc75f35a3c0038b6068dfd6e98aa638241048fbca9078cf1bbe7	1
Sprites/Textures/map_18_spritesheet.png	256x2048	512x305	e825f2c5b71278467247c40555de7fbdbf47406900770c5300e93373b8a2609c	1
Sprites/Textures/map_19_spritesheet.png	256x2048	512x391	7f97c59b5dec480b5b5cc76e32851cd7666bb9b73cc9778835ec118da24dbdbc	1
Sprites/Textures/map_1_spritesheet.png	256x2048	512x140	811b18b24d11dec0797aaff21ea89a442ab45a8a818a104b4b0f1622cee4f215	1
Sprites/Textures/map_21_spritesheet.png	256x2048	512x271	d9299ab81ae17b7fc8640edda46cc690104c1076b4531e889379cc1533e376ba	1
Sprites/Textures/map_226_spritesheet.png	256x2048	512x575	493ded0d4738a9163ced1350aee63d5c51838cadd2f5d66ffc125b8864509378	1
Sprites/Textures/map_22_spritesheet.png	256x2048	512x288	62a78c78c306918a45b481af63075c3286a02bf3104c0a1a1f2bbeacf32a03e0	1
Sprites/Textures/map_23_spritesheet.png	256x2048	512x57	9c1da212937b30d22bc1f9bbe04287a93e0c393bc2d29e84848d577c203a3470	1
Sprites/Textures/map_25_spritesheet.png	256x2048	512x432	425e1bb9b09b670f11f2180529406645fd5382349419853d84cd16e8b9b7c362	1
Sprites/Textures/map_26_spritesheet.png	256x2048	512x277	55107a49e4845b9d76898719f2b59199fa7d365b0cd87feac0487c96577fb63b	1
Sprites/Textures/map_27_spritesheet.png	256x2048	512x338	8d3e6b7efb4962d7e23795b0a96ae1700a399e63a49b386c80abdd7f80deca9f	1
Sprites/Textures/map_28_spritesheet.png	256x2048	512x181	76683c20c294c0462b3fee360088ee27521a49aced92e9f6f46172f078848bcb	1
Sprites/Textures/map_293_spritesheet.png	256x2048	512x247	ae63223e84d0477823d70a365dba4d3ec19a6654299839dcb12740d60f60272c	1
Sprites/Textures/map_29_spritesheet.png	256x2048	512x317	88f2a67b0d004214f771bf7c3e5ec4609701621f2aaaa2b249d02a2590da9188	1
Sprites/Textures/map_2_spritesheet.png	256x2048	512x352	c9589974b90c6d4da77d35f89391fe3175ffc70721a4a7a4016cdb077b075003	1
Sprites/Textures/map_306_spritesheet.png	256x2048	512x74	6f55a8bb16c848c5a67084a068888a41a86266119ef16b226ade5bd6974b8379	1
Sprites/Textures/map_308_spritesheet.png	256x2048	512x106	5f4c61dd561cb5dd0babc60afc74805561adf1c8bf8776a77897c84b340c6c3f	1
Sprites/Textures/map_309_spritesheet.png	256x2048	512x139	8b6a2f639a382738ee4238a1f69278877fb54a10b56613f0c95bd03e0a9086e0	1
Sprites/Textures/map_321_spritesheet.png	256x2048	512x643	827cd7660e0b6f7d2c5e2632323721aa6e56ee66d59fc2c1ff61576d00789528	1
Sprites/Textures/map_323_spritesheet.png	256x2048	512x922	2432441d58a0eac6fe10e70208d909e6a3558c339ea6ea07e4221a553d6fbeb7	1
Sprites/Textures/map_324_spritesheet.png	256x2048	512x1218	fec96c792ba5f322078469f9f430ead5f850b867b1feb84fb16f62b6f20e0e37	1
Sprites/Textures/map_325_spritesheet.png	256x2048	512x1483	8697625728dc2263ebff62189ad697c82e45ebc3f086a66237dbcedebc7ada2c	1
Sprites/Textures/map_326_spritesheet.png	256x2048	512x847	4094dcff779294576aecf90a9ed38c55100386d177461ff29b5ea4f56286857f	1
Sprites/Textures/map_327_spritesheet.png	256x2048	512x1188	1e3d64c85812c11146e7a1af53be19561a6b8f4fea209696bc45143be33c52c3	1
Sprites/Textures/map_337_spritesheet.png	256x2048	512x122	9e04fd09aa12187db86f6ab8f906ed1bb9ec3a8b6dd9fdc1c5a63ff1b1cba570	1
Sprites/Textures/map_338_spritesheet.png	256x2048	512x404	3e1eb71988423203cd7d009c85dcdcc8b6038128ecd41240e09fd1edc56ca74c	1
Sprites/Textures/map_339_spritesheet.png	256x2048	512x510	a4891e1cff62e7b33c1d5587613d15af97137784687de2fccb545096601ab15f	1
Sprites/Textures/map_342_spritesheet.png	256x2048	512x121	c97ed6681b70020f8f943c3ac497bc1ad4a4f7def59a97252c1dc233745f5b10	1
Sprites/Textures/map_343_spritesheet.png	256x2048	512x254	9e2decc3c7755c08a5fc649b293ab6275da7a944a44aa1647365b9061c3f8e37	1
Sprites/Textures/map_36_spritesheet.png	256x2048	512x186	28ffe61f0c05419b3315d83d617af7a0a0d8c1fbe428ab6e5c04a95bb304853e	1
Sprites/Textures/map_37_spritesheet.png	256x2048	512x56	6b046ef91d530d8d5822e5c1cc424572799bd9af666abed2b0625946d8b115aa	1
Sprites/Textures/map_383_spritesheet.png	256x2048	512x310	b472d30a9eda4faf91592238f3a298023313b9805352d26525aff92cf4c673b1	1
Sprites/Textures/map_388_spritesheet.png	256x2048	512x1249	5f9c69af12fa08bb2fc900e76ef5c01fd97a25daf73f166ad4221a908bd0323b	1
Sprites/Textures/map_389_spritesheet.png	256x2048	512x156	19f73318de8da99f4a3d0c2ea8c6c330f53122892e53318b716615e2fbbe4b51	1
Sprites/Textures/map_38_spritesheet.png	256x2048	512x360	eaa0fad8560c0c8888c5778045b429f5377d5bf59abe1c88d882117b4e6b39b3	1
Sprites/Textures/map_398_spritesheet.png	256x2048	512x90	67d0a4ab0abac879d0d73ce6bf2db00cec9810fa92f1d0f34f062df7bf6efb1b	1
Sprites/Textures/map_39_spritesheet.png	256x2048	512x278	84e632963d134298383969d6a8b2e81c9355d333e320b0f4aba3d07b3acc68ca	1
Sprites/Textures/map_3_spritesheet.png	256x2048	512x328	1733cd831147fa22ff71e065d0127a82a93e186a0fee970db36ca407926779ea	1
Sprites/Textures/map_408_spritesheet.png	256x2048	512x213	0503f9c6e7f7b8ec7e97d66126059125f256c4e8e4be7515afca53a44c9d8919	1
Sprites/Textures/map_40_spritesheet.png	256x2048	512x297	f8ec2369ba9838f2e0d38bbc1aeb4026d2f154e8a4a9c9392ba771d7af09a071	1
Sprites/Textures/map_41_spritesheet.png	256x2048	512x500	503f83ce8086445cf46cf2e258936e479e3ba402dc5abe8ea5ae3e2532554e97	1
Sprites/Textures/map_421_spritesheet.png	256x2048	512x358	38e620a60ce2b95e1d196ac9f56f5269756bcdebd83cbf2fa003ea8eef9f15cb	1
Sprites/Textures/map_42_spritesheet.png	256x2048	512x376	91189e1152414eaa8abed029b1e1ce3998e2cf6e7d2b50e4208b39b3635d5825	1
Sprites/Textures/map_435_spritesheet.png	256x2048	512x755	f9b23bf87e2574b54aa69492ed6dfbbf2377e6158f58892f2516602e771eb3cc	1
Sprites/Textures/map_443_spritesheet.png	256x2048	512x222	fd72c41c2cd17e2fbe59a220e5326f1d5396c25ae216a7ee70a64aaf15661446	1
Sprites/Textures/map_44_spritesheet.png	256x2048	512x715	50d58bbcbd5ba2a71bb88fcad77207ef6be85065e76c3c6e5b98acc7e502e212	1
Sprites/Textures/map_471_spritesheet.png	256x2048	512x534	12a0ff72924a1c7aa3dfe3310dba2dd6594a308c9394bed895d4f714a7926943	1
Sprites/Textures/map_47_spritesheet.png	256x2048	512x509	2788cbb8a5cdc4d1c764e9a11811e83e6d8c18b23d521597189a6f76bfe9fe62	1
Sprites/Textures/map_48_spritesheet.png	256x2048	512x328	2435674ec40c3231305aa0012c736eb500b5760c86d7980ed654b77a91fa87c2	1
Sprites/Textures/map_49_spritesheet.png	256x2048	512x237	5039bcd396395caadef51836bcbd785f5c5c25f1d316dd617beb3c1542de2128	1
Sprites/Textures/map_4_spritesheet.png	256x2048	512x302	aeed1aeacb84b2b0273b6140be3a05ccf039a73487442fff8b2a83fd85185ecd	1
Sprites/Textures/map_50_spritesheet.png	256x2048	512x271	a5be77db0832c2fa431b8660cc497e46c102e0aa7558b3ff083a9ca299c09f1f	1
Sprites/Textures/map_52_spritesheet.png	256x2048	512x361	fc3a869e0fef5cb6fa99e64f7b06331a9c5fef315f1f55e0cdef1c2977f2ba6d	1
Sprites/Textures/map_55_spritesheet.png	256x2048	512x57	4ae089318060c69bd685ff6558c0b572ad3c7893fc8d6366999eef9ac2b60e69	1
Sprites/Textures/map_58_spritesheet.png	256x2048	512x181	28e1a61906a720ab22954442ca2cf04c84da169a3bf6f2d5df6acddd759edd36	1
Sprites/Textures/map_59_spritesheet.png	256x2048	512x221	fa8399acc9b89cafa406fe7c5b55479098b1a17c04464428b0caf4ff43668fc5	1
Sprites/Textures/map_5_spritesheet.png	256x2048	512x294	58097e6fd855cefc30f6fddafa63552137bc3325b3b7697e6bd52b62f699a00e	1
Sprites/Textures/map_61_spritesheet.png	256x2048	512x411	748130c1e1aa800e64a8b0d057c74a1c71fc9e46a7a96872fcb2148e93ad3a98	1
Sprites/Textures/map_67_spritesheet.png	256x2048	512x353	19d248ae59d6ddacf36a590c528d0500e7a4c81e17b8b0941c3c2bbdfa174bfd	1
Sprites/Textures/map_69_spritesheet.png	256x2048	512x320	112bcdd61d2a30baed99fd00c73a109cd851424fa09ee91b7d009d36c82dfd6d	1
Sprites/Textures/map_6_spritesheet.png	256x2048	512x238	501edc670a2f59dd81ba9e606064c1f50dee4a6e607034ada9821d071d361f29	1
Sprites/Textures/map_70_spritesheet.png	256x2048	512x321	ae6a2b9b23c6daeef83f8fbbfff47dc86aa77a6a28c69adacbf570289f48fb12	1
Sprites/Textures/map_75_spritesheet.png	256x2048	512x329	34989c93f907bef019a0f95bf32c4a516b5946d67a07983d188965dc099da89c	1
Sprites/Textures/map_76_spritesheet.png	256x2048	512x638	89c6812b9d56f44ba10338290b0887a8f819b0edce3c3bbcd0e818efc77568be	1
Sprites/Textures/map_77_spritesheet.png	256x2048	512x89	9113db6fa6ae51fdde75ef43d87d5f4b9f5b15fbde1b3d9918048748fee48eab	1
Sprites/Textures/map_78_spritesheet.png	256x2048	512x304	b5f35c8d6a5d4ddaff16b1c95490e4ec46baf416d491e554f044e19d9bdc58c7	1
Sprites/Textures/map_7_spritesheet.png	256x2048	512x256	ea241d353046aed9168b09f0c9566ddf4188448b8d417e6f206a29564c0f88bf	1
Sprites/Textures/map_80_spritesheet.png	256x2048	512x513	34151220cea3e0d004fe3ba355b9647007833de4d23d3a6fbbd0839a144923da	1
Sprites/Textures/map_84_spritesheet.png	256x2048	512x756	0912c18b75c51bd358f851d610bb4e138d0a87a08c6b84d755788cce3459d319	1
Sprites/Textures/map_86_spritesheet.png	256x2048	512x214	1949576876c18b87d4467be87c54b069ef4479cb265de9048e9cbef4b83bf0ac	1
Sprites/Textures/map_87_spritesheet.png	256x2048	512x360	a6ef9c30c3af61a20fd7b45402e3256dc88c2d18c82f8093bace32a19792dc1f	1
Sprites/Textures/map_88_spritesheet.png	256x2048	512x400	929c2977bb7aab653dab04824fd042acaaf00064960a441097ed1ad292872007	1
Sprites/Textures/map_8_spritesheet.png	256x2048	512x264	4e6850e69718fc02a673f0e278de28420547fa5ed0b0794c1b0835a914d1d019	1
Sprites/Textures/map_91_spritesheet.png	256x2048	512x48	3e8a28fb0729fcfd6eee0b6c0367c446f7b27e3995a06734ca21181f0be383df	1
Sprites/Textures/map_95_spritesheet.png	256x2048	512x1494	15dc9427a1a8fae8af5f99da1fae552be515f825ddb655d60dd0059ca41e6adc	1
Sprites/Textures/map_99_spritesheet.png	256x2048	512x1298	f4ee79bcccd6e87543964e68ffbb28502c492500cbefcd42f5179fab6c3f808b	1
Sprites/Textures/map_9_spritesheet.png	256x2048	512x214	c274385c1d74af39e05645b5581b9c5932dff61fdbf6c48db610d3dc38daad7e	1
Sprites/Textures/map_alundra_spritesheet.png	256x2048	512x1221	82ea1c8ec10228eb6c22d1156f3d3c500959e21dc7d43b20007f36aa8a62f9b4	1
