file	entity_refs	anim_refs	inv_refs	dlg_refs	changed_refs	changed_anim	changed_inv	changed_dlg	unchanged_refs	unique_sigs	effect_refs	other_refs	changes
data/map_alundra.json	27740	27739	1	0	27740	27739	1	0	0	694	2089	0	1
data/map_0.json	0	0	0	0	0	0	0	0	0	0	0	0	0
data/map_1.json	1144	1144	0	0	1144	1144	0	0	0	91	0	0	1
data/map_2.json	1468	1468	0	0	1468	1468	0	0	0	146	3	0	1
data/map_3.json	2493	2493	0	0	2493	2493	0	0	0	162	0	0	1
data/map_4.json	891	891	0	0	891	891	0	0	0	126	0	0	1
data/map_5.json	659	659	0	0	659	659	0	0	0	101	0	0	1
data/map_6.json	3393	3388	0	5	3393	3388	0	5	0	164	0	0	1
data/map_7.json	1143	1143	0	0	1143	1143	0	0	0	115	224	0	1
data/map_8.json	1734	1732	0	2	1734	1732	0	2	0	147	4	0	1
data/map_9.json	759	759	0	0	759	759	0	0	0	87	0	0	1
data/map_10.json	10743	10734	0	9	10743	10734	0	9	0	507	133	0	1
data/map_11.json	1485	1484	0	1	1485	1484	0	1	0	115	8	0	1
data/map_12.json	2455	2455	0	0	2455	2455	0	0	0	187	0	0	1
data/map_13.json	584	584	0	0	584	584	0	0	0	68	647	0	1
data/map_14.json	1604	1603	0	1	1604	1603	0	1	0	129	5	0	1
data/map_15.json	1288	1288	0	0	1288	1288	0	0	0	130	1	0	1
data/map_16.json	3056	3056	0	0	3056	3056	0	0	0	168	6	0	1
data/map_17.json	2701	2700	0	1	2701	2700	0	1	0	124	42	0	1
data/map_18.json	724	724	0	0	724	724	0	0	0	149	0	0	1
data/map_19.json	968	968	0	0	968	968	0	0	0	176	0	0	1
data/map_20.json	0	0	0	0	0	0	0	0	0	0	0	0	0
data/map_21.json	879	879	0	0	879	879	0	0	0	107	177	0	1
data/map_22.json	1995	1995	0	0	1995	1995	0	0	0	133	177	0	1
data/map_23.json	1224	1224	0	0	1224	1224	0	0	0	20	0	0	1
data/map_24.json	1454	1454	0	0	1454	1454	0	0	0	127	0	0	1
data/map_25.json	1784	1784	0	0	1784	1784	0	0	0	98	1185	0	1
data/map_26.json	2457	2457	0	0	2457	2457	0	0	0	130	0	0	1
data/map_27.json	2447	2447	0	0	2447	2447	0	0	0	174	0	0	1
data/map_28.json	1301	1301	0	0	1301	1301	0	0	0	93	0	0	1
data/map_29.json	3006	3006	0	0	3006	3006	0	0	0	124	0	0	1
data/map_30.json	2862	2862	0	0	2862	2862	0	0	0	133	0	0	1
data/map_31.json	906	906	0	0	906	906	0	0	0	98	0	0	1
data/map_32.json	1319	1319	0	0	1319	1319	0	0	0	168	0	0	1
data/map_33.json	867	867	0	0	867	867	0	0	0	155	0	0	1
data/map_34.json	1844	1844	0	0	1844	1844	0	0	0	100	0	0	1
data/map_35.json	3164	3164	0	0	3164	3164	0	0	0	98	0	0	1
data/map_36.json	3216	3216	0	0	3216	3216	0	0	0	42	0	0	1
data/map_37.json	512	512	0	0	512	512	0	0	0	9	0	0	1
data/map_38.json	3580	3580	0	0	3580	3580	0	0	0	151	0	0	1
data/map_39.json	2844	2844	0	0	2844	2844	0	0	0	98	0	0	1
data/map_40.json	1891	1891	0	0	1891	1891	0	0	0	158	0	0	1
data/map_41.json	2593	2591	0	2	2593	2591	0	2	0	200	4	0	1
data/map_42.json	1506	1504	0	2	1506	1504	0	2	0	130	4	0	1
data/map_43.json	1492	1492	0	0	1492	1492	0	0	0	78	0	0	1
data/map_44.json	3475	3475	0	0	3475	3475	0	0	0	116	0	0	1
data/map_45.json	0	0	0	0	0	0	0	0	0	0	0	0	0
data/map_46.json	0	0	0	0	0	0	0	0	0	0	0	0	0
data/map_47.json	2553	2551	0	2	2553	2551	0	2	0	252	0	0	1
data/map_48.json	1793	1792	0	1	1793	1792	0	1	0	148	0	0	1
data/map_49.json	1173	1172	0	1	1173	1172	0	1	0	88	0	0	1
data/map_50.json	1784	1784	0	0	1784	1784	0	0	0	86	0	0	1
data/map_51.json	1834	1833	0	1	1834	1833	0	1	0	170	0	0	1
data/map_52.json	3061	3060	0	1	3061	3060	0	1	0	162	0	0	1
data/map_53.json	2578	2576	0	2	2578	2576	0	2	0	118	0	0	1
data/map_54.json	3008	3007	0	1	3008	3007	0	1	0	238	0	0	1
data/map_55.json	1368	1368	0	0	1368	1368	0	0	0	19	0	0	1
data/map_56.json	1224	1224	0	0	1224	1224	0	0	0	15	0	0	1
data/map_57.json	1368	1368	0	0	1368	1368	0	0	0	18	0	0	1
data/map_58.json	1348	1348	0	0	1348	1348	0	0	0	75	0	0	1
data/map_59.json	1656	1656	0	0	1656	1656	0	0	0	78	0	0	1
data/map_60.json	2868	2868	0	0	2868	2868	0	0	0	33	0	0	1
data/map_61.json	2401	2400	0	1	2401	2400	0	1	0	203	0	0	1
data/map_62.json	832	832	0	0	832	832	0	0	0	18	0	0	1
data/map_63.json	1732	1731	0	1	1732	1731	0	1	0	145	0	0	1
data/map_64.json	1408	1407	0	1	1408	1407	0	1	0	132	0	0	1
data/map_65.json	0	0	0	0	0	0	0	0	0	0	0	0	0
data/map_66.json	1439	1439	0	0	1439	1439	0	0	0	114	0	0	1
data/map_67.json	2263	2263	0	0	2263	2263	0	0	0	145	0	0	1
data/map_68.json	2052	2051	0	1	2052	2051	0	1	0	108	0	0	1
data/map_69.json	2200	2200	0	0	2200	2200	0	0	0	149	0	0	1
data/map_70.json	1612	1612	0	0	1612	1612	0	0	0	154	0	0	1
data/map_71.json	1180	1180	0	0	1180	1180	0	0	0	77	0	0	1
data/map_72.json	2832	2832	0	0	2832	2832	0	0	0	219	0	0	1
data/map_73.json	1652	1652	0	0	1652	1652	0	0	0	145	0	0	1
data/map_74.json	2812	2812	0	0	2812	2812	0	0	0	217	0	0	1
data/map_75.json	1728	1728	0	0	1728	1728	0	0	0	144	20	0	1
data/map_76.json	3444	3444	0	0	3444	3444	0	0	0	50	1185	0	1
data/map_77.json	1280	1280	0	0	1280	1280	0	0	0	25	28	0	1
data/map_78.json	1564	1564	0	0	1564	1564	0	0	0	135	28	0	1
data/map_79.json	648	648	0	0	648	648	0	0	0	50	0	0	1
data/map_80.json	3431	3431	0	0	3431	3431	0	0	0	216	0	0	1
data/map_81.json	3484	3484	0	0	3484	3484	0	0	0	166	0	0	1
data/map_82.json	3263	3263	0	0	3263	3263	0	0	0	215	0	0	1
data/map_83.json	3023	3023	0	0	3023	3023	0	0	0	217	0	0	1
data/map_84.json	4224	4224	0	0	4224	4224	0	0	0	221	1185	0	1
data/map_85.json	276	276	0	0	276	276	0	0	0	42	0	0	1
data/map_86.json	1540	1540	0	0	1540	1540	0	0	0	94	0	0	1
data/map_87.json	2583	2583	0	0	2583	2583	0	0	0	160	0	0	1
data/map_88.json	2172	2172	0	0	2172	2172	0	0	0	155	0	0	1
data/map_89.json	2756	2756	0	0	2756	2756	0	0	0	170	0	0	1
data/map_90.json	1460	1460	0	0	1460	1460	0	0	0	85	0	0	1
data/map_91.json	428	428	0	0	428	428	0	0	0	9	0	0	1
data/map_92.json	2364	2364	0	0	2364	2364	0	0	0	156	0	0	1
data/map_93.json	1596	1596	0	0	1596	1596	0	0	0	99	0	0	1
data/map_94.json	2692	2692	0	0	2692	2692	0	0	0	91	0	0	1
data/map_95.json	3936	3936	0	0	3936	3936	0	0	0	447	1185	0	1
data/map_96.json	0	0	0	0	0	0	0	0	0	0	0	0	0
data/map_97.json	336	336	0	0	336	336	0	0	0	9	0	0	1
data/map_98.json	536	536	0	0	536	536	0	0	0	45	0	0	1
data/map_99.json	6947	6947	0	0	6947	6947	0	0	0	139	0	0	1
data/map_100.json	1362	1362	0	0	1362	1362	0	0	0	118	0	0	1
data/map_101.json	1994	1994	0	0	1994	1994	0	0	0	219	0	0	1
data/map_102.json	1190	1190	0	0	1190	1190	0	0	0	84	0	0	1
data/map_103.json	3357	3357	0	0	3357	3357	0	0	0	296	0	0	1
data/map_104.json	2687	2687	0	0	2687	2687	0	0	0	186	0	0	1
data/map_105.json	4127	4127	0	0	4127	4127	0	0	0	255	0	0	1
data/map_106.json	4297	4297	0	0	4297	4297	0	0	0	330	0	0	1
data/map_107.json	180	180	0	0	180	180	0	0	0	8	0	0	1
data/map_108.json	940	940	0	0	940	940	0	0	0	14	0	0	1
data/map_109.json	4740	4740	0	0	4740	4740	0	0	0	50	216	0	1
data/map_110.json	1576	1576	0	0	1576	1576	0	0	0	80	0	0	1
data/map_111.json	1296	1296	0	0	1296	1296	0	0	0	66	0	0	1
data/map_112.json	168	168	0	0	168	168	0	0	0	5	0	0	1
data/map_113.json	988	988	0	0	988	988	0	0	0	16	0	0	1
data/map_114.json	1604	1604	0	0	1604	1604	0	0	0	127	0	0	1
data/map_115.json	2600	2600	0	0	2600	2600	0	0	0	141	0	0	1
data/map_116.json	1067	1067	0	0	1067	1067	0	0	0	55	0	0	1
data/map_117.json	3303	3303	0	0	3303	3303	0	0	0	139	0	0	1
data/map_118.json	0	0	0	0	0	0	0	0	0	0	0	0	0
data/map_119.json	1139	1139	0	0	1139	1139	0	0	0	140	0	0	1
data/map_120.json	1192	1192	0	0	1192	1192	0	0	0	77	0	0	1
data/map_121.json	651	651	0	0	651	651	0	0	0	72	0	0	1
data/map_122.json	1160	1160	0	0	1160	1160	0	0	0	22	0	0	1
data/map_123.json	7859	7859	0	0	7859	7859	0	0	0	168	0	0	1
data/map_124.json	812	812	0	0	812	812	0	0	0	49	0	0	1
data/map_125.json	4049	4049	0	0	4049	4049	0	0	0	318	0	0	1
data/map_126.json	3023	3023	0	0	3023	3023	0	0	0	202	0	0	1
data/map_127.json	1062	1062	0	0	1062	1062	0	0	0	78	0	0	1
data/map_128.json	1910	1910	0	0	1910	1910	0	0	0	95	0	0	1
data/map_129.json	0	0	0	0	0	0	0	0	0	0	0	0	0
data/map_130.json	0	0	0	0	0	0	0	0	0	0	0	0	0
data/map_131.json	0	0	0	0	0	0	0	0	0	0	0	0	0
data/map_132.json	0	0	0	0	0	0	0	0	0	0	0	0	0
data/map_133.json	0	0	0	0	0	0	0	0	0	0	0	0	0
data/map_134.json	345	344	0	1	345	344	0	1	0	55	0	0	1
data/map_135.json	2256	2252	0	4	2256	2252	0	4	0	113	91	0	1
data/map_136.json	681	680	0	1	681	680	0	1	0	39	0	0	1
data/map_137.json	288	288	0	0	288	288	0	0	0	12	0	0	1
data/map_138.json	8129	8124	0	5	8129	8124	0	5	0	357	0	0	1
data/map_139.json	1472	1472	0	0	1472	1472	0	0	0	117	0	0	1
data/map_140.json	1420	1420	0	0	1420	1420	0	0	0	27	0	0	1
data/map_141.json	512	512	0	0	512	512	0	0	0	78	0	0	1
data/map_142.json	956	956	0	0	956	956	0	0	0	51	0	0	1
data/map_143.json	344	344	0	0	344	344	0	0	0	12	0	0	1
data/map_144.json	1545	1543	0	2	1545	1543	0	2	0	114	0	0	1
data/map_145.json	3205	3204	0	1	3205	3204	0	1	0	135	0	0	1
data/map_146.json	516	516	0	0	516	516	0	0	0	75	0	0	1
data/map_147.json	2092	2092	0	0	2092	2092	0	0	0	110	42	0	1
data/map_148.json	2756	2756	0	0	2756	2756	0	0	0	207	0	0	1
data/map_149.json	1812	1812	0	0	1812	1812	0	0	0	162	0	0	1
data/map_150.json	1908	1908	0	0	1908	1908	0	0	0	159	0	0	1
data/map_151.json	1768	1768	0	0	1768	1768	0	0	0	178	0	0	1
data/map_152.json	1992	1992	0	0	1992	1992	0	0	0	137	0	0	1
data/map_153.json	2040	2040	0	0	2040	2040	0	0	0	150	0	0	1
data/map_154.json	2224	2224	0	0	2224	2224	0	0	0	149	0	0	1
data/map_155.json	1388	1388	0	0	1388	1388	0	0	0	201	0	0	1
data/map_156.json	280	280	0	0	280	280	0	0	0	5	0	0	1
data/map_157.json	0	0	0	0	0	0	0	0	0	0	0	0	0
data/map_158.json	1604	1604	0	0	1604	1604	0	0	0	134	0	0	1
data/map_159.json	1556	1556	0	0	1556	1556	0	0	0	22	0	0	1
data/map_160.json	3092	3092	0	0	3092	3092	0	0	0	30	0	0	1
data/map_161.json	0	0	0	0	0	0	0	0	0	0	344	0	0
data/map_162.json	3909	3906	0	3	3909	3906	0	3	0	189	8	0	1
data/map_163.json	949	948	0	1	949	948	0	1	0	47	6	0	1
data/map_164.json	1667	1664	0	3	1667	1664	0	3	0	102	0	0	1
data/map_165.json	3797	3796	0	1	3797	3796	0	1	0	140	0	0	1
data/map_166.json	2127	2126	0	1	2127	2126	0	1	0	101	0	0	1
data/map_167.json	2394	2393	0	1	2394	2393	0	1	0	99	0	0	1
data/map_168.json	777	776	0	1	777	776	0	1	0	34	0	0	1
data/map_169.json	2272	2272	0	0	2272	2272	0	0	0	110	8	0	1
data/map_170.json	609	608	0	1	609	608	0	1	0	26	0	0	1
data/map_171.json	1667	1664	0	3	1667	1664	0	3	0	102	0	0	1
data/map_172.json	3797	3796	0	1	3797	3796	0	1	0	140	0	0	1
data/map_173.json	2127	2126	0	1	2127	2126	0	1	0	101	0	0	1
data/map_174.json	2394	2393	0	1	2394	2393	0	1	0	99	0	0	1
data/map_175.json	1128	1126	0	2	1128	1126	0	2	0	57	0	0	1
data/map_176.json	4280	4276	0	4	4280	4276	0	4	0	210	8	0	1
data/map_177.json	609	608	0	1	609	608	0	1	0	26	0	0	1
data/map_178.json	1711	1708	0	3	1711	1708	0	3	0	106	0	0	1
data/map_179.json	4730	4728	0	2	4730	4728	0	2	0	196	0	0	1
data/map_180.json	2127	2126	0	1	2127	2126	0	1	0	101	0	0	1
data/map_181.json	2394	2393	0	1	2394	2393	0	1	0	99	0	0	1
data/map_182.json	731	730	0	1	731	730	0	1	0	46	0	0	1
data/map_183.json	4963	4958	0	5	4963	4958	0	5	0	243	8	0	1
data/map_184.json	609	608	0	1	609	608	0	1	0	26	0	0	1
data/map_185.json	4149	4144	0	5	4149	4144	0	5	0	204	0	0	1
data/map_186.json	5558	5556	0	2	5558	5556	0	2	0	226	8	0	1
data/map_187.json	949	948	0	1	949	948	0	1	0	47	0	0	1
data/map_188.json	1667	1664	0	3	1667	1664	0	3	0	102	0	0	1
data/map_189.json	1880	1880	0	0	1880	1880	0	0	0	79	0	0	1
data/map_190.json	1559	1558	0	1	1559	1558	0	1	0	79	0	0	1
data/map_191.json	1845	1845	0	0	1845	1845	0	0	0	75	0	0	1
data/map_192.json	1128	1126	0	2	1128	1126	0	2	0	57	0	0	1
data/map_193.json	792	792	0	0	792	792	0	0	0	44	8	0	1
data/map_194.json	1513	1512	0	1	1513	1512	0	1	0	69	0	0	1
data/map_195.json	1806	1804	0	2	1806	1804	0	2	0	94	0	0	1
data/map_196.json	3986	3982	0	4	3986	3982	0	4	0	188	0	0	1
data/map_197.json	2898	2896	0	2	2898	2896	0	2	0	147	0	0	1
data/map_198.json	3944	3944	0	0	3944	3944	0	0	0	161	8	0	1
data/map_199.json	949	948	0	1	949	948	0	1	0	47	0	0	1
data/map_200.json	2243	2240	0	3	2243	2240	0	3	0	125	0	0	1
data/map_201.json	2001	2000	0	1	2001	2000	0	1	0	87	0	0	1
data/map_202.json	2127	2126	0	1	2127	2126	0	1	0	101	0	0	1
data/map_203.json	504	504	0	0	504	504	0	0	0	24	0	0	1
data/map_204.json	1128	1126	0	2	1128	1126	0	2	0	57	0	0	1
data/map_205.json	4869	4868	0	1	4869	4868	0	1	0	193	8	0	1
data/map_206.json	949	948	0	1	949	948	0	1	0	47	0	0	1
data/map_207.json	1667	1664	0	3	1667	1664	0	3	0	102	0	0	1
data/map_208.json	1880	1880	0	0	1880	1880	0	0	0	79	0	0	1
data/map_209.json	1559	1558	0	1	1559	1558	0	1	0	79	0	0	1
data/map_210.json	1845	1845	0	0	1845	1845	0	0	0	75	0	0	1
data/map_211.json	1468	1466	0	2	1468	1466	0	2	0	78	0	0	1
data/map_212.json	2661	2660	0	1	2661	2660	0	1	0	120	8	0	1
data/map_213.json	949	948	0	1	949	948	0	1	0	47	0	0	1
data/map_214.json	1393	1392	0	1	1393	1392	0	1	0	77	0	0	1
data/map_215.json	3056	3056	0	0	3056	3056	0	0	0	105	0	0	1
data/map_216.json	1559	1558	0	1	1559	1558	0	1	0	79	0	0	1
data/map_217.json	2784	2780	0	4	2784	2780	0	4	0	149	0	0	1
data/map_218.json	731	730	0	1	731	730	0	1	0	46	0	0	1
data/map_219.json	2320	2320	0	0	2320	2320	0	0	0	71	8	0	1
data/map_220.json	1513	1512	0	1	1513	1512	0	1	0	69	0	0	1
data/map_221.json	1667	1664	0	3	1667	1664	0	3	0	102	0	0	1
data/map_222.json	2505	2504	0	1	2505	2504	0	1	0	113	0	0	1
data/map_223.json	2127	2126	0	1	2127	2126	0	1	0	101	0	0	1
data/map_224.json	2270	2269	0	1	2270	2269	0	1	0	99	0	0	1
data/map_225.json	1128	1126	0	2	1128	1126	0	2	0	57	0	0	1
data/map_226.json	7270	7264	0	6	7270	7264	0	6	0	364	8	0	1
data/map_227.json	949	948	0	1	949	948	0	1	0	47	0	0	1
data/map_228.json	930	928	0	2	930	928	0	2	0	55	0	0	1
data/map_229.json	2868	2864	0	4	2868	2864	0	4	0	164	0	0	1
data/map_230.json	4016	4016	0	0	4016	4016	0	0	0	158	8	0	1
data/map_231.json	949	948	0	1	949	948	0	1	0	47	0	0	1
data/map_232.json	1667	1664	0	3	1667	1664	0	3	0	102	0	0	1
data/map_233.json	2505	2504	0	1	2505	2504	0	1	0	113	0	0	1
data/map_234.json	2127	2126	0	1	2127	2126	0	1	0	101	0	0	1
data/map_235.json	2270	2269	0	1	2270	2269	0	1	0	99	0	0	1
data/map_236.json	816	814	0	2	816	814	0	2	0	49	0	0	1
data/map_237.json	4166	4164	0	2	4166	4164	0	2	0	199	8	0	1
data/map_238.json	944	944	0	0	944	944	0	0	0	45	0	0	1
data/map_239.json	493	492	0	1	493	492	0	1	0	24	0	0	1
data/map_240.json	2003	2000	0	3	2003	2000	0	3	0	119	0	0	1
data/map_241.json	4027	4026	0	1	4027	4026	0	1	0	160	8	0	1
data/map_242.json	1386	1384	0	2	1386	1384	0	2	0	78	0	0	1
data/map_243.json	1230	1228	0	2	1230	1228	0	2	0	71	0	0	1
data/map_244.json	1880	1880	0	0	1880	1880	0	0	0	79	0	0	1
data/map_245.json	2127	2126	0	1	2127	2126	0	1	0	101	0	0	1
data/map_246.json	2270	2269	0	1	2270	2269	0	1	0	99	0	0	1
data/map_247.json	731	730	0	1	731	730	0	1	0	46	0	0	1
data/map_248.json	1693	1692	0	1	1693	1692	0	1	0	97	8	0	1
data/map_249.json	1046	1044	0	2	1046	1044	0	2	0	57	0	0	1
data/map_250.json	544	544	0	0	544	544	0	0	0	28	0	0	1
data/map_251.json	944	944	0	0	944	944	0	0	0	44	0	0	1
data/map_252.json	3388	3388	0	0	3388	3388	0	0	0	119	8	0	1
data/map_253.json	1517	1516	0	1	1517	1516	0	1	0	69	0	0	1
data/map_254.json	1667	1664	0	3	1667	1664	0	3	0	102	0	0	1
data/map_255.json	2001	2000	0	1	2001	2000	0	1	0	87	0	0	1
data/map_256.json	2127	2126	0	1	2127	2126	0	1	0	101	0	0	1
data/map_257.json	504	504	0	0	504	504	0	0	0	24	0	0	1
data/map_258.json	944	944	0	0	944	944	0	0	0	45	0	0	1
data/map_259.json	4101	4100	0	1	4101	4100	0	1	0	161	8	0	1
data/map_260.json	1811	1808	0	3	1811	1808	0	3	0	102	0	0	1
data/map_261.json	2092	2088	0	4	2092	2088	0	4	0	126	0	0	1
data/map_262.json	2505	2504	0	1	2505	2504	0	1	0	113	0	0	1
data/map_263.json	2127	2126	0	1	2127	2126	0	1	0	101	0	0	1
data/map_264.json	1845	1845	0	0	1845	1845	0	0	0	75	0	0	1
data/map_265.json	805	804	0	1	805	804	0	1	0	47	0	0	1
data/map_266.json	3705	3704	0	1	3705	3704	0	1	0	168	8	0	1
data/map_267.json	380	380	0	0	380	380	0	0	0	23	0	0	1
data/map_268.json	493	492	0	1	493	492	0	1	0	24	0	0	1
data/map_269.json	665	664	0	1	665	664	0	1	0	36	0	0	1
data/map_270.json	2640	2637	0	3	2640	2637	0	3	0	134	0	0	1
data/map_271.json	532	532	0	0	532	532	0	0	0	63	11	0	1
data/map_272.json	981	980	0	1	981	980	0	1	0	59	0	0	1
data/map_273.json	493	492	0	1	493	492	0	1	0	24	0	0	1
data/map_274.json	3220	3216	0	4	3220	3216	0	4	0	190	0	0	1
data/map_275.json	792	792	0	0	792	792	0	0	0	44	8	0	1
data/map_276.json	944	944	0	0	944	944	0	0	0	45	0	0	1
data/map_277.json	2243	2240	0	3	2243	2240	0	3	0	125	0	0	1
data/map_278.json	4049	4048	0	1	4049	4048	0	1	0	151	0	0	1
data/map_279.json	2127	2126	0	1	2127	2126	0	1	0	101	0	0	1
data/map_280.json	1845	1845	0	0	1845	1845	0	0	0	75	0	0	1
data/map_281.json	380	380	0	0	380	380	0	0	0	23	0	0	1
data/map_282.json	1781	1780	0	1	1781	1780	0	1	0	90	8	0	1
data/map_283.json	380	380	0	0	380	380	0	0	0	23	0	0	1
data/map_284.json	2243	2240	0	3	2243	2240	0	3	0	125	0	0	1
data/map_285.json	3624	3624	0	0	3624	3624	0	0	0	127	0	0	1
data/map_286.json	2127	2126	0	1	2127	2126	0	1	0	101	0	0	1
data/map_287.json	2270	2269	0	1	2270	2269	0	1	0	99	0	0	1
data/map_288.json	805	804	0	1	805	804	0	1	0	47	0	0	1
data/map_289.json	200	200	0	0	200	200	0	0	0	12	11	0	1
data/map_290.json	465	464	0	1	465	464	0	1	0	26	0	0	1
data/map_291.json	930	928	0	2	930	928	0	2	0	55	0	0	1
data/map_292.json	3394	3392	0	2	3394	3392	0	2	0	156	0	0	1
data/map_293.json	2259	2258	0	1	2259	2258	0	1	0	164	8	0	1
data/map_294.json	40	40	0	0	40	40	0	0	0	2	0	0	1
data/map_295.json	7600	7596	0	4	7600	7596	0	4	0	336	0	0	1
data/map_296.json	522	522	0	0	522	522	0	0	0	29	0	0	1
data/map_297.json	2931	2928	0	3	2931	2928	0	3	0	143	4	0	1
data/map_298.json	944	944	0	0	944	944	0	0	0	45	0	0	1
data/map_299.json	3434	3432	0	2	3434	3432	0	2	0	141	0	0	1
data/map_300.json	1564	1564	0	0	1564	1564	0	0	0	71	0	0	1
data/map_301.json	0	0	0	0	0	0	0	0	0	0	4	0	0
data/map_302.json	40	40	0	0	40	40	0	0	0	2	0	0	1
data/map_303.json	1290	1288	0	2	1290	1288	0	2	0	62	0	0	1
data/map_304.json	864	864	0	0	864	864	0	0	0	20	0	0	1
data/map_305.json	0	0	0	0	0	0	0	0	0	0	0	0	0
data/map_306.json	1352	1352	0	0	1352	1352	0	0	0	39	0	0	1
data/map_307.json	1712	1712	0	0	1712	1712	0	0	0	43	0	0	1
data/map_308.json	877	876	0	1	877	876	0	1	0	51	0	0	1
data/map_309.json	425	424	0	1	425	424	0	1	0	64	0	0	1
data/map_310.json	2289	2288	0	1	2289	2288	0	1	0	98	0	0	1
data/map_311.json	0	0	0	0	0	0	0	0	0	0	0	0	0
data/map_312.json	0	0	0	0	0	0	0	0	0	0	0	0	0
data/map_313.json	0	0	0	0	0	0	0	0	0	0	0	0	0
data/map_314.json	0	0	0	0	0	0	0	0	0	0	0	0	0
data/map_315.json	0	0	0	0	0	0	0	0	0	0	0	0	0
data/map_316.json	0	0	0	0	0	0	0	0	0	0	0	0	0
data/map_317.json	0	0	0	0	0	0	0	0	0	0	0	0	0
data/map_318.json	0	0	0	0	0	0	0	0	0	0	0	0	0
data/map_319.json	0	0	0	0	0	0	0	0	0	0	0	0	0
data/map_320.json	0	0	0	0	0	0	0	0	0	0	0	0	0
data/map_321.json	5855	5854	0	1	5855	5854	0	1	0	175	0	0	1
data/map_322.json	3616	3616	0	0	3616	3616	0	0	0	445	0	0	1
data/map_323.json	5724	5724	0	0	5724	5724	0	0	0	147	0	0	1
data/map_324.json	6296	6296	0	0	6296	6296	0	0	0	139	310	0	1
data/map_325.json	7460	7460	0	0	7460	7460	0	0	0	118	20	0	1
data/map_326.json	2118	2118	0	0	2118	2118	0	0	0	234	0	0	1
data/map_327.json	11197	11196	0	1	11197	11196	0	1	0	195	780	0	1
data/map_328.json	908	908	0	0	908	908	0	0	0	29	0	0	1
data/map_329.json	2872	2872	0	0	2872	2872	0	0	0	156	0	0	1
data/map_330.json	0	0	0	0	0	0	0	0	0	0	0	0	0
data/map_331.json	10743	10734	0	9	10743	10734	0	9	0	507	133	0	1
data/map_332.json	96	96	0	0	96	96	0	0	0	7	0	0	1
data/map_333.json	569	568	0	1	569	568	0	1	0	24	0	0	1
data/map_334.json	569	568	0	1	569	568	0	1	0	24	0	0	1
data/map_335.json	1874	1872	0	2	1874	1872	0	2	0	78	0	0	1
data/map_336.json	0	0	0	0	0	0	0	0	0	0	0	0	0
data/map_337.json	640	640	0	0	640	640	0	0	0	27	460	0	1
data/map_338.json	2003	2003	0	0	2003	2003	0	0	0	197	0	0	1
data/map_339.json	3161	3161	0	0	3161	3161	0	0	0	264	0	0	1
data/map_340.json	1078	1078	0	0	1078	1078	0	0	0	85	14	0	1
data/map_341.json	2997	2997	0	0	2997	2997	0	0	0	261	0	0	1
data/map_342.json	964	964	0	0	964	964	0	0	0	29	0	0	1
data/map_343.json	3382	3382	0	0	3382	3382	0	0	0	104	0	0	1
data/map_344.json	3875	3875	0	0	3875	3875	0	0	0	199	0	0	1
data/map_345.json	570	570	0	0	570	570	0	0	0	71	0	0	1
data/map_346.json	2951	2951	0	0	2951	2951	0	0	0	199	0	0	1
data/map_347.json	11229	11228	0	1	11229	11228	0	1	0	198	768	0	1
data/map_348.json	200	200	0	0	200	200	0	0	0	1	0	0	1
data/map_349.json	176	176	0	0	176	176	0	0	0	2	0	0	1
data/map_350.json	0	0	0	0	0	0	0	0	0	0	0	0	0
data/map_351.json	2643	2643	0	0	2643	2643	0	0	0	241	460	0	1
data/map_352.json	1460	1460	0	0	1460	1460	0	0	0	38	604	0	1
data/map_353.json	2959	2959	0	0	2959	2959	0	0	0	254	460	0	1
data/map_354.json	0	0	0	0	0	0	0	0	0	0	0	0	0
data/map_355.json	24	24	0	0	24	24	0	0	0	2	0	0	1
data/map_356.json	280	280	0	0	280	280	0	0	0	6	0	0	1
data/map_357.json	1206	1204	0	2	1206	1204	0	2	0	66	11	0	1
data/map_358.json	1346	1344	0	2	1346	1344	0	2	0	58	0	0	1
data/map_359.json	477	476	0	1	477	476	0	1	0	33	0	0	1
data/map_360.json	477	476	0	1	477	476	0	1	0	33	0	0	1
data/map_361.json	5625	5620	0	5	5625	5620	0	5	0	268	0	0	1
data/map_362.json	2043	2040	0	3	2043	2040	0	3	0	141	0	0	1
data/map_363.json	1377	1376	0	1	1377	1376	0	1	0	62	0	0	1
data/map_364.json	2580	2578	0	2	2580	2578	0	2	0	132	8	0	1
data/map_365.json	609	608	0	1	609	608	0	1	0	26	0	0	1
data/map_366.json	4149	4144	0	5	4149	4144	0	5	0	204	0	0	1
data/map_367.json	1569	1568	0	1	1569	1568	0	1	0	81	4	0	1
data/map_368.json	4436	4436	0	0	4436	4436	0	0	0	224	0	0	1
data/map_369.json	1296	1296	0	0	1296	1296	0	0	0	91	0	0	1
data/map_370.json	40	40	0	0	40	40	0	0	0	2	0	0	1
data/map_371.json	2544	2544	0	0	2544	2544	0	0	0	93	8	0	1
data/map_372.json	1513	1512	0	1	1513	1512	0	1	0	69	0	0	1
data/map_373.json	1214	1212	0	2	1214	1212	0	2	0	80	0	0	1
data/map_374.json	3073	3072	0	1	3073	3072	0	1	0	135	0	0	1
data/map_375.json	2127	2126	0	1	2127	2126	0	1	0	101	0	0	1
data/map_376.json	2394	2393	0	1	2394	2393	0	1	0	99	0	0	1
data/map_377.json	1468	1466	0	2	1468	1466	0	2	0	78	0	0	1
data/map_378.json	0	0	0	0	0	0	0	0	0	0	599	0	0
data/map_379.json	0	0	0	0	0	0	0	0	0	0	0	0	0
data/map_380.json	516	516	0	0	516	516	0	0	0	38	0	0	1
data/map_381.json	0	0	0	0	0	0	0	0	0	0	0	0	0
data/map_382.json	2968	2968	0	0	2968	2968	0	0	0	207	0	0	1
data/map_383.json	1684	1684	0	0	1684	1684	0	0	0	147	0	0	1
data/map_384.json	1408	1408	0	0	1408	1408	0	0	0	189	0	0	1
data/map_385.json	344	344	0	0	344	344	0	0	0	4	0	0	1
data/map_386.json	2000	2000	0	0	2000	2000	0	0	0	195	0	0	1
data/map_387.json	465	464	0	1	465	464	0	1	0	26	0	0	1
data/map_388.json	6108	6106	0	2	6108	6106	0	2	0	278	0	0	1
data/map_389.json	689	688	0	1	689	688	0	1	0	55	0	0	1
data/map_390.json	709	708	0	1	709	708	0	1	0	56	0	0	1
data/map_391.json	689	688	0	1	689	688	0	1	0	55	6	0	1
data/map_392.json	20	20	0	0	20	20	0	0	0	1	0	0	1
data/map_393.json	384	384	0	0	384	384	0	0	0	55	9	0	1
data/map_394.json	1885	1884	0	1	1885	1884	0	1	0	128	0	0	1
data/map_395.json	788	788	0	0	788	788	0	0	0	26	0	0	1
data/map_396.json	744	744	0	0	744	744	0	0	0	14	126	0	1
data/map_397.json	0	0	0	0	0	0	0	0	0	0	0	0	0
data/map_398.json	152	152	0	0	152	152	0	0	0	31	0	0	1
data/map_399.json	2244	2244	0	0	2244	2244	0	0	0	104	0	0	1
data/map_400.json	816	816	0	0	816	816	0	0	0	13	0	0	1
data/map_401.json	0	0	0	0	0	0	0	0	0	0	0	0	0
data/map_402.json	0	0	0	0	0	0	0	0	0	0	0	0	0
data/map_403.json	0	0	0	0	0	0	0	0	0	0	0	0	0
data/map_404.json	20	20	0	0	20	20	0	0	0	1	0	0	1
data/map_405.json	0	0	0	0	0	0	0	0	0	0	0	0	0
data/map_406.json	0	0	0	0	0	0	0	0	0	0	0	0	0
data/map_407.json	256	256	0	0	256	256	0	0	0	4	0	0	1
data/map_408.json	1052	1052	0	0	1052	1052	0	0	0	73	0	0	1
data/map_409.json	3263	3263	0	0	3263	3263	0	0	0	215	0	0	1
data/map_410.json	3023	3023	0	0	3023	3023	0	0	0	217	0	0	1
data/map_411.json	4224	4224	0	0	4224	4224	0	0	0	221	1185	0	1
data/map_412.json	0	0	0	0	0	0	0	0	0	0	0	0	0
data/map_413.json	0	0	0	0	0	0	0	0	0	0	0	0	0
data/map_414.json	0	0	0	0	0	0	0	0	0	0	0	0	0
data/map_415.json	11197	11196	0	1	11197	11196	0	1	0	195	768	0	1
data/map_416.json	569	568	0	1	569	568	0	1	0	24	0	0	1
data/map_417.json	351	350	0	1	351	350	0	1	0	23	0	0	1
data/map_418.json	568	568	0	0	568	568	0	0	0	22	0	0	1
data/map_419.json	569	568	0	1	569	568	0	1	0	24	0	0	1
data/map_420.json	337	336	0	1	337	336	0	1	0	31	0	0	1
data/map_421.json	3140	3140	0	0	3140	3140	0	0	0	127	0	0	1
data/map_422.json	4716	4716	0	0	4716	4716	0	0	0	110	0	0	1
data/map_423.json	4072	4072	0	0	4072	4072	0	0	0	176	0	0	1
data/map_424.json	3660	3660	0	0	3660	3660	0	0	0	123	0	0	1
data/map_425.json	652	652	0	0	652	652	0	0	0	11	42	0	1
data/map_426.json	4832	4832	0	0	4832	4832	0	0	0	234	0	0	1
data/map_427.json	0	0	0	0	0	0	0	0	0	0	0	0	0
data/map_428.json	0	0	0	0	0	0	0	0	0	0	0	0	0
data/map_429.json	1520	1520	0	0	1520	1520	0	0	0	159	0	0	1
data/map_430.json	648	648	0	0	648	648	0	0	0	84	0	0	1
data/map_431.json	256	256	0	0	256	256	0	0	0	4	0	0	1
data/map_432.json	4924	4922	0	2	4924	4922	0	2	0	201	1185	0	1
data/map_433.json	0	0	0	0	0	0	0	0	0	0	110	0	0
data/map_434.json	24	24	0	0	24	24	0	0	0	2	460	0	1
data/map_435.json	2726	2725	0	1	2726	2725	0	1	0	132	0	0	1
data/map_436.json	2726	2725	0	1	2726	2725	0	1	0	132	0	0	1
data/map_437.json	2726	2725	0	1	2726	2725	0	1	0	132	0	0	1
data/map_438.json	2726	2725	0	1	2726	2725	0	1	0	132	0	0	1
data/map_439.json	2701	2700	0	1	2701	2700	0	1	0	124	42	0	1
data/map_440.json	593	592	0	1	593	592	0	1	0	31	2	0	1
data/map_441.json	1704	1704	0	0	1704	1704	0	0	0	48	0	0	1
data/map_442.json	1820	1820	0	0	1820	1820	0	0	0	51	0	0	1
data/map_443.json	2544	2544	0	0	2544	2544	0	0	0	94	0	0	1
data/map_444.json	3440	3440	0	0	3440	3440	0	0	0	102	0	0	1
data/map_445.json	3200	3200	0	0	3200	3200	0	0	0	192	0	0	1
data/map_446.json	1856	1856	0	0	1856	1856	0	0	0	101	0	0	1
data/map_447.json	2148	2148	0	0	2148	2148	0	0	0	90	0	0	1
data/map_448.json	2860	2860	0	0	2860	2860	0	0	0	120	0	0	1
data/map_449.json	7572	7571	0	1	7572	7571	0	1	0	173	0	0	1
data/map_450.json	724	724	0	0	724	724	0	0	0	149	0	0	1
data/map_451.json	6108	6106	0	2	6108	6106	0	2	0	278	0	0	1
data/map_452.json	0	0	0	0	0	0	0	0	0	0	0	0	0
data/map_453.json	0	0	0	0	0	0	0	0	0	0	0	0	0
data/map_454.json	0	0	0	0	0	0	0	0	0	0	0	0	0
data/map_455.json	0	0	0	0	0	0	0	0	0	0	0	0	0
data/map_456.json	0	0	0	0	0	0	0	0	0	0	0	0	0
data/map_457.json	0	0	0	0	0	0	0	0	0	0	0	0	0
data/map_458.json	0	0	0	0	0	0	0	0	0	0	0	0	0
data/map_459.json	0	0	0	0	0	0	0	0	0	0	0	0	0
data/map_460.json	0	0	0	0	0	0	0	0	0	0	0	0	0
data/map_461.json	0	0	0	0	0	0	0	0	0	0	0	0	0
data/map_462.json	0	0	0	0	0	0	0	0	0	0	0	0	0
data/map_463.json	0	0	0	0	0	0	0	0	0	0	0	0	0
data/map_464.json	0	0	0	0	0	0	0	0	0	0	0	0	0
data/map_465.json	0	0	0	0	0	0	0	0	0	0	0	0	0
data/map_466.json	0	0	0	0	0	0	0	0	0	0	0	0	0
data/map_467.json	0	0	0	0	0	0	0	0	0	0	0	0	0
data/map_468.json	0	0	0	0	0	0	0	0	0	0	0	0	0
data/map_469.json	0	0	0	0	0	0	0	0	0	0	0	0	0
data/map_470.json	0	0	0	0	0	0	0	0	0	0	0	0	0
data/map_471.json	1204	1204	0	0	1204	1204	0	0	0	68	34	0	1
data/map_472.json	1095	1095	0	0	1095	1095	0	0	0	70	2	0	1
data/map_473.json	1167	1167	0	0	1167	1167	0	0	0	77	2	0	1
data/map_474.json	528	528	0	0	528	528	0	0	0	28	6	0	1
data/map_475.json	453	452	0	1	453	452	0	1	0	22	660	0	1
data/map_476.json	1864	1864	0	0	1864	1864	0	0	0	74	1185	0	1
data/map_477.json	0	0	0	0	0	0	0	0	0	0	0	0	0
data/map_478.json	7507	7500	0	7	7507	7500	0	7	0	364	4	0	1
data/map_479.json	659	659	0	0	659	659	0	0	0	101	0	0	1
data/map_480.json	5724	5724	0	0	5724	5724	0	0	0	147	608	0	1
data/map_481.json	1980	1978	0	2	1980	1978	0	2	0	90	3	0	1
data/map_482.json	7560	7556	0	4	7560	7556	0	4	0	334	0	0	1
