bank	effect	anim	term	frames	ticks_one_pass	last_drawn_tick	freed_tick	max_quads	distinct_sets
alundra	0	0	LOOP	1	30			1	1
alundra	0	1	LOOP	1	30			1	1
alundra	0	2	LOOP	1	30			1	1
alundra	0	3	LOOP	1	30			1	1
alundra	0	4	LOOP	1	30			1	1
alundra	0	5	LOOP	1	30			1	1
alundra	1	0	LOOP	4	20			3	4
alundra	1	1	LOOP	4	20			3	4
alundra	1	2	LOOP	4	20			3	4
alundra	1	3	LOOP	4	20			3	4
alundra	1	4	LOOP	4	20			3	4
alundra	2	0	END	9	45	45	46	5	9
alundra	3	0	END	24	96	96	97	8	24
alundra	3	1	LOOP	12	48			8	12
alundra	4	0	END	20	40	40	41	4	17
alundra	5	0	END	19	95	95	96	9	19
alundra	6	0	END	7	28	28	29	2	7
alundra	7	0	END	9	27	27	28	2	9
alundra	8	0	END	11	32	32	33	7	11
alundra	9	0	END	7	25	25	26	3	7
alundra	10	0	END	13	59	59	60	11	13
alundra	11	0	END	13	69	69	70	7	13
alundra	12	0	END	7	26	26	27	2	7
alundra	13	0	END	12	35	35	36	4	12
alundra	14	0	END	18	27	27	28	12	10
alundra	14	1	LOOP	18	27			12	10
alundra	14	2	END	18	27	27	28	12	10
alundra	15	0	END	7	17	17	18	5	7
alundra	16	0	END	7	14	14	15	1	7
alundra	17	0	END	9	9	9	10	2	9
alundra	18	0	END	5	10	10	11	6	5
alundra	19	0	LOOP	28	56			6	28
alundra	19	1	END	28	56	56	57	6	28
alundra	19	2	END	20	40	40	41	5	20
alundra	20	0	END	16	32	32	33	14	16
alundra	20	1	LOOP	16	32			14	16
alundra	20	2	END	10	20	20	21	12	10
alundra	21	0	END	10	30	30	31	1	10
alundra	22	0	LOOP	1	2			1	1
alundra	22	1	END	19	95	95	96	4	19
alundra	23	0	LOOP	28	42			4	8
alundra	23	1	END	22	26	26	27	4	8
alundra	24	0	LOOP	8	80			4	5
alundra	25	0	END	6	12	12	13	1	6
alundra	25	1	END	6	12	12	13	1	6
alundra	25	2	END	6	12	12	13	1	6
alundra	25	3	END	6	12	12	13	1	6
alundra	26	0	END	10	55	55	56	9	10
alundra	27	0	END	13	162	162	163	10	13
alundra	28	0	LOOP	7	14			1	5
10	0	0	LOOP	1	2			1	1
10	0	1	END	62	154	154	155	1	32
10	0	2	END	62	154	154	155	1	32
10	1	0	LOOP	1	10			2	1
10	1	1	LOOP	1	10			2	1
10	2	0	LOOP	4	32			1	4
109	0	0	LOOP	6	30			8	6
109	0	1	LOOP	1	5			1	1
109	1	0	LOOP	21	55			2	10
109	1	1	END	39	64	64	65	2	17
109	1	2	END	18	54	54	55	4	18
109	1	3	LOOP	1	3			1	1
11	0	0	LOOP	4	32			1	4
11	1	0	LOOP	1	10			2	1
11	1	1	LOOP	1	10			2	1
13	0	0	LOOP	16	48			5	16
13	0	1	LOOP	16	48			5	16
13	0	2	LOOP	16	48			5	16
13	0	3	LOOP	16	48			7	16
13	0	4	END	8	24	24	25	5	8
13	0	5	END	8	24	24	25	5	8
13	0	6	END	8	24	24	25	5	8
13	0	7	END	8	24	24	25	7	8
13	0	8	END	8	24	24	25	7	8
13	0	9	END	8	24	24	25	5	8
13	0	10	END	8	24	24	25	5	8
13	0	11	END	8	24	24	25	5	8
135	0	0	LOOP	1	10			1	1
135	0	1	LOOP	2	4			1	2
135	1	0	LOOP	4	60			3	2
135	1	1	END	26	230	230	231	3	18
135	1	2	LOOP	1	15			2	1
14	0	0	LOOP	1	6			1	1
14	0	1	LOOP	4	32			1	4
147	0	0	LOOP	6	30			8	6
147	0	1	LOOP	1	5			1	1
15	0	0	LOOP	1	10			1	1
16	0	0	LOOP	1	10			2	1
16	0	1	LOOP	2	4			2	2
161	0	0	LOOP	16	96			8	16
161	0	1	END	16	96	96	97	6	16
161	0	2	END	16	96	96	97	8	16
161	0	3	END	3	6	6	7	25	2
162	0	0	LOOP	4	32			1	4
162	1	0	LOOP	1	10			2	1
162	1	1	LOOP	1	10			2	1
163	0	0	LOOP	1	10			2	1
163	0	1	END	1	10	10	11	2	1
163	0	2	END	1	10	10	11	2	1
169	0	0	LOOP	4	32			1	4
169	1	0	LOOP	1	10			2	1
169	1	1	LOOP	1	10			2	1
17	0	0	LOOP	1	10			2	1
17	0	1	END	10	80	80	81	2	10
17	0	2	LOOP	1	8			2	1
17	0	3	END	10	80	80	81	2	10
176	0	0	LOOP	4	32			1	4
176	1	0	LOOP	1	10			2	1
176	1	1	LOOP	1	10			2	1
183	0	0	LOOP	4	32			1	4
183	1	0	LOOP	1	10			2	1
183	1	1	LOOP	1	10			2	1
186	0	0	LOOP	4	32			1	4
186	1	0	LOOP	1	10			2	1
186	1	1	LOOP	1	10			2	1
193	0	0	LOOP	4	32			1	4
193	1	0	LOOP	1	10			2	1
193	1	1	LOOP	1	10			2	1
198	0	0	LOOP	4	32			1	4
198	1	0	LOOP	1	10			2	1
198	1	1	LOOP	1	10			2	1
2	0	0	LOOP	1	10			3	1
205	0	0	LOOP	4	32			1	4
205	1	0	LOOP	1	10			2	1
205	1	1	LOOP	1	10			2	1
21	0	0	LOOP	8	64			6	8
21	0	1	END	24	192	192	193	6	20
21	0	2	END	9	94	94	95	6	9
212	0	0	LOOP	4	32			1	4
212	1	0	LOOP	1	10			2	1
212	1	1	LOOP	1	10			2	1
219	0	0	LOOP	4	32			1	4
219	1	0	LOOP	1	10			2	1
219	1	1	LOOP	1	10			2	1
22	0	0	LOOP	8	64			6	8
22	0	1	END	24	192	192	193	6	20
22	0	2	END	9	94	94	95	6	9
226	0	0	LOOP	4	32			1	4
226	1	0	LOOP	1	10			2	1
226	1	1	LOOP	1	10			2	1
230	0	0	LOOP	4	32			1	4
230	1	0	LOOP	1	10			2	1
230	1	1	LOOP	1	10			2	1
237	0	0	LOOP	4	32			1	4
237	1	0	LOOP	1	10			2	1
237	1	1	LOOP	1	10			2	1
241	0	0	LOOP	4	32			1	4
241	1	0	LOOP	1	10			2	1
241	1	1	LOOP	1	10			2	1
248	0	0	LOOP	4	32			1	4
248	1	0	LOOP	1	10			2	1
248	1	1	LOOP	1	10			2	1
25	0	0	END	111	222	222	223	10	74
25	0	1	LOOP	16	32			10	16
25	0	2	END	21	34	34	35	9	8
25	0	3	LOOP	32	64			14	20
252	0	0	LOOP	4	32			1	4
252	1	0	LOOP	1	10			2	1
252	1	1	LOOP	1	10			2	1
259	0	0	LOOP	4	32			1	4
259	1	0	LOOP	1	10			2	1
259	1	1	LOOP	1	10			2	1
266	0	0	LOOP	4	32			1	4
266	1	0	LOOP	1	10			2	1
266	1	1	LOOP	1	10			2	1
271	0	0	LOOP	4	32			1	4
271	1	0	LOOP	1	10			2	1
271	1	1	LOOP	1	10			2	1
271	2	0	LOOP	1	10			3	1
275	0	0	LOOP	4	32			1	4
275	1	0	LOOP	1	10			2	1
275	1	1	LOOP	1	10			2	1
282	0	0	LOOP	4	32			1	4
282	1	0	LOOP	1	10			2	1
282	1	1	LOOP	1	10			2	1
289	0	0	LOOP	4	32			1	4
289	1	0	LOOP	1	10			2	1
289	1	1	LOOP	1	10			2	1
289	2	0	LOOP	1	10			3	1
293	0	0	LOOP	1	10			2	1
293	0	1	LOOP	1	10			2	1
293	1	0	LOOP	4	32			1	4
297	0	0	LOOP	1	10			2	1
297	0	1	LOOP	1	10			2	1
301	0	0	LOOP	1	10			2	1
301	0	1	LOOP	1	10			2	1
324	0	0	END	10	61	61	62	15	10
324	0	1	END	8	54	54	55	15	8
324	0	2	END	8	54	54	55	15	8
324	0	3	END	8	54	54	55	15	8
324	1	0	LOOP	1	10			1	1
324	1	1	LOOP	1	10			1	1
325	0	0	END	10	27	27	28	2	10
327	0	0	END	50	50	50	51	21	26
327	0	1	LOOP	4	4			5	3
327	0	2	END	12	12	12	13	1	12
327	0	3	END	78	78	78	79	21	37
327	1	0	END	8	16	16	17	2	8
331	0	0	LOOP	1	2			1	1
331	0	1	END	62	154	154	155	1	32
331	0	2	END	62	154	154	155	1	32
331	1	0	LOOP	1	10			2	1
331	1	1	LOOP	1	10			2	1
331	2	0	LOOP	4	32			1	4
337	0	0	LOOP	28	42			3	28
337	0	1	LOOP	28	42			3	28
337	0	2	END	44	94	94	95	4	44
337	0	3	END	44	94	94	95	4	44
337	0	4	END	28	42	42	43	3	28
337	0	5	END	33	50	50	51	3	33
340	0	0	LOOP	4	40			1	4
340	0	1	LOOP	4	40			1	4
340	0	2	LOOP	4	40			2	4
347	0	0	END	50	50	50	51	21	26
347	0	1	LOOP	4	4			5	3
347	0	2	END	12	12	12	13	1	12
347	0	3	END	78	78	78	79	21	37
351	0	0	LOOP	28	42			3	28
351	0	1	LOOP	28	42			3	28
351	0	2	END	44	94	94	95	4	44
351	0	3	END	44	94	94	95	4	44
351	0	4	END	28	42	42	43	3	28
351	0	5	END	33	50	50	51	3	33
352	0	0	LOOP	28	42			3	28
352	0	1	LOOP	28	42			3	28
352	0	2	END	44	94	94	95	4	44
352	0	3	END	44	94	94	95	4	44
352	0	4	END	28	42	42	43	3	28
352	0	5	END	33	50	50	51	3	33
352	1	0	LOOP	12	54			1	8
352	1	1	LOOP	12	54			1	8
352	1	2	END	1	2	2	3	1	1
352	1	3	END	1	2	2	3	1	1
352	2	0	LOOP	1	10			2	1
352	2	1	END	25	230	230	231	5	21
352	2	2	LOOP	1	10			5	1
352	2	3	END	6	9	9	10	2	2
353	0	0	LOOP	28	42			3	28
353	0	1	LOOP	28	42			3	28
353	0	2	END	44	94	94	95	4	44
353	0	3	END	44	94	94	95	4	44
353	0	4	END	28	42	42	43	3	28
353	0	5	END	33	50	50	51	3	33
357	0	0	LOOP	4	32			1	4
357	1	0	LOOP	1	10			2	1
357	1	1	LOOP	1	10			2	1
357	2	0	LOOP	1	10			3	1
364	0	0	LOOP	4	32			1	4
364	1	0	LOOP	1	10			2	1
364	1	1	LOOP	1	10			2	1
367	0	0	LOOP	4	32			1	4
371	0	0	LOOP	4	32			1	4
371	1	0	LOOP	1	10			2	1
371	1	1	LOOP	1	10			2	1
378	0	0	LOOP	4	16			4	4
378	0	1	LOOP	4	16			4	4
378	0	2	LOOP	4	16			4	4
378	0	3	LOOP	4	16			4	4
378	1	0	LOOP	2	4			7	2
378	1	1	END	63	156	156	157	7	57
378	2	0	END	8	16	16	17	1	8
378	3	0	END	80	80	80	81	1	21
391	0	0	LOOP	1	10			1	1
391	0	1	LOOP	1	10			1	1
391	0	2	LOOP	1	10			3	1
391	0	3	LOOP	1	10			1	1
393	0	0	LOOP	1	6			1	1
393	0	1	LOOP	4	32			1	4
393	1	0	LOOP	1	10			2	1
393	1	1	LOOP	1	10			2	1
396	0	0	LOOP	4	52			4	4
396	0	1	END	30	60	60	61	5	15
396	0	2	END	28	56	56	57	5	15
41	0	0	LOOP	1	3			1	1
41	0	1	LOOP	2	3			2	2
411	0	0	END	111	222	222	223	10	74
411	0	1	LOOP	16	32			10	16
411	0	2	END	21	34	34	35	9	8
411	0	3	LOOP	32	64			14	20
415	0	0	END	50	50	50	51	21	26
415	0	1	LOOP	4	4			5	3
415	0	2	END	12	12	12	13	1	12
415	0	3	END	78	78	78	79	21	37
42	0	0	LOOP	1	3			1	1
42	0	1	LOOP	2	3			2	2
425	0	0	LOOP	1	10			2	1
425	0	1	END	10	80	80	81	2	10
425	0	2	LOOP	1	8			2	1
425	0	3	END	10	80	80	81	2	10
432	0	0	END	111	222	222	223	10	74
432	0	1	LOOP	16	32			10	16
432	0	2	END	21	34	34	35	9	8
432	0	3	LOOP	32	64			14	20
433	0	0	LOOP	1	5			1	1
433	0	1	END	51	221	221	222	2	42
433	0	2	LOOP	1	2			2	1
433	1	0	LOOP	1	10			6	1
434	0	0	LOOP	28	42			3	28
434	0	1	LOOP	28	42			3	28
434	0	2	END	44	94	94	95	4	44
434	0	3	END	44	94	94	95	4	44
434	0	4	END	28	42	42	43	3	28
434	0	5	END	33	50	50	51	3	33
439	0	0	LOOP	1	10			2	1
439	0	1	END	10	80	80	81	2	10
439	0	2	LOOP	1	8			2	1
439	0	3	END	10	80	80	81	2	10
440	0	0	LOOP	1	10			1	1
440	0	1	LOOP	1	10			1	1
471	0	0	END	13	13	13	14	2	7
471	0	1	END	10	40	40	41	2	6
472	0	0	LOOP	1	10			2	1
473	0	0	LOOP	1	10			2	1
474	0	0	LOOP	4	6			1	4
474	1	0	LOOP	1	10			2	1
475	0	0	END	22	44	44	45	20	21
475	0	1	LOOP	10	40			20	10
475	1	0	LOOP	18	45			3	10
475	1	1	END	18	45	45	46	3	10
475	1	2	END	18	45	45	46	3	10
475	1	3	LOOP	1	2			1	1
476	0	0	END	111	222	222	223	10	74
476	0	1	LOOP	16	32			10	16
476	0	2	END	21	34	34	35	9	8
476	0	3	LOOP	32	64			14	20
478	0	0	LOOP	4	32			1	4
480	0	0	END	34	53	53	54	5	18
480	0	1	LOOP	32	32			2	15
480	0	2	END	80	80	80	81	2	40
480	0	3	END	34	53	53	54	5	17
480	0	4	LOOP	32	32			2	15
480	0	5	END	80	80	80	81	2	40
481	0	0	LOOP	1	10			3	1
7	0	0	LOOP	28	56			1	28
7	1	0	LOOP	28	56			5	28
7	1	1	END	30	60	60	61	5	27
7	2	0	LOOP	1	10			2	1
7	2	1	LOOP	1	10			2	1
7	3	0	LOOP	1	10			1	1
75	0	0	LOOP	1	2			4	1
75	0	1	LOOP	1	2			3	1
75	0	2	LOOP	1	2			3	1
75	0	3	LOOP	1	2			3	1
75	0	4	LOOP	1	2			2	1
75	0	5	LOOP	1	2			2	1
75	0	6	LOOP	1	2			2	1
75	0	7	LOOP	1	2			1	1
76	0	0	END	111	222	222	223	10	74
76	0	1	LOOP	16	32			10	16
76	0	2	END	21	34	34	35	9	8
76	0	3	LOOP	32	64			14	20
77	0	0	LOOP	28	56			1	28
78	0	0	LOOP	28	56			1	28
8	0	0	LOOP	1	10			2	1
8	0	1	LOOP	1	10			2	1
84	0	0	END	111	222	222	223	10	74
84	0	1	LOOP	16	32			10	16
84	0	2	END	21	34	34	35	9	8
84	0	3	LOOP	32	64			14	20
95	0	0	END	111	222	222	223	10	74
95	0	1	LOOP	16	32			10	16
95	0	2	END	21	34	34	35	9	8
95	0	3	LOOP	32	64			14	20
