path	map	kind	stp_px	drawn_px
Maps/Arena Black Dragon/Arena Black Dragon (Boss)-323/backdrop/Arena Black Dragon (Boss)-323-layer0-frame1.png	323	frame	6071	43636
Maps/Arena Black Dragon/Arena Black Dragon (Boss)-323/backdrop/Arena Black Dragon (Boss)-323-layer0-frame2.png	323	frame	6071	43636
Maps/Arena Black Dragon/Arena Black Dragon (Boss)-323/backdrop/Arena Black Dragon (Boss)-323-layer0-frame3.png	323	frame	6071	43636
Maps/Arena Black Dragon/Arena Black Dragon (Boss)-323/backdrop/Arena Black Dragon (Boss)-323-layer0.png	323	layer	6071	43636
Maps/Arena Corpse Worm/Arena Corpse Worm (Boss)-322/backdrop/Arena Corpse Worm (Boss)-322-layer0-frame1.png	322	frame	6071	43636
Maps/Arena Corpse Worm/Arena Corpse Worm (Boss)-322/backdrop/Arena Corpse Worm (Boss)-322-layer0-frame2.png	322	frame	6071	43636
Maps/Arena Corpse Worm/Arena Corpse Worm (Boss)-322/backdrop/Arena Corpse Worm (Boss)-322-layer0-frame3.png	322	frame	6071	43636
Maps/Arena Corpse Worm/Arena Corpse Worm (Boss)-322/backdrop/Arena Corpse Worm (Boss)-322-layer0.png	322	layer	6071	43636
Maps/Arena Melzas 1/Arena Melzas 1 (Boss)-327/backdrop/Arena Melzas 1 (Boss)-327-layer0-frame1.png	327	frame	6071	43636
Maps/Arena Melzas 1/Arena Melzas 1 (Boss)-327/backdrop/Arena Melzas 1 (Boss)-327-layer0-frame2.png	327	frame	6071	43636
Maps/Arena Melzas 1/Arena Melzas 1 (Boss)-327/backdrop/Arena Melzas 1 (Boss)-327-layer0-frame3.png	327	frame	6071	43636
Maps/Arena Melzas 1/Arena Melzas 1 (Boss)-327/backdrop/Arena Melzas 1 (Boss)-327-layer0.png	327	layer	6071	43636
Maps/Arena Zazan/Arena Zazan (Sybil's vision)-368/backdrop/Arena Zazan (Sybil's vision)-368-cellsheet0.png	368	cellsheet	36128	36128
Maps/Arena Zorgia/Arena Zorgia (Boss)-321/backdrop/Arena Zorgia (Boss)-321-layer0-frame1.png	321	frame	6071	43636
Maps/Arena Zorgia/Arena Zorgia (Boss)-321/backdrop/Arena Zorgia (Boss)-321-layer0-frame2.png	321	frame	6071	43636
Maps/Arena Zorgia/Arena Zorgia (Boss)-321/backdrop/Arena Zorgia (Boss)-321-layer0-frame3.png	321	frame	6071	43636
Maps/Arena Zorgia/Arena Zorgia (Boss)-321/backdrop/Arena Zorgia (Boss)-321-layer0.png	321	layer	6071	43636
Maps/Coal Mine _ Olen's Dream/Coal Mine _ Olen's Dream-362/backdrop/Coal Mine _ Olen's Dream-362-cellsheet0.png	362	cellsheet	36128	36128
Maps/Coal Mine _ Olen's Dream/Coal Mine _ Olen's Dream-363/backdrop/Coal Mine _ Olen's Dream-363-cellsheet0.png	363	cellsheet	36128	36128
Maps/Coal Mine outer/Coal Mine outer (exit Event)-335/backdrop/Coal Mine outer (exit Event)-335-layer0.png	335	layer	44432	44432
Maps/Coal Mine/Coal Mine (Elevator & Zazan & Murgg)-329/backdrop/Coal Mine (Elevator & Zazan & Murgg)-329-layer0.png	329	layer	44432	44432
Maps/Coal Mine/Coal Mine (First Entrance)-61/backdrop/Coal Mine (First Entrance)-61-layer0.png	61	layer	44432	44432
Maps/Coal Mine/Coal Mine (generator)-328/backdrop/Coal Mine (generator)-328-layer0.png	328	layer	44432	44432
Maps/Coal Mine/Coal Mine (unused)-64/backdrop/Coal Mine (unused)-64-layer0.png	64	layer	44432	44432
Maps/Coal Mine/Coal Mine (unused_)-65/backdrop/Coal Mine (unused_)-65-layer0.png	65	layer	44432	44432
Maps/Coal Mine/Coal Mine (unused_)-68/backdrop/Coal Mine (unused_)-68-layer0.png	68	layer	44432	44432
Maps/Coal Mine/Coal Mine-62/backdrop/Coal Mine-62-layer0.png	62	layer	44432	44432
Maps/Coal Mine/Coal Mine-63/backdrop/Coal Mine-63-layer0.png	63	layer	44432	44432
Maps/Coal Mine/Coal Mine-66/backdrop/Coal Mine-66-layer0.png	66	layer	44432	44432
Maps/Coal Mine/Coal Mine-67/backdrop/Coal Mine-67-layer0.png	67	layer	44432	44432
Maps/Coast/Coast beginning-416/backdrop/Coast beginning-416-layer0.png	416	layer	39388	39388
Maps/Coast/Coast-407/backdrop/Coast-407-layer0.png	407	layer	39388	39388
Maps/Dark Castle/Dark Castle (unused)-427/backdrop/Dark Castle (unused)-427-layer0.png	427	layer	60559	60559
Maps/Debug zone/Debug zone-11/backdrop/Debug zone-11-layer0.png	11	layer	39388	39388
Maps/Desert Mini Puzle to Shrine/Desert Mini Puzle to Shrine-403/backdrop/Desert Mini Puzle to Shrine-403-layer0.png	403	layer	14679	14679
Maps/Desert Mini Puzle to Shrine/Desert Mini Puzle to Shrine-404/backdrop/Desert Mini Puzle to Shrine-404-layer0.png	404	layer	9661	9661
Maps/Desert Mini Puzle to Shrine/Desert Mini Puzle to Shrine-405/backdrop/Desert Mini Puzle to Shrine-405-layer0.png	405	layer	10295	10295
Maps/Desert Mini Puzle to Shrine/Desert Mini Puzle to Shrine-406/backdrop/Desert Mini Puzle to Shrine-406-layer0.png	406	layer	9742	9742
Maps/Desert/Desert-450/backdrop/Desert-450-layer0.png	450	layer	14679	14679
Maps/Elane Nightmare/Elane Nightmare-435/backdrop/Elane Nightmare-435-cellsheet0.png	435	cellsheet	40627	40627
Maps/Elane Nightmare/Elane Nightmare-436/backdrop/Elane Nightmare-436-cellsheet0.png	436	cellsheet	40627	40627
Maps/Elane Nightmare/Elane Nightmare-437/backdrop/Elane Nightmare-437-cellsheet0.png	437	cellsheet	40627	40627
Maps/Elane Nightmare/Elane Nightmare-438/backdrop/Elane Nightmare-438-cellsheet0.png	438	cellsheet	40627	40627
Maps/Elenes Nightmare/Elenes Nightmare-48/backdrop/Elenes Nightmare-48-cellsheet0.png	48	cellsheet	40627	40627
Maps/Elenes Nightmare/Elenes Nightmare-49/backdrop/Elenes Nightmare-49-cellsheet0.png	49	cellsheet	40627	40627
Maps/Elenes Nightmare/Elenes Nightmare-50/backdrop/Elenes Nightmare-50-cellsheet0.png	50	cellsheet	40627	40627
Maps/Elenes Nightmare/Elenes Nightmare-51/backdrop/Elenes Nightmare-51-cellsheet0.png	51	cellsheet	40627	40627
Maps/Elenes Nightmare/Elenes Nightmare-52/backdrop/Elenes Nightmare-52-cellsheet0.png	52	cellsheet	40627	40627
Maps/Elenes Nightmare/Elenes Nightmare-53/backdrop/Elenes Nightmare-53-cellsheet0.png	53	cellsheet	40627	40627
Maps/Elenes Nightmare/Elenes Nightmare-54/backdrop/Elenes Nightmare-54-cellsheet0.png	54	cellsheet	40627	40627
Maps/Fairy cave/Fairy cave (underwater)-159/backdrop/Fairy cave (underwater)-159-layer0-frame1.png	159	frame	53510	53510
Maps/Fairy cave/Fairy cave (underwater)-159/backdrop/Fairy cave (underwater)-159-layer0-frame2.png	159	frame	53510	53510
Maps/Fairy cave/Fairy cave (underwater)-159/backdrop/Fairy cave (underwater)-159-layer0-frame3.png	159	frame	53510	53510
Maps/Fairy cave/Fairy cave (underwater)-159/backdrop/Fairy cave (underwater)-159-layer0.png	159	layer	53550	53550
Maps/Fairy cave/Fairy cave (underwater)-160/backdrop/Fairy cave (underwater)-160-layer0-frame1.png	160	frame	53510	53510
Maps/Fairy cave/Fairy cave (underwater)-160/backdrop/Fairy cave (underwater)-160-layer0-frame2.png	160	frame	53510	53510
Maps/Fairy cave/Fairy cave (underwater)-160/backdrop/Fairy cave (underwater)-160-layer0-frame3.png	160	frame	53510	53510
Maps/Fairy cave/Fairy cave (underwater)-160/backdrop/Fairy cave (underwater)-160-layer0.png	160	layer	53550	53550
Maps/Giles Nightmare/Giles Nightmare-100/backdrop/Giles Nightmare-100-cellsheet0.png	100	cellsheet	36128	36128
Maps/Giles Nightmare/Giles Nightmare-101/backdrop/Giles Nightmare-101-cellsheet0.png	101	cellsheet	36128	36128
Maps/Giles Nightmare/Giles Nightmare-102/backdrop/Giles Nightmare-102-cellsheet0.png	102	cellsheet	36128	36128
Maps/Giles Nightmare/Giles Nightmare-103/backdrop/Giles Nightmare-103-cellsheet0.png	103	cellsheet	36128	36128
Maps/Giles Nightmare/Giles Nightmare-104/backdrop/Giles Nightmare-104-cellsheet0.png	104	cellsheet	36128	36128
Maps/Giles Nightmare/Giles Nightmare-105/backdrop/Giles Nightmare-105-cellsheet0.png	105	cellsheet	36128	36128
Maps/Giles Nightmare/Giles Nightmare-106/backdrop/Giles Nightmare-106-cellsheet0.png	106	cellsheet	36128	36128
Maps/Giles Nightmare/Giles Nightmare-107/backdrop/Giles Nightmare-107-cellsheet0.png	107	cellsheet	36128	36128
Maps/Inoa/Inoa (Kline, Sybil's vision)-367/backdrop/Inoa (Kline, Sybil's vision)-367-cellsheet0.png	367	cellsheet	36128	36128
Maps/Inoa/Inoa (Vision Event from Lars and Melzas cutscene)-478/backdrop/Inoa (Vision Event from Lars and Melzas cutscene)-478-cellsheet0.png	478	cellsheet	36128	36128
Maps/Inoa/Inoa (destroyed)-297/backdrop/Inoa (destroyed)-297-layer0.png	297	layer	39388	39388
Maps/Inoa/Inoa (destroyed)-301/backdrop/Inoa (destroyed)-301-layer0.png	301	layer	39388	39388
Maps/Inoa/Inoa (inner)-128/backdrop/Inoa (inner)-128-cellsheet0.png	128	cellsheet	36128	36128
Maps/Inoa/Inoa (inner)-333/backdrop/Inoa (inner)-333-layer0.png	333	layer	44432	44432
Maps/Inoa/Inoa (inner)-334/backdrop/Inoa (inner)-334-layer0.png	334	layer	44432	44432
Maps/Inoa/Inoa (inner)-417/backdrop/Inoa (inner)-417-cellsheet0.png	417	cellsheet	36128	36128
Maps/Inoa/Inoa (inner)-418/backdrop/Inoa (inner)-418-cellsheet0.png	418	cellsheet	36128	36128
Maps/Inoa/Inoa (inner)-419/backdrop/Inoa (inner)-419-cellsheet0.png	419	cellsheet	36128	36128
Maps/Inoa/Inoa (inner, Yustel, Map)-475/backdrop/Inoa (inner, Yustel, Map)-475-cellsheet0.png	475	cellsheet	36128	36128
Maps/Inoa/Inoa-162/backdrop/Inoa-162-layer0.png	162	layer	39388	39388
Maps/Inoa/Inoa-169/backdrop/Inoa-169-layer0.png	169	layer	39388	39388
Maps/Inoa/Inoa-176/backdrop/Inoa-176-layer0.png	176	layer	39388	39388
Maps/Inoa/Inoa-183/backdrop/Inoa-183-layer0.png	183	layer	39388	39388
Maps/Inoa/Inoa-186/backdrop/Inoa-186-layer0.png	186	layer	39388	39388
Maps/Inoa/Inoa-193/backdrop/Inoa-193-layer0.png	193	layer	39388	39388
Maps/Inoa/Inoa-198/backdrop/Inoa-198-layer0.png	198	layer	39388	39388
Maps/Inoa/Inoa-205/backdrop/Inoa-205-layer0.png	205	layer	39388	39388
Maps/Inoa/Inoa-212/backdrop/Inoa-212-layer0.png	212	layer	39388	39388
Maps/Inoa/Inoa-219/backdrop/Inoa-219-layer0.png	219	layer	39388	39388
Maps/Inoa/Inoa-226/backdrop/Inoa-226-layer0.png	226	layer	39388	39388
Maps/Inoa/Inoa-230/backdrop/Inoa-230-layer0.png	230	layer	39388	39388
Maps/Inoa/Inoa-237/backdrop/Inoa-237-layer0.png	237	layer	39388	39388
Maps/Inoa/Inoa-241/backdrop/Inoa-241-layer0.png	241	layer	39388	39388
Maps/Inoa/Inoa-248/backdrop/Inoa-248-layer0.png	248	layer	39388	39388
Maps/Inoa/Inoa-252/backdrop/Inoa-252-layer0.png	252	layer	39388	39388
Maps/Inoa/Inoa-259/backdrop/Inoa-259-layer0.png	259	layer	39388	39388
Maps/Inoa/Inoa-266/backdrop/Inoa-266-layer0.png	266	layer	39388	39388
Maps/Inoa/Inoa-275/backdrop/Inoa-275-layer0.png	275	layer	39388	39388
Maps/Inoa/Inoa-282/backdrop/Inoa-282-layer0.png	282	layer	39388	39388
Maps/Inoa/Inoa-364/backdrop/Inoa-364-layer0.png	364	layer	39388	39388
Maps/Inoa/Inoa-371/backdrop/Inoa-371-layer0.png	371	layer	39388	39388
Maps/Kline's Nightmare/Kline's Nightmare-123/backdrop/Kline's Nightmare-123-cellsheet0.png	123	cellsheet	36211	36211
Maps/Kline's Nightmare/Kline's Nightmare-124/backdrop/Kline's Nightmare-124-cellsheet0.png	124	cellsheet	36211	36211
Maps/Kline's Nightmare/Kline's Nightmare-125/backdrop/Kline's Nightmare-125-cellsheet0.png	125	cellsheet	36128	36128
Maps/Kline's Nightmare/Kline's Nightmare-126/backdrop/Kline's Nightmare-126-cellsheet0.png	126	cellsheet	36128	36128
Maps/Kline's Nightmare/Kline's Nightmare-127/backdrop/Kline's Nightmare-127-cellsheet0.png	127	cellsheet	36128	36128
Maps/Lake Shrine Bridge/Lake Shrine Bridge (Event_)-412/backdrop/Lake Shrine Bridge (Event_)-412-cellsheet0.png	412	cellsheet	36128	36128
Maps/Lake Shrine Melzas/Lake Shrine Melzas (inner, Beginning Event_)-415/backdrop/Lake Shrine Melzas (inner, Beginning Event_)-415-cellsheet0.png	415	cellsheet	36128	36128
Maps/Lake Shrine/Lake Shrine (Melzas, Dark Dragon Event)-480/backdrop/Lake Shrine (Melzas, Dark Dragon Event)-480-layer0-frame1.png	480	frame	6071	43636
Maps/Lake Shrine/Lake Shrine (Melzas, Dark Dragon Event)-480/backdrop/Lake Shrine (Melzas, Dark Dragon Event)-480-layer0-frame2.png	480	frame	6071	43636
Maps/Lake Shrine/Lake Shrine (Melzas, Dark Dragon Event)-480/backdrop/Lake Shrine (Melzas, Dark Dragon Event)-480-layer0-frame3.png	480	frame	6071	43636
Maps/Lake Shrine/Lake Shrine (Melzas, Dark Dragon Event)-480/backdrop/Lake Shrine (Melzas, Dark Dragon Event)-480-layer0.png	480	layer	6071	43636
Maps/Lake Shrine/Lake Shrine (inner)-337/backdrop/Lake Shrine (inner)-337-layer0.png	337	layer	94634	94634
Maps/Lake Shrine/Lake Shrine (inner)-338/backdrop/Lake Shrine (inner)-338-layer0.png	338	layer	94634	94634
Maps/Lake Shrine/Lake Shrine (inner)-339/backdrop/Lake Shrine (inner)-339-layer0.png	339	layer	94634	94634
Maps/Lake Shrine/Lake Shrine (inner)-340/backdrop/Lake Shrine (inner)-340-layer0.png	340	layer	94634	94634
Maps/Lake Shrine/Lake Shrine (inner)-341/backdrop/Lake Shrine (inner)-341-layer0.png	341	layer	94634	94634
Maps/Lake Shrine/Lake Shrine (inner)-342/backdrop/Lake Shrine (inner)-342-layer0.png	342	layer	94634	94634
Maps/Lake Shrine/Lake Shrine (inner)-343/backdrop/Lake Shrine (inner)-343-layer0.png	343	layer	94634	94634
Maps/Lake Shrine/Lake Shrine (inner)-344/backdrop/Lake Shrine (inner)-344-layer0.png	344	layer	94634	94634
Maps/Lake Shrine/Lake Shrine (inner)-345/backdrop/Lake Shrine (inner)-345-layer0.png	345	layer	94634	94634
Maps/Lake Shrine/Lake Shrine (inner)-347/backdrop/Lake Shrine (inner)-347-layer0.png	347	layer	94634	94634
Maps/Lake Shrine/Lake Shrine (inner, unused)-414/backdrop/Lake Shrine (inner, unused)-414-cellsheet0.png	414	cellsheet	36128	36128
Maps/Lake Shrine/Lake Shrine (outer, unused)-413/backdrop/Lake Shrine (outer, unused)-413-cellsheet0.png	413	cellsheet	36128	36128
Maps/Lake Shrine/Lake Shrine-433/backdrop/Lake Shrine-433-layer0.png	433	layer	39388	39388
Maps/Lars & Melzas Room/Lars & Melzas Room (beginning Event)-476/backdrop/Lars & Melzas Room (beginning Event)-476-cellsheet0.png	476	cellsheet	36128	36128
Maps/Lars' Crypt/Lars' Crypt-21/backdrop/Lars' Crypt-21-layer0.png	21	layer	94634	94634
Maps/Lars' Crypt/Lars' Crypt-22/backdrop/Lars' Crypt-22-layer0.png	22	layer	94634	94634
Maps/Lars' Crypt/Lars' Crypt-23/backdrop/Lars' Crypt-23-layer0.png	23	layer	94634	94634
Maps/Lars' Crypt/Lars' Crypt-24/backdrop/Lars' Crypt-24-layer0.png	24	layer	94634	94634
Maps/Lars' Crypt/Lars' Crypt-25/backdrop/Lars' Crypt-25-layer0.png	25	layer	94634	94634
Maps/Meia Dream/Meia Dream (flashback)-308/backdrop/Meia Dream (flashback)-308-layer0.png	308	layer	44432	44432
Maps/Meia Dream/Meia Dream (flashback)-309/backdrop/Meia Dream (flashback)-309-layer0.png	309	layer	44432	44432
Maps/Meia Dream/Meia Dream (flashback, Inoa)-310/backdrop/Meia Dream (flashback, Inoa)-310-layer0.png	310	layer	44432	44432
Maps/Meia Dream/Meia Dream (unused_)-305/backdrop/Meia Dream (unused_)-305-cellsheet0.png	305	cellsheet	36128	36128
Maps/Meia Dream/Meia Dream-306/backdrop/Meia Dream-306-cellsheet0.png	306	cellsheet	36128	36128
Maps/Meia Dream/Meia Dream-307/backdrop/Meia Dream-307-cellsheet0.png	307	cellsheet	36128	36128
Maps/Meia Dream/Meia Dream-440/backdrop/Meia Dream-440-cellsheet0.png	440	cellsheet	36128	36128
Maps/Meia Dream/Meia Dream-441/backdrop/Meia Dream-441-cellsheet0.png	441	cellsheet	36128	36128
Maps/Meia Dream/Meia Dream-442/backdrop/Meia Dream-442-cellsheet0.png	442	cellsheet	36128	36128
Maps/Mrugg House/Mrugg House (Sybil's vision_)-369/backdrop/Mrugg House (Sybil's vision_)-369-cellsheet0.png	369	cellsheet	36128	36128
Maps/Nava/Coast house (Nava)-420/backdrop/Coast house (Nava)-420-cellsheet0.png	420	cellsheet	36128	36128
Maps/Nestus' Dream/Nestus' Dream (Boss)-108/backdrop/Nestus' Dream (Boss)-108-cellsheet0.png	108	cellsheet	36128	36128
Maps/Nestus' Dream/Nestus' Dream-109/backdrop/Nestus' Dream-109-cellsheet0.png	109	cellsheet	37177	37177
Maps/Nestus' Dream/Nestus' Dream-109/backdrop/Nestus' Dream-109-layer1.png	109	layer	518	12515
Maps/Nestus' Dream/Nestus' Dream-110/backdrop/Nestus' Dream-110-cellsheet0.png	110	cellsheet	37177	37177
Maps/Nestus' Dream/Nestus' Dream-110/backdrop/Nestus' Dream-110-layer1.png	110	layer	518	12515
Maps/Nestus' Dream/Nestus' Dream-111/backdrop/Nestus' Dream-111-cellsheet0.png	111	cellsheet	37177	37177
Maps/Nestus' Dream/Nestus' Dream-111/backdrop/Nestus' Dream-111-layer1.png	111	layer	518	12515
Maps/Nestus' Dream/Nestus' Dream-112/backdrop/Nestus' Dream-112-cellsheet0.png	112	cellsheet	37177	37177
Maps/Nestus' Dream/Nestus' Dream-112/backdrop/Nestus' Dream-112-layer1.png	112	layer	518	12515
Maps/Nestus' Dream/Nestus' Dream-113/backdrop/Nestus' Dream-113-cellsheet0.png	113	cellsheet	37177	37177
Maps/Nestus' Dream/Nestus' Dream-113/backdrop/Nestus' Dream-113-layer1.png	113	layer	518	12515
Maps/Overworld 0,0 with Lake Shrine Entrance/Overworld 0,0 with Lake Shrine Entrance-479/backdrop/Overworld 0,0 with Lake Shrine Entrance-479-layer0.png	479	layer	39388	39388
Maps/Overworld/Overworld 0,1-2/backdrop/Overworld 0,1-2-layer0.png	2	layer	39434	39434
Maps/Overworld/Overworld 0,2-3/backdrop/Overworld 0,2-3-layer0.png	3	layer	39388	39388
Maps/Overworld/Overworld 0,3-4/backdrop/Overworld 0,3-4-layer0.png	4	layer	39388	39388
Maps/Overworld/Overworld 1,0-5/backdrop/Overworld 1,0-5-layer0.png	5	layer	39388	39388
Maps/Overworld/Overworld 1,1-6/backdrop/Overworld 1,1-6-layer0.png	6	layer	39388	39388
Maps/Overworld/Overworld 1,2-7/backdrop/Overworld 1,2-7-layer0.png	7	layer	39388	39388
Maps/Overworld/Overworld 1,3-8/backdrop/Overworld 1,3-8-layer0.png	8	layer	39388	39388
Maps/Overworld/Overworld 2,0-9/backdrop/Overworld 2,0-9-layer0.png	9	layer	39388	39388
Maps/Overworld/Overworld 2,3-12/backdrop/Overworld 2,3-12-layer0.png	12	layer	39388	39388
Maps/Overworld/Overworld 3,1-14/backdrop/Overworld 3,1-14-layer0.png	14	layer	39388	39388
Maps/Overworld/Overworld 3,2-15/backdrop/Overworld 3,2-15-layer0.png	15	layer	39388	39388
Maps/Overworld/Overworld 3,3-16/backdrop/Overworld 3,3-16-layer0.png	16	layer	39388	39388
Maps/Overworld/Overworld 4,1-18/backdrop/Overworld 4,1-18-layer0.png	18	layer	14679	14679
Maps/Overworld/Overworld 4,2-19/backdrop/Overworld 4,2-19-layer0.png	19	layer	14679	14679
Maps/Save Room/Save Room (Coal Mine)-452/backdrop/Save Room (Coal Mine)-452-layer0.png	452	layer	44432	44432
Maps/Save Room/Save Room (Elenes Nightmare)-469/backdrop/Save Room (Elenes Nightmare)-469-cellsheet0.png	469	cellsheet	40627	40627
Maps/Save Room/Save Room (Giles Nightmare)-467/backdrop/Save Room (Giles Nightmare)-467-cellsheet0.png	467	cellsheet	36128	36128
Maps/Save Room/Save Room (Kline's Nightmare)-466/backdrop/Save Room (Kline's Nightmare)-466-cellsheet0.png	466	cellsheet	36128	36128
Maps/Save Room/Save Room (Lars Crypt)-453/backdrop/Save Room (Lars Crypt)-453-layer0.png	453	layer	94634	94634
Maps/Save Room/Save Room (Meia Dream)-468/backdrop/Save Room (Meia Dream)-468-cellsheet0.png	468	cellsheet	36128	36128
Maps/Save Room/Save Room (Nestus' Dream)-470/backdrop/Save Room (Nestus' Dream)-470-cellsheet0.png	470	cellsheet	37177	37177
Maps/Save Room/Save Room (Nestus' Dream)-470/backdrop/Save Room (Nestus' Dream)-470-layer1.png	470	layer	518	12515
Maps/Save Room/Save Room (Nightmare ...)-465/backdrop/Save Room (Nightmare ...)-465-cellsheet0.png	465	cellsheet	36128	36128
Maps/Surferboy Nightmare/Surferboy Nightmare (inner)-42/backdrop/Surferboy Nightmare (inner)-42-cellsheet0.png	42	cellsheet	40627	40627
Maps/Surferboy Nightmare/Surferboy Nightmare (outer)-41/backdrop/Surferboy Nightmare (outer)-41-cellsheet0.png	41	cellsheet	37177	37177
Maps/Surferboy Nightmare/Surferboy Nightmare (outer)-41/backdrop/Surferboy Nightmare (outer)-41-layer1.png	41	layer	518	12515
Maps/Surferboy Nightmare/Surferboy Nightmare (outer)-43/backdrop/Surferboy Nightmare (outer)-43-cellsheet0.png	43	cellsheet	40627	40627
Maps/Tarn's Manor/Tarn's Manor-114/backdrop/Tarn's Manor-114-cellsheet0.png	114	cellsheet	37177	37177
Maps/Tarn's Manor/Tarn's Manor-114/backdrop/Tarn's Manor-114-layer1.png	114	layer	518	12515
Maps/Test Map/Test Map-0/backdrop/Test Map-0-layer0.png	0	layer	44432	44432
Maps/The Klark/Ship Klark (beginning)-389/backdrop/Ship Klark (beginning)-389-layer0.png	389	layer	39388	39388
Maps/Unused Dream/Unused Dream (Boss) (Beta Surferboys Dream)_-47/backdrop/Unused Dream (Boss) (Beta Surferboys Dream)_-47-cellsheet0.png	47	cellsheet	36128	36128
Maps/Unused Dream/Unused Dream (outer) (Beta Surferboys Dream)_-46/backdrop/Unused Dream (outer) (Beta Surferboys Dream)_-46-layer0.png	46	layer	593	12508
Maps/Wendels Nightmare/Wendels Nightmare-44/backdrop/Wendels Nightmare-44-cellsheet0.png	44	cellsheet	37177	37177
Maps/Wendels Nightmare/Wendels Nightmare-44/backdrop/Wendels Nightmare-44-layer1.png	44	layer	518	12515
