map	slot	program	pc	distance_px	forceZ_16.16	model_passes_after_the_0x1B_pass	note	scope
1	B	2	219	178	65536	178		off
22	C	3	747	64	65536	64		off
27	C	41	1332	8	65536	8		off
28	C	14	729	32	65536	32		off
28	C	14	742	32	0		F=0 (never ends by force alone)	off
28	C	15	761	32	65536	32		off
28	C	15	774	32	0		F=0 (never ends by force alone)	off
28	C	16	793	32	65536	32		off
28	C	16	806	32	0		F=0 (never ends by force alone)	off
28	C	17	825	32	65536	32		off
28	C	17	838	32	0		F=0 (never ends by force alone)	off
28	C	18	857	32	65536	32		off
29	C	29	1014	40	65536	40		off
29	C	29	1023	40	0		F=0 (never ends by force alone)	off
30	C	1	922	16	65536	16		off
30	C	1	928	32	98304	22	non-divisible	off
30	C	1	934	32	131072	16		off
30	C	2	968	16	65536	16		off
30	C	2	974	32	98304	22	non-divisible	off
30	C	2	980	32	131072	16		off
30	C	3	1012	15	-65536	15		off
39	C	2	142	48	65536	48		off
44	C	16	1807	128	32768	256		off
47	C	4	442	96	-32768	192		off
52	C	27	1422	40	65536	40		off
52	C	27	1436	40	-65536	40		off
53	C	14	1217	32	-33024	64	non-divisible	off
54	C	1	1334	16	-33024	32	non-divisible	off
54	C	2	1354	16	32768	32		off
54	C	3	1390	32	-33024	64	non-divisible	off
54	C	4	1421	16	32768	32		off
54	C	25	1841	48	-33024	96	non-divisible	off
55	C	11	654	48	65536	48		off
57	C	8	515	48	65536	48		off
57	C	9	541	22	65536	22		off
58	C	5	288	48	65536	48		off
58	C	8	401	48	65536	48		off
59	C	16	961	64	32768	128		off
68	C	11	1131	14	-65536	14		off
68	C	12	1164	14	-65536	14		off
70	C	18	202	32	-131072	16		off
70	C	31	224	240	131072	120		off
72	C	18	325	32	65536	32		off
72	C	18	341	32	0		F=0 (never ends by force alone)	off
72	C	19	355	48	65536	48		off
72	C	19	361	48	-65536	48		off
72	C	22	395	48	65536	48		off
72	C	23	435	48	65536	48		off
72	C	24	475	48	65536	48		off
72	C	25	491	24	32768	48		off
72	C	25	497	24	-32768	48		off
74	C	17	610	34	65536	34		off
74	C	23	718	48	65536	48		off
86	C	11	515	80	131072	40		off
86	C	12	573	80	131072	40		off
86	C	13	625	80	131072	40		off
86	C	14	677	80	131072	40		off
86	C	15	729	80	131072	40		off
87	C	14	539	16	-65536	16		off
87	C	14	551	16	65536	16		off
87	C	15	571	16	65536	16		off
87	C	15	583	16	-65536	16		off
87	C	26	903	80	65536	80		off
87	C	47	1285	80	65536	80		off
88	C	52	983	96	131072	48		off
88	C	53	1037	96	131072	48		off
88	C	54	1085	96	131072	48		off
88	C	55	1133	96	131072	48		off
89	C	3	522	48			no force before	off
89	C	3	551	16	65536	16		off
89	C	3	557	48	131072	24		off
89	C	21	648	64			no force before	off
89	C	28	678	160	65536	160		off
89	C	28	689	160	-65536	160		off
90	C	1	524	32	-8192	256		off
91	C	2	189	32	65536	32		off
91	C	2	195	128	131072	64		off
93	C	1	181	216	65536	216		off
93	C	1	192	216	-65536	216		off
93	C	3	209	216	-65536	216		off
93	C	3	220	216	65536	216		off
93	C	14	585	32	-8192	256		off
95	B	1	54	144	65536	144		off
100	C	1	447	12			no force before	off
100	C	1	472	12			no force before	off
100	C	2	511	12			no force before	off
100	C	2	536	12			no force before	off
100	C	3	575	12			no force before	off
100	C	3	600	12			no force before	off
100	C	4	634	12			no force before	off
100	C	5	675	12			no force before	off
100	C	5	700	12			no force before	off
102	C	1	599	1			no force before	off
102	C	1	616	64	65536	64		off
102	C	1	658	1			no force before	off
102	C	1	675	32	65536	32		off
102	C	10	751	1			no force before	off
102	C	10	768	64	65536	64		off
102	C	10	810	1			no force before	off
102	C	10	827	32	65536	32		off
102	C	27	1386	32	65536	32		off
103	C	10	511	64	65536	64		off
103	C	10	520	64	0		F=0 (never ends by force alone)	off
103	C	11	537	64	65536	64		off
103	C	11	546	64	0		F=0 (never ends by force alone)	off
104	C	4	374	48	65536	48		off
105	C	1	489	64	65536	64		off
105	C	1	509	64	-131072	32		off
105	C	2	531	64	65536	64		off
105	C	2	551	64	-131072	32		off
105	C	4	604	80	8192	640		off
108	C	6	437	64	65536	64		off
108	C	6	449	64	0		F=0 (never ends by force alone)	off
108	C	8	469	64	65536	64		off
108	C	8	486	64	0		F=0 (never ends by force alone)	off
108	C	9	502	64	65536	64		off
108	C	9	516	64	0		F=0 (never ends by force alone)	off
114	C	1	155	32	65536	32		off
115	B	2	220	160	32768	320		off
120	C	9	167	160	65536	160		off
120	C	9	173	160	-65536	160		off
120	C	10	183	160	53248	197	non-divisible	off
120	C	10	189	160	-53248	197	non-divisible	off
120	C	11	199	160	36864	285	non-divisible	off
120	C	11	205	160	-24576	427	non-divisible	off
121	C	1	33	48	65536	48		off
121	C	2	69	48	65536	48		off
121	C	3	105	48	65536	48		off
121	C	4	141	48	65536	48		off
123	B	1	88	144	32768	288		off
125	C	21	706	32	262144	8		off
125	C	21	719	32	-262144	8		off
125	C	22	734	32	-262144	8		off
125	C	22	747	32	262144	8		off
126	C	27	1059	64	65536	64		off
126	C	27	1071	64	-65536	64		off
136	C	14	2527	32	32768	64		off
148	C	29	1363	32	65536	32		off
148	C	29	1369	16	131072	8		off
148	C	29	1389	16	-131072	8		off
152	C	23	1091	32	-65536	32		off
152	C	23	1097	16	-131072	8		off
152	C	23	1117	16	131072	8		off
152	C	24	1179	32	65536	32		off
152	C	24	1185	16	131072	8		off
152	C	24	1208	16	-131072	8		off
153	B	1	103	112	65536	112		off
154	C	23	1663	32	-65536	32		off
154	C	23	1669	16	-131072	8		off
154	C	23	1692	16	131072	8		off
156	C	1	135	512	262144	128		off
156	C	2	159	512	-262144	128		off
156	C	3	179	256	262144	64		off
156	C	4	203	256	-262144	64		off
260	C	5	747	32	32768	64		off
306	C	1	482	56	65536	56		off
306	C	10	611	56	65536	56		off
306	C	10	621	56	0		F=0 (never ends by force alone)	off
306	C	14	711	24	131072	12		off
306	C	14	717	24	-131072	12		off
306	C	15	727	24	131072	12		off
306	C	15	733	24	-131072	12		off
307	C	5	590	32	65536	32		off
309	B	1	138	172	32768	344		off
309	B	1	149	80	-32768	160		off
309	B	3	430	16	65536	16		off
309	C	14	769	64	32768	128		off
310	C	3	134	24	32768	48		off
324	B	2	132	96	32768	192		off
329	C	1	1114	512	-131072	256		off
329	C	2	1139	544	-131072	272		off
329	C	11	1238	96	65536	96		off
334	C	2	386	16	65536	16		off
339	C	21	717	64	65536	64		off
339	C	21	728	128	-65536	128		off
339	C	21	739	128	65536	128		off
340	C	16	1051	224	32768	448		off
340	C	17	1180	88	32768	176		off
340	C	18	1195	224	32768	448		off
340	C	19	1324	88	32768	176		off
341	C	25	1346	272	32768	544		off
343	C	26	1831	80	65536	80		off
343	C	26	1837	80	-65536	80		off
343	C	47	2335	64	65536	64		off
345	C	11	657	32	-32768	64		off
345	C	12	681	32	-32768	64		off
345	C	13	705	32	-32768	64		off
345	C	14	729	32	-32768	64		off
345	C	15	753	32	-32768	64		off
345	C	16	777	32	-32768	64		off
345	C	17	801	32	-32768	64		off
345	C	18	825	32	-32768	64		off
345	C	19	849	32	-32768	64		off
345	C	20	873	32	-32768	64		off
345	C	21	897	32	-32768	64		off
345	C	22	921	16	-32768	32		off
347	C	3	1049	32	-32768	64		off
347	C	4	1073	32	-32768	64		off
347	C	5	1097	32	-32768	64		off
347	C	6	1121	16	-32768	32		off
347	C	7	1145	32	-32768	64		off
347	C	8	1169	32	-32768	64		off
347	C	9	1193	32	-32768	64		off
347	C	10	1217	32	-32768	64		off
347	C	11	1241	32	-32768	64		off
347	C	12	1265	32	-32768	64		off
347	C	13	1289	32	-32768	64		off
347	C	14	1313	32	-32768	64		off
347	C	15	1337	32	-32768	64		off
347	C	16	1361	32	-32768	64		off
365	C	2	394	16	65536	16		off
367	C	1	116	240	-65536	240		off
382	C	7	587	64	65536	64		off
382	C	7	598	64	-65536	64		off
382	C	9	672	32	65536	32		off
385	C	7	351	32	65536	32		off
385	C	8	395	32	65536	32		off
385	C	9	439	32	65536	32		off
386	C	17	1017	64	65536	64		off
388	B	2	183	160	-65536	160		off
388	B	2	401	48	65536	48		off
388	B	2	475	32	131072	16		off
388	B	2	515	160	131072	80		off
422	C	19	2023	224	65536	224		off
422	C	22	2074	64	65536	64		off
422	C	22	2089	64	-524544	8	non-divisible	off
422	C	25	2178	160	-1048576	10		off
422	C	25	2187	144	-16384	576		off
426	C	23	1974	48	-65536	48		off
426	C	23	1980	48	65536	48		off
429	C	24	1026	24	65536	24		off
429	C	25	1042	8	65536	8		off
429	C	35	1058	40	65536	40		off
441	C	2	462	16	-65536	16		off
441	C	10	679	56	65536	56		off
441	C	10	689	56	0		F=0 (never ends by force alone)	off
442	C	16	906	16	65536	16		off
442	C	17	922	32	65536	32		off
443	C	3	449	64	65536	64		off
443	C	4	501	64	65536	64		off
443	C	13	786	64	65536	64		off
444	C	24	1110	32	32768	64		off
446	C	10	626	64	-131072	32		off
446	C	10	647	64	65536	64		off
446	C	11	670	64	-131072	32		off
446	C	11	691	64	65536	64		off
446	C	12	714	64	-131072	32		off
446	C	12	735	64	65536	64		off
446	C	13	758	64	-131072	32		off
446	C	13	779	64	65536	64		off
446	C	14	802	64	-131072	32		off
446	C	14	823	64	65536	64		off
446	C	15	846	64	-131072	32		off
446	C	15	867	64	65536	64		off
446	C	16	890	64	-131072	32		off
446	C	16	911	64	65536	64		off
448	C	34	915	32	65536	32		off
449	B	1	64	128	32768	256		off
449	B	1	69	16	32768	32		off
480	B	1	403	32	81920	26	non-divisible	off
480	B	1	409	48	147456	22	non-divisible	off
480	B	1	415	160	212992	50	non-divisible	off
480	C	2	766	96			no force before	off
480	C	2	783	32	0		F=0 (never ends by force alone)	off
480	C	2	789	32	212992	10	non-divisible	off
480	C	2	795	160	212992	50	non-divisible	off
