opcode	map	slot	program	pc	operands	distance_px	logic_entity_first_run	logic_entity_persisted	scope	labels
0x20	1	B	2	219	178,0	178	HERO	HERO	off-chain	mapevent1 zone(0,0,51,59)
0x20	22	C	3	747	64,0	64	REC2:ctrl	REC2:ctrl	off-chain	rec2 Plateforme flottante (grande)
0x20	27	C	41	1332	8,0	8	REC40:ctrl	REC40:ctrl	off-chain	rec40 Trappe d’escalier (grande)
0x20	28	C	14	729	32,0	32	REC13:ctrl	REC13:ctrl	off-chain	rec13 Trappe d’escalier (petite)
0x20	28	C	14	742	32,0	32	REC13:ctrl	REC13:ctrl	off-chain	rec13 Trappe d’escalier (petite)
0x20	28	C	15	761	32,0	32	REC14:ctrl	REC14:ctrl	off-chain	rec14 Trappe d’escalier (petite)
0x20	28	C	15	774	32,0	32	REC14:ctrl	REC14:ctrl	off-chain	rec14 Trappe d’escalier (petite)
0x20	28	C	16	793	32,0	32	REC15:ctrl	REC15:ctrl	off-chain	rec15 Trappe d’escalier (petite)
0x20	28	C	16	806	32,0	32	REC15:ctrl	REC15:ctrl	off-chain	rec15 Trappe d’escalier (petite)
0x20	28	C	17	825	32,0	32	REC16:ctrl	REC16:ctrl	off-chain	rec16 Trappe d’escalier (petite)
0x20	28	C	17	838	32,0	32	REC16:ctrl	REC16:ctrl	off-chain	rec16 Trappe d’escalier (petite)
0x20	28	C	18	857	32,0	32	REC17:ctrl	REC17:ctrl	off-chain	rec17 Trappe d’escalier (grande)
0x20	29	C	29	1014	40,0	40	REC28:ctrl	REC28:ctrl	off-chain	rec28 Plateforme flottante (petite)
0x20	29	C	29	1023	40,0	40	REC28:ctrl	REC28:ctrl	off-chain	rec28 Plateforme flottante (petite)
0x20	30	C	1	922	16,0	16	REC0:ctrl	REC0:ctrl	off-chain	rec0 Plateforme flottante (grande)
0x20	30	C	1	928	32,0	32	REC0:ctrl	REC0:ctrl	off-chain	rec0 Plateforme flottante (grande)
0x20	30	C	1	934	32,0	32	REC0:ctrl	REC0:ctrl	off-chain	rec0 Plateforme flottante (grande)
0x20	30	C	2	968	16,0	16	REC1:ctrl	REC1:ctrl	off-chain	rec1 Plateforme flottante (grande)
0x20	30	C	2	974	32,0	32	REC1:ctrl	REC1:ctrl	off-chain	rec1 Plateforme flottante (grande)
0x20	30	C	2	980	32,0	32	REC1:ctrl	REC1:ctrl	off-chain	rec1 Plateforme flottante (grande)
0x20	30	C	3	1012	15,0	15	REC2:ctrl	REC2:ctrl	off-chain	rec2 Plateforme flottante (grande)
0x20	39	C	2	142	48,0	48	REC2:ctrl	REC2:ctrl	off-chain	rec2 Grille de fer (petite)
0x20	44	C	16	1807	128,0	128	REC15:ctrl	REC15:ctrl	combat	rec15 Bloc transparent (1×1×2)
0x20	47	C	4	442	96,0	96	REC3:NOCTRL+grav	REC3:NOCTRL+grav	off-chain	rec3 Sara (femme du rêve)
0x20	52	C	27	1422	40,0	40	REC27:ctrl	REC27:ctrl	off-chain	rec27 Plateforme flottante (grande)
0x20	52	C	27	1436	40,0	40	REC27:ctrl	REC27:ctrl	off-chain	rec27 Plateforme flottante (grande)
0x20	53	C	14	1217	32,0	32	REC14:ctrl	REC14:ctrl	off-chain	rec14 Trappe d’escalier (grande)
0x20	54	C	1	1334	16,0	16	REC1:ctrl	REC1:ctrl	off-chain	rec1 Trappe d’escalier (grande)
0x20	54	C	2	1354	16,0	16	REC2:ctrl	REC2:ctrl	off-chain	rec2 Trappe d’escalier (grande)
0x20	54	C	3	1390	32,0	32	REC3:ctrl	REC3:ctrl	off-chain	rec3 Trappe d’escalier (grande)
0x20	54	C	4	1421	16,0	16	REC4:ctrl	REC4:ctrl	off-chain	rec4 Trappe d’escalier (grande)
0x20	54	C	25	1841	48,0	48	REC25:ctrl REC26:ctrl	REC25:ctrl REC26:ctrl	off-chain	rec25 Trappe d’escalier (grande); rec26 Trappe d’escalier (grande)
0x20	55	C	11	654	48,0	48	REC11:ctrl	REC11:ctrl	off-chain	rec11 Grille de fer (grande)
0x20	57	C	8	515	48,0	48	REC9:ctrl	REC9:ctrl	off-chain	rec9 Plateforme flottante (grande)
0x20	57	C	9	541	22,0	22	REC10:ctrl	REC10:ctrl	off-chain	rec10 Plateforme flottante (grande)
0x20	58	C	5	288	48,0	48	REC5:ctrl	REC5:ctrl	off-chain	rec5 Grille de fer (grande)
0x20	58	C	8	401	48,0	48	REC8:ctrl	REC8:ctrl	off-chain	rec8 Grille de fer (grande)
0x20	59	C	16	961	64,0	64	HERO REC18:ctrl	HERO REC18:ctrl	off-chain	rec18 Plateforme flottante fragile (grande)
0x20	68	C	11	1131	14,0	14	REC10:ctrl	REC10:ctrl	off-chain	rec10 Plateforme flottante (grande)
0x20	68	C	12	1164	14,0	14	REC11:ctrl REC12:ctrl REC13:ctrl	REC11:ctrl REC12:ctrl REC13:ctrl	off-chain	rec11 Plateforme flottante (grande); rec12 Plateforme flottante (grande)
0x20	70	C	18	202	32,0	32	REC17:ctrl	REC17:ctrl	off-chain	rec17 Plateforme flottante (grande)
0x20	70	C	31	224	240,0	240	REC30:ctrl	REC30:ctrl	off-chain	rec30 Plateforme flottante (grande)
0x20	72	C	18	325	32,0	32	REC17:ctrl	REC17:ctrl	off-chain	rec17 Trappe d’escalier (grande)
0x20	72	C	18	341	32,0	32	REC17:ctrl	REC17:ctrl	off-chain	rec17 Trappe d’escalier (grande)
0x20	72	C	19	355	48,0	48	REC18:ctrl REC19:ctrl REC20:ctrl	REC18:ctrl REC19:ctrl REC20:ctrl	off-chain	rec18 Boule de fer (petite); rec19 Boule de fer (petite)
0x20	72	C	19	361	48,0	48	REC18:ctrl REC19:ctrl REC20:ctrl	REC18:ctrl REC19:ctrl REC20:ctrl	off-chain	rec18 Boule de fer (petite); rec19 Boule de fer (petite)
0x20	72	C	22	395	48,0	48	REC21:ctrl	REC21:ctrl	off-chain	rec21 Boule de fer (grande)
0x20	72	C	23	435	48,0	48	REC22:ctrl	REC22:ctrl	off-chain	rec22 Boule de fer (grande)
0x20	72	C	24	475	48,0	48	REC23:ctrl	REC23:ctrl	off-chain	rec23 Boule de fer (grande)
0x20	72	C	25	491	24,0	24	REC24:ctrl	REC24:ctrl	off-chain	rec24 Boule de fer (grande)
0x20	72	C	25	497	24,0	24	REC24:ctrl	REC24:ctrl	off-chain	rec24 Boule de fer (grande)
0x20	74	C	17	610	34,0	34	REC16:ctrl	REC16:ctrl	off-chain	rec16 Plateforme flottante (grande)
0x20	74	C	23	718	48,0	48	REC22:ctrl	REC22:ctrl	off-chain	rec22 Trappe d’escalier (grande)
0x20	86	C	11	515	80,0	80	REC10:ctrl	REC10:ctrl	off-chain	rec10 Boule de fer (petite)
0x20	86	C	12	573	80,0	80	REC11:ctrl	REC11:ctrl	off-chain	rec11 Boule de fer (petite)
0x20	86	C	13	625	80,0	80	REC12:ctrl	REC12:ctrl	off-chain	rec12 Boule de fer (petite)
0x20	86	C	14	677	80,0	80	REC13:ctrl	REC13:ctrl	off-chain	rec13 Boule de fer (petite)
0x20	86	C	15	729	80,0	80	REC14:ctrl	REC14:ctrl	off-chain	rec14 Boule de fer (petite)
0x20	87	C	14	539	16,0	16	REC13:ctrl REC15:ctrl	REC13:ctrl REC15:ctrl	off-chain	rec13 Plateforme flottante (grande); rec15 Plateforme flottante (grande)
0x20	87	C	14	551	16,0	16	REC13:ctrl REC15:ctrl	REC13:ctrl REC15:ctrl	off-chain	rec13 Plateforme flottante (grande); rec15 Plateforme flottante (grande)
0x20	87	C	15	571	16,0	16	REC14:ctrl REC16:ctrl	REC14:ctrl REC16:ctrl	off-chain	rec14 Plateforme flottante (grande); rec16 Plateforme flottante (grande)
0x20	87	C	15	583	16,0	16	REC14:ctrl REC16:ctrl	REC14:ctrl REC16:ctrl	off-chain	rec14 Plateforme flottante (grande); rec16 Plateforme flottante (grande)
0x20	87	C	26	903	80,0	80	REC25:ctrl REC26:ctrl	REC25:ctrl REC26:ctrl	off-chain	rec25 Boule de fer (grande); rec26 Boule de fer (grande)
0x20	87	C	47	1285	80,0	80	REC46:ctrl	REC46:ctrl	off-chain	rec46 Boule de fer (grande)
0x20	88	C	52	983	96,0	96	REC51:ctrl	REC51:ctrl	off-chain	rec51 Boule de fer (grande)
0x20	88	C	53	1037	96,0	96	REC52:ctrl	REC52:ctrl	off-chain	rec52 Boule de fer (grande)
0x20	88	C	54	1085	96,0	96	REC53:ctrl	REC53:ctrl	off-chain	rec53 Boule de fer (grande)
0x20	88	C	55	1133	96,0	96	REC54:ctrl	REC54:ctrl	off-chain	rec54 Boule de fer (grande)
0x20	89	C	3	522	48,0	48	REC2:ctrl	REC2:ctrl	off-chain	rec2 Plateforme flottante (grande)
0x20	89	C	3	551	16,0	16	REC2:ctrl	REC2:ctrl	off-chain	rec2 Plateforme flottante (grande)
0x20	89	C	3	557	48,0	48	REC2:ctrl	REC2:ctrl	off-chain	rec2 Plateforme flottante (grande)
0x20	89	C	21	648	64,0	64	REC20:ctrl REC21:ctrl REC22:ctrl REC23:ctrl REC24:ctrl REC25:ctrl	REC20:ctrl REC21:ctrl REC22:ctrl REC23:ctrl REC24:ctrl REC25:ctrl	off-chain	rec20 Boule de fer (grande); rec21 Boule de fer (grande)
0x20	89	C	28	678	160,0	160	REC27:ctrl	REC27:ctrl	off-chain	rec27 Plateforme flottante (grande)
0x20	89	C	28	689	160,0	160	REC27:ctrl	REC27:ctrl	off-chain	rec27 Plateforme flottante (grande)
0x20	90	C	1	524	32,0	32	REC0:ctrl REC1:ctrl REC10:ctrl REC2:ctrl REC9:ctrl	REC0:ctrl REC1:ctrl REC10:ctrl REC2:ctrl REC9:ctrl	off-chain	rec0 Plateforme flottante (grande); rec1 Plateforme flottante (grande)
0x20	91	C	2	189	32,0	32	REC1:ctrl	REC1:ctrl	off-chain	rec1 Plateforme flottante (grande)
0x20	91	C	2	195	128,0	128	REC1:ctrl	REC1:ctrl	off-chain	rec1 Plateforme flottante (grande)
0x20	93	C	1	181	216,0	216	REC0:ctrl REC1:ctrl	REC0:ctrl REC1:ctrl	off-chain	rec0 Plateforme flottante (grande); rec1 Plateforme flottante (grande)
0x20	93	C	1	192	216,0	216	REC0:ctrl REC1:ctrl	REC0:ctrl REC1:ctrl	off-chain	rec0 Plateforme flottante (grande); rec1 Plateforme flottante (grande)
0x20	93	C	3	209	216,0	216	REC2:ctrl	REC2:ctrl	off-chain	rec2 Plateforme flottante (grande)
0x20	93	C	3	220	216,0	216	REC2:ctrl	REC2:ctrl	off-chain	rec2 Plateforme flottante (grande)
0x20	93	C	14	585	32,0	32	REC13:ctrl REC14:ctrl REC15:ctrl REC16:ctrl REC17:ctrl REC18:ctrl REC19:ctrl REC47:ctrl	REC13:ctrl REC14:ctrl REC15:ctrl REC16:ctrl REC17:ctrl REC18:ctrl REC19:ctrl REC47:ctrl	off-chain	rec13 Plateforme flottante (grande); rec14 Plateforme flottante (grande)
0x20	95	B	1	54	144,0	144	HERO REC0:ctrl	HERO REC0:ctrl	off-chain	mapevent0 zone(3,8,22,31)
0x20	100	C	1	447	12,0	12	REC0:ctrl	REC0:ctrl	off-chain	rec0 Bloc à pousser/attaquer
0x20	100	C	1	472	12,0	12	REC0:ctrl	REC0:ctrl	off-chain	rec0 Bloc à pousser/attaquer
0x20	100	C	2	511	12,0	12	REC1:ctrl	REC1:ctrl	off-chain	rec1 Bloc à pousser/attaquer
0x20	100	C	2	536	12,0	12	REC1:ctrl	REC1:ctrl	off-chain	rec1 Bloc à pousser/attaquer
0x20	100	C	3	575	12,0	12	REC2:ctrl	REC2:ctrl	off-chain	rec2 Bloc à pousser/attaquer
0x20	100	C	3	600	12,0	12	REC2:ctrl	REC2:ctrl	off-chain	rec2 Bloc à pousser/attaquer
0x20	100	C	4	634	12,0	12	REC3:ctrl	REC3:ctrl	off-chain	rec3 Bloc à pousser/attaquer
0x20	100	C	5	675	12,0	12	REC4:ctrl	REC4:ctrl	off-chain	rec4 Bloc à pousser/attaquer
0x20	100	C	5	700	12,0	12	REC4:ctrl	REC4:ctrl	off-chain	rec4 Bloc à pousser/attaquer
0x20	102	C	1	599	1,0	1	REC0:ctrl	REC0:ctrl	off-chain	rec0 Bloc à pousser/attaquer
0x20	102	C	1	616	64,0	64	REC0:ctrl	REC0:ctrl	off-chain	rec0 Bloc à pousser/attaquer
0x20	102	C	1	658	1,0	1	REC0:ctrl	REC0:ctrl	off-chain	rec0 Bloc à pousser/attaquer
0x20	102	C	1	675	32,0	32	REC0:ctrl	REC0:ctrl	off-chain	rec0 Bloc à pousser/attaquer
0x20	102	C	10	751	1,0	1	REC9:ctrl	REC9:ctrl	off-chain	rec9 Bloc à pousser/attaquer
0x20	102	C	10	768	64,0	64	REC9:ctrl	REC9:ctrl	off-chain	rec9 Bloc à pousser/attaquer
0x20	102	C	10	810	1,0	1	REC9:ctrl	REC9:ctrl	off-chain	rec9 Bloc à pousser/attaquer
0x20	102	C	10	827	32,0	32	REC9:ctrl	REC9:ctrl	off-chain	rec9 Bloc à pousser/attaquer
0x20	102	C	27	1386	32,0	32	REC26:ctrl	REC26:ctrl	off-chain	rec26 Plateforme flottante (grande)
0x20	103	C	10	511	64,0	64	REC11:ctrl REC9:ctrl	REC11:ctrl REC9:ctrl	off-chain	rec9 Boule de fer (grande); rec11 Boule de fer (grande)
0x20	103	C	10	520	64,0	64	REC11:ctrl REC9:ctrl	REC11:ctrl REC9:ctrl	off-chain	rec9 Boule de fer (grande); rec11 Boule de fer (grande)
0x20	103	C	11	537	64,0	64	REC10:ctrl	REC10:ctrl	off-chain	rec10 Boule de fer (grande)
0x20	103	C	11	546	64,0	64	REC10:ctrl	REC10:ctrl	off-chain	rec10 Boule de fer (grande)
0x20	104	C	4	374	48,0	48	REC3:ctrl	REC3:ctrl	off-chain	rec3 Plateforme flottante (petite)
0x20	105	C	1	489	64,0	64	REC0:ctrl	REC0:ctrl	off-chain	rec0 Boule de fer (grande)
0x20	105	C	1	509	64,0	64	REC0:ctrl	REC0:ctrl	off-chain	rec0 Boule de fer (grande)
0x20	105	C	2	531	64,0	64	REC1:ctrl	REC1:ctrl	off-chain	rec1 Boule de fer (grande)
0x20	105	C	2	551	64,0	64	REC1:ctrl	REC1:ctrl	off-chain	rec1 Boule de fer (grande)
0x20	105	C	4	604	80,0	80	REC3:ctrl REC4:ctrl REC5:ctrl REC6:ctrl REC7:ctrl REC8:ctrl	REC3:ctrl REC4:ctrl REC5:ctrl REC6:ctrl REC7:ctrl REC8:ctrl	off-chain	rec3 Plafond suspendu; rec4 Plafond suspendu
0x20	108	C	6	437	64,0	64	REC5:ctrl	REC5:ctrl	off-chain	rec5 Boule de fer (grande)
0x20	108	C	6	449	64,0	64	REC5:ctrl	REC5:ctrl	off-chain	rec5 Boule de fer (grande)
0x20	108	C	8	469	64,0	64	REC7:ctrl	REC7:ctrl	off-chain	rec7 Trappe d’escalier (grande)
0x20	108	C	8	486	64,0	64	REC7:ctrl	REC7:ctrl	off-chain	rec7 Trappe d’escalier (grande)
0x20	108	C	9	502	64,0	64	REC8:ctrl	REC8:ctrl	off-chain	rec8 Trappe d’escalier (grande)
0x20	108	C	9	516	64,0	64	REC8:ctrl	REC8:ctrl	off-chain	rec8 Trappe d’escalier (grande)
0x20	114	C	1	155	32,0	32	REC0:ctrl	REC0:ctrl	off-chain	rec0 Trappe d’escalier (grande)
0x20	115	B	2	220	160,0	160	HERO REC19:ctrl	HERO REC19:ctrl REC22:NOCTRL	combat	mapevent1 zone(0,34,21,57)
0x20	120	C	9	167	160,0	160	REC14:ctrl	REC14:ctrl	off-chain	rec14 Plateforme flottante (petite)
0x20	120	C	9	173	160,0	160	REC14:ctrl	REC14:ctrl	off-chain	rec14 Plateforme flottante (petite)
0x20	120	C	10	183	160,0	160	REC15:ctrl	REC15:ctrl	off-chain	rec15 Plateforme flottante (petite)
0x20	120	C	10	189	160,0	160	REC15:ctrl	REC15:ctrl	off-chain	rec15 Plateforme flottante (petite)
0x20	120	C	11	199	160,0	160	REC16:ctrl	REC16:ctrl	off-chain	rec16 Plateforme flottante (petite)
0x20	120	C	11	205	160,0	160	REC16:ctrl	REC16:ctrl	off-chain	rec16 Plateforme flottante (petite)
0x20	121	C	1	33	48,0	48	REC0:ctrl	REC0:ctrl	off-chain	rec0 Porte (grande)
0x20	121	C	2	69	48,0	48	REC1:ctrl	REC1:ctrl	off-chain	rec1 Porte (grande)
0x20	121	C	3	105	48,0	48	REC2:ctrl	REC2:ctrl	off-chain	rec2 Porte (grande)
0x20	121	C	4	141	48,0	48	REC3:ctrl	REC3:ctrl	off-chain	rec3 Porte (grande)
0x20	123	B	1	88	144,0	144	HERO REC9:ctrl	HERO REC7:ctrl+grav REC9:ctrl	off-chain	mapevent0 zone(32,15,51,59)
0x20	125	C	21	706	32,0	32	REC20:ctrl	REC20:ctrl	off-chain	rec20 Plateforme flottante (grande)
0x20	125	C	21	719	32,0	32	REC20:ctrl	REC20:ctrl	off-chain	rec20 Plateforme flottante (grande)
0x20	125	C	22	734	32,0	32	REC21:ctrl	REC21:ctrl	off-chain	rec21 Plateforme flottante (grande)
0x20	125	C	22	747	32,0	32	REC21:ctrl	REC21:ctrl	off-chain	rec21 Plateforme flottante (grande)
0x20	126	C	27	1059	64,0	64	REC26:ctrl	REC26:ctrl	off-chain	rec26 Boule de fer (grande)
0x20	126	C	27	1071	64,0	64	REC26:ctrl	REC26:ctrl	off-chain	rec26 Boule de fer (grande)
0x20	136	C	14	2527	32,0	32	REC15:ctrl+grav	REC15:ctrl+grav	off-chain	rec15 I89_Objet 089
0x20	148	C	29	1363	32,0	32	HERO REC28:ctrl	HERO REC28:ctrl	off-chain	rec28 Plateforme flottante (grande)
0x20	148	C	29	1369	16,0	16	HERO REC28:ctrl	HERO REC28:ctrl	off-chain	rec28 Plateforme flottante (grande)
0x20	148	C	29	1389	16,0	16	HERO REC28:ctrl	HERO REC28:ctrl	off-chain	rec28 Plateforme flottante (grande)
0x20	152	C	23	1091	32,0	32	HERO REC22:ctrl	HERO REC22:ctrl	off-chain	rec22 Plateforme flottante (grande)
0x20	152	C	23	1097	16,0	16	HERO REC22:ctrl	HERO REC22:ctrl	off-chain	rec22 Plateforme flottante (grande)
0x20	152	C	23	1117	16,0	16	HERO REC22:ctrl	HERO REC22:ctrl	off-chain	rec22 Plateforme flottante (grande)
0x20	152	C	24	1179	32,0	32	HERO REC23:ctrl	HERO REC23:ctrl	off-chain	rec23 Plateforme flottante (grande)
0x20	152	C	24	1185	16,0	16	HERO REC23:ctrl	HERO REC23:ctrl	off-chain	rec23 Plateforme flottante (grande)
0x20	152	C	24	1208	16,0	16	HERO REC23:ctrl	HERO REC23:ctrl	off-chain	rec23 Plateforme flottante (grande)
0x20	153	B	1	103	112,0	112	HERO REC1:ctrl	HERO REC0:ctrl+grav REC1:ctrl	off-chain	mapevent0 zone(0,0,51,59)
0x20	154	C	23	1663	32,0	32	HERO REC22:ctrl	HERO REC22:ctrl	off-chain	rec22 Plateforme flottante (grande)
0x20	154	C	23	1669	16,0	16	HERO REC22:ctrl	HERO REC22:ctrl	off-chain	rec22 Plateforme flottante (grande)
0x20	154	C	23	1692	16,0	16	HERO REC22:ctrl	HERO REC22:ctrl	off-chain	rec22 Plateforme flottante (grande)
0x20	156	C	1	135	0,2	512	REC0:ctrl	REC0:ctrl	off-chain	rec0 Plateforme flottante (grande)
0x20	156	C	2	159	0,2	512	REC1:ctrl	REC1:ctrl	off-chain	rec1 Plateforme flottante (grande)
0x20	156	C	3	179	0,1	256	REC2:ctrl	REC2:ctrl	off-chain	rec2 Plateforme flottante (grande)
0x20	156	C	4	203	0,1	256	REC3:ctrl	REC3:ctrl	off-chain	rec3 Plateforme flottante (grande)
0x20	260	C	5	747	32,0	32	REC16:ctrl+grav REC17:NOCTRL+grav	REC16:ctrl+grav REC17:NOCTRL+grav	off-chain	rec16 I76_Testament d’Anzes; rec17 I33_Armure brisée
0x20	306	C	1	482	56,0	56	REC0:ctrl	REC0:ctrl	off-chain	rec0 Plateforme flottante (petite)
0x20	306	C	10	611	56,0	56	REC9:ctrl	REC9:ctrl	off-chain	rec9 Plateforme flottante (petite)
0x20	306	C	10	621	56,0	56	REC9:ctrl	REC9:ctrl	off-chain	rec9 Plateforme flottante (petite)
0x20	306	C	14	711	24,0	24	REC13:ctrl	REC13:ctrl	off-chain	rec13 Plateforme flottante (petite)
0x20	306	C	14	717	24,0	24	REC13:ctrl	REC13:ctrl	off-chain	rec13 Plateforme flottante (petite)
0x20	306	C	15	727	24,0	24	REC14:ctrl	REC14:ctrl	off-chain	rec14 Plateforme flottante (petite)
0x20	306	C	15	733	24,0	24	REC14:ctrl	REC14:ctrl	off-chain	rec14 Plateforme flottante (petite)
0x20	307	C	5	590	32,0	32	REC4:ctrl REC5:ctrl	REC4:ctrl REC5:ctrl	off-chain	rec4 Trappe d’escalier (grande); rec5 Trappe d’escalier (grande)
0x20	309	B	1	138	172,0	172	HERO REC2:ctrl	HERO REC2:ctrl	off-chain	mapevent0 zone(1,5,20,33)
0x20	309	B	1	149	80,0	80	HERO REC2:ctrl	HERO REC2:ctrl	off-chain	mapevent0 zone(1,5,20,33)
0x20	309	B	3	430	16,0	16	HERO REC5:ctrl+grav REC9:ctrl	HERO REC5:ctrl+grav REC9:ctrl	off-chain	mapevent2 zone(26,34,51,59)
0x20	309	C	14	769	64,0	64	REC13:ctrl	REC13:ctrl	off-chain	rec13 Bloc transparent (1×1×2)
0x20	310	C	3	134	24,0	24	REC2:ctrl	REC2:ctrl	off-chain	rec2 Bloc transparent (1×1×2)
0x20	324	B	2	132	96,0	96	HERO REC2:ctrl	HERO REC2:ctrl	off-chain	mapevent1 zone(30,0,51,59)
0x20	329	C	1	1114	0,2	512	REC0:ctrl	REC0:ctrl	off-chain	rec0 Plateforme flottante (grande)
0x20	329	C	2	1139	32,2	544	REC1:ctrl REC2:ctrl REC3:ctrl	REC1:ctrl REC2:ctrl REC3:ctrl	off-chain	rec1 Plateforme flottante (grande); rec2 Plateforme flottante (grande)
0x20	329	C	11	1238	96,0	96	REC10:ctrl	REC10:ctrl	off-chain	rec10 Bloc transparent (1×1×2)
0x20	334	C	2	386	16,0	16	REC2:ctrl+grav	REC2:ctrl+grav	off-chain	rec2 I35_Bombe explosive
0x20	339	C	21	717	64,0	64	REC20:ctrl	REC20:ctrl	off-chain	rec20 Plateforme flottante (grande)
0x20	339	C	21	728	128,0	128	REC20:ctrl	REC20:ctrl	off-chain	rec20 Plateforme flottante (grande)
0x20	339	C	21	739	128,0	128	REC20:ctrl	REC20:ctrl	off-chain	rec20 Plateforme flottante (grande)
0x20	340	C	16	1051	224,0	224	REC15:ctrl	REC15:ctrl	off-chain	rec15 Bloc transparent (1×1×2)
0x20	340	C	17	1180	88,0	88	REC16:ctrl	REC16:ctrl	off-chain	rec16 Plateforme flottante (petite)
0x20	340	C	18	1195	224,0	224	REC17:ctrl	REC17:ctrl	off-chain	rec17 Bloc transparent (1×1×2)
0x20	340	C	19	1324	88,0	88	REC18:ctrl	REC18:ctrl	off-chain	rec18 Plateforme flottante (petite)
0x20	341	C	25	1346	16,1	272	REC24:ctrl	REC24:ctrl	off-chain	rec24 Bloc transparent (1×1×2)
0x20	343	C	26	1831	80,0	80	REC25:ctrl	REC25:ctrl	off-chain	rec25 Boule de fer (grande)
0x20	343	C	26	1837	80,0	80	REC25:ctrl	REC25:ctrl	off-chain	rec25 Boule de fer (grande)
0x20	343	C	47	2335	64,0	64	REC46:ctrl	REC46:ctrl	off-chain	rec46 Boule de fer (grande)
0x20	345	C	11	657	32,0	32	REC10:ctrl	REC10:ctrl	off-chain	rec10 Interrupteur (piétiner) ← à utiliser !
0x20	345	C	12	681	32,0	32	REC11:ctrl	REC11:ctrl	off-chain	rec11 Interrupteur (piétiner) ← à utiliser !
0x20	345	C	13	705	32,0	32	REC12:ctrl	REC12:ctrl	off-chain	rec12 Interrupteur (piétiner) ← à utiliser !
0x20	345	C	14	729	32,0	32	REC13:ctrl	REC13:ctrl	off-chain	rec13 Interrupteur (piétiner) ← à utiliser !
0x20	345	C	15	753	32,0	32	REC14:ctrl	REC14:ctrl	off-chain	rec14 Interrupteur (piétiner) ← à utiliser !
0x20	345	C	16	777	32,0	32	REC15:ctrl	REC15:ctrl	off-chain	rec15 Interrupteur (piétiner) ← à utiliser !
0x20	345	C	17	801	32,0	32	REC16:ctrl	REC16:ctrl	off-chain	rec16 Interrupteur (piétiner) ← à utiliser !
0x20	345	C	18	825	32,0	32	REC17:ctrl	REC17:ctrl	off-chain	rec17 Interrupteur (piétiner) ← à utiliser !
0x20	345	C	19	849	32,0	32	REC18:ctrl	REC18:ctrl	off-chain	rec18 Interrupteur (piétiner) ← à utiliser !
0x20	345	C	20	873	32,0	32	REC19:ctrl	REC19:ctrl	off-chain	rec19 Interrupteur (piétiner) ← à utiliser !
0x20	345	C	21	897	32,0	32	REC20:ctrl	REC20:ctrl	off-chain	rec20 Interrupteur (piétiner) ← à utiliser !
0x20	345	C	22	921	16,0	16	REC21:ctrl	REC21:ctrl	off-chain	rec21 Interrupteur (piétiner) ← à utiliser !
0x20	347	C	3	1049	32,0	32	REC2:ctrl	REC2:ctrl	off-chain	rec2 Interrupteur (piétiner) ← à utiliser !
0x20	347	C	4	1073	32,0	32	REC3:ctrl	REC3:ctrl	off-chain	rec3 Interrupteur (piétiner) ← à utiliser !
0x20	347	C	5	1097	32,0	32	REC4:ctrl	REC4:ctrl	off-chain	rec4 Interrupteur (piétiner) ← à utiliser !
0x20	347	C	6	1121	16,0	16	REC5:ctrl	REC5:ctrl	off-chain	rec5 Interrupteur (piétiner) ← à utiliser !
0x20	347	C	7	1145	32,0	32	REC6:ctrl	REC6:ctrl	off-chain	rec6 Interrupteur (piétiner) ← à utiliser !
0x20	347	C	8	1169	32,0	32	REC7:ctrl	REC7:ctrl	off-chain	rec7 Interrupteur (piétiner) ← à utiliser !
0x20	347	C	9	1193	32,0	32	REC8:ctrl	REC8:ctrl	off-chain	rec8 Interrupteur (piétiner) ← à utiliser !
0x20	347	C	10	1217	32,0	32	REC9:ctrl	REC9:ctrl	off-chain	rec9 Interrupteur (piétiner) ← à utiliser !
0x20	347	C	11	1241	32,0	32	REC10:ctrl	REC10:ctrl	off-chain	rec10 Interrupteur (piétiner) ← à utiliser !
0x20	347	C	12	1265	32,0	32	REC11:ctrl	REC11:ctrl	off-chain	rec11 Interrupteur (piétiner) ← à utiliser !
0x20	347	C	13	1289	32,0	32	REC12:ctrl	REC12:ctrl	off-chain	rec12 Interrupteur (piétiner) ← à utiliser !
0x20	347	C	14	1313	32,0	32	REC13:ctrl	REC13:ctrl	off-chain	rec13 Interrupteur (piétiner) ← à utiliser !
0x20	347	C	15	1337	32,0	32	REC14:ctrl	REC14:ctrl	off-chain	rec14 Interrupteur (piétiner) ← à utiliser !
0x20	347	C	16	1361	32,0	32	REC15:ctrl	REC15:ctrl	off-chain	rec15 Interrupteur (piétiner) ← à utiliser !
0x20	365	C	2	394	16,0	16	REC2:ctrl+grav	REC2:ctrl+grav	off-chain	rec2 I35_Bombe explosive
0x20	367	C	1	116	240,0	240	REC0:ctrl	REC0:ctrl	off-chain	rec0 Bloc transparent (1×1×2)
0x20	382	C	7	587	64,0	64	REC6:ctrl	REC6:ctrl	off-chain	rec6 Boule de fer (grande)
0x20	382	C	7	598	64,0	64	REC6:ctrl	REC6:ctrl	off-chain	rec6 Boule de fer (grande)
0x20	382	C	9	672	32,0	32	REC8:ctrl	REC8:ctrl	off-chain	rec8 Trappe d’escalier (grande)
0x20	385	C	7	351	32,0	32	REC6:ctrl	REC6:ctrl	off-chain	rec6 Trappe d’escalier (grande)
0x20	385	C	8	395	32,0	32	REC7:ctrl	REC7:ctrl	off-chain	rec7 Trappe d’escalier (grande)
0x20	385	C	9	439	32,0	32	REC8:ctrl	REC8:ctrl	off-chain	rec8 Trappe d’escalier (grande)
0x20	386	C	17	1017	64,0	64	REC16:ctrl	REC16:ctrl	off-chain	rec16 Trappe d’escalier (grande)
0x20	388	B	2	183	160,0	160	HERO REC0:NOCTRL REC1:ctrl	HERO REC0:NOCTRL REC1:ctrl REC13:ctrl+grav REC14:ctrl+grav REC15:ctrl+grav REC16:ctrl+grav REC17:ctrl	off-chain	mapevent1 zone(0,0,51,59)
0x20	388	B	2	401	48,0	48	HERO REC0:NOCTRL REC1:ctrl	HERO REC0:NOCTRL REC1:ctrl	off-chain	mapevent1 zone(0,0,51,59)
0x20	388	B	2	475	32,0	32	HERO REC1:ctrl	HERO REC1:ctrl	off-chain	mapevent1 zone(0,0,51,59)
0x20	388	B	2	515	160,0	160	HERO REC1:ctrl	HERO REC1:ctrl	off-chain	mapevent1 zone(0,0,51,59)
0x20	422	C	19	2023	224,0	224	REC19:ctrl	REC19:ctrl	off-chain	rec19 Plateforme flottante (grande)
0x20	422	C	22	2074	64,0	64	REC22:ctrl REC28:ctrl	REC22:ctrl REC28:ctrl	off-chain	rec22 Trappe d’escalier (grande); rec28 Bloc transparent (1×1×2)
0x20	422	C	22	2089	64,0	64	REC22:ctrl REC28:ctrl	REC22:ctrl REC28:ctrl	off-chain	rec22 Trappe d’escalier (grande); rec28 Bloc transparent (1×1×2)
0x20	422	C	25	2178	160,0	160	REC25:ctrl REC26:ctrl+grav	REC25:ctrl REC26:ctrl+grav	off-chain	rec25 Plafond suspendu; rec26 Gros bloc transparent (6×10)
0x20	422	C	25	2187	144,0	144	REC25:ctrl REC26:ctrl+grav	REC25:ctrl REC26:ctrl+grav	off-chain	rec25 Plafond suspendu; rec26 Gros bloc transparent (6×10)
0x20	426	C	23	1974	48,0	48	REC23:ctrl	REC23:ctrl	off-chain	rec23 Plateforme flottante (grande)
0x20	426	C	23	1980	48,0	48	REC23:ctrl	REC23:ctrl	off-chain	rec23 Plateforme flottante (grande)
0x20	429	C	24	1026	24,0	24	REC23:ctrl REC25:ctrl	REC23:ctrl REC25:ctrl	off-chain	rec23 Plateforme flottante (petite); rec25 Plateforme flottante (petite)
0x20	429	C	25	1042	8,0	8	REC24:ctrl	REC24:ctrl	off-chain	rec24 Plateforme flottante (petite)
0x20	429	C	35	1058	40,0	40	REC34:ctrl	REC34:ctrl	off-chain	rec34 Plateforme flottante (petite)
0x20	441	C	2	462	16,0	16	REC1:ctrl	REC1:ctrl	off-chain	rec1 Plateforme flottante (petite)
0x20	441	C	10	679	56,0	56	REC9:ctrl	REC9:ctrl	off-chain	rec9 Plateforme flottante (petite)
0x20	441	C	10	689	56,0	56	REC9:ctrl	REC9:ctrl	off-chain	rec9 Plateforme flottante (petite)
0x20	442	C	16	906	16,0	16	REC25:ctrl+grav	REC25:ctrl+grav	off-chain	rec25 Mur à boule de fer (111)
0x20	442	C	17	922	32,0	32	REC26:ctrl+grav	REC26:ctrl+grav	off-chain	rec26 Mur à boule de fer (111)
0x20	443	C	3	449	64,0	64	REC3:ctrl	REC3:ctrl	off-chain	rec3 Grille de fer (grande)
0x20	443	C	4	501	64,0	64	REC4:ctrl	REC4:ctrl	off-chain	rec4 Grille de fer (grande)
0x20	443	C	13	786	64,0	64	REC13:ctrl REC14:ctrl REC15:ctrl	REC13:ctrl REC14:ctrl REC15:ctrl	off-chain	rec13 Grille de fer (grande); rec14 Grille de fer (grande)
0x20	444	C	24	1110	32,0	32	REC15:ctrl REC16:ctrl REC17:ctrl REC18:ctrl REC19:ctrl REC20:ctrl REC21:ctrl REC22:ctrl REC23:ctrl REC24:ctrl	REC15:ctrl REC16:ctrl REC17:ctrl REC18:ctrl REC19:ctrl REC20:ctrl REC21:ctrl REC22:ctrl REC23:ctrl REC24:ctrl	off-chain	rec24 Trappe d’escalier (grande)
0x20	446	C	10	626	64,0	64	REC10:ctrl	REC10:ctrl	off-chain	rec10 Grille de fer (grande)
0x20	446	C	10	647	64,0	64	REC10:ctrl	REC10:ctrl	off-chain	rec10 Grille de fer (grande)
0x20	446	C	11	670	64,0	64	REC11:ctrl	REC11:ctrl	off-chain	rec11 Grille de fer (grande)
0x20	446	C	11	691	64,0	64	REC11:ctrl	REC11:ctrl	off-chain	rec11 Grille de fer (grande)
0x20	446	C	12	714	64,0	64	REC12:ctrl	REC12:ctrl	off-chain	rec12 Grille de fer (grande)
0x20	446	C	12	735	64,0	64	REC12:ctrl	REC12:ctrl	off-chain	rec12 Grille de fer (grande)
0x20	446	C	13	758	64,0	64	REC13:ctrl	REC13:ctrl	off-chain	rec13 Grille de fer (grande)
0x20	446	C	13	779	64,0	64	REC13:ctrl	REC13:ctrl	off-chain	rec13 Grille de fer (grande)
0x20	446	C	14	802	64,0	64	REC14:ctrl	REC14:ctrl	off-chain	rec14 Grille de fer (grande)
0x20	446	C	14	823	64,0	64	REC14:ctrl	REC14:ctrl	off-chain	rec14 Grille de fer (grande)
0x20	446	C	15	846	64,0	64	REC15:ctrl	REC15:ctrl	off-chain	rec15 Grille de fer (grande)
0x20	446	C	15	867	64,0	64	REC15:ctrl	REC15:ctrl	off-chain	rec15 Grille de fer (grande)
0x20	446	C	16	890	64,0	64	REC16:ctrl	REC16:ctrl	off-chain	rec16 Grille de fer (grande)
0x20	446	C	16	911	64,0	64	REC16:ctrl	REC16:ctrl	off-chain	rec16 Grille de fer (grande)
0x20	448	C	34	915	32,0	32	REC34:ctrl	REC34:ctrl	off-chain	rec34 Trappe d’escalier (grande)
0x20	449	B	1	64	128,0	128	HERO REC2:ctrl	HERO REC2:ctrl	off-chain	mapevent0 zone(0,0,51,59)
0x20	449	B	1	69	16,0	16	HERO REC2:ctrl	HERO REC2:ctrl	off-chain	mapevent0 zone(0,0,51,59)
0x20	480	B	1	403	32,0	32	HERO	HERO	off-chain	mapevent0 zone(0,0,51,59)
0x20	480	B	1	409	48,0	48	HERO	HERO	off-chain	mapevent0 zone(0,0,51,59)
0x20	480	B	1	415	160,0	160	HERO	HERO	off-chain	mapevent0 zone(0,0,51,59)
0x20	480	C	2	766	96,0	96	REC1:ctrl	REC1:ctrl	off-chain	rec1 ◆Dragon
0x20	480	C	2	783	32,0	32	REC1:ctrl	REC1:ctrl	off-chain	rec1 ◆Dragon
0x20	480	C	2	789	32,0	32	REC1:ctrl	REC1:ctrl	off-chain	rec1 ◆Dragon
0x20	480	C	2	795	160,0	160	REC1:ctrl	REC1:ctrl	off-chain	rec1 ◆Dragon
0x22	36	C	4	491			HERO REC3:ctrl	HERO REC3:ctrl	off-chain	rec3 Plateforme flottante (grande)
0x22	89	C	21	663			REC20:ctrl REC21:ctrl REC22:ctrl REC23:ctrl REC24:ctrl REC25:ctrl	REC20:ctrl REC21:ctrl REC22:ctrl REC23:ctrl REC24:ctrl REC25:ctrl	off-chain	rec20 Boule de fer (grande); rec21 Boule de fer (grande)
0x22	115	B	2	367			HERO REC19:ctrl REC22:NOCTRL	HERO REC19:ctrl REC22:NOCTRL	combat	mapevent1 zone(0,34,21,57)
0x22	127	C	5	280			REC6:ctrl	REC6:ctrl	off-chain	rec6 Boule de fer (petite)
0x22	127	C	6	316			REC7:ctrl	REC7:ctrl	off-chain	rec7 Boule de fer (petite)
0x22	127	C	7	352			REC8:ctrl	REC8:ctrl	off-chain	rec8 Boule de fer (petite)
0x22	127	C	8	388			REC9:ctrl	REC9:ctrl	off-chain	rec9 Boule de fer (petite)
0x22	127	C	10	424			REC12:ctrl	REC12:ctrl	off-chain	rec12 Boule de fer (petite)
0x22	127	C	11	460			REC11:ctrl	REC11:ctrl	off-chain	rec11 Boule de fer (petite)
0x22	127	C	12	496			REC13:ctrl	REC13:ctrl	off-chain	rec13 Boule de fer (petite)
0x22	127	C	13	532			REC14:ctrl	REC14:ctrl	off-chain	rec14 Boule de fer (petite)
0x22	127	C	14	568			REC15:ctrl	REC15:ctrl	off-chain	rec15 Boule de fer (petite)
0x22	127	C	15	604			REC16:ctrl	REC16:ctrl	off-chain	rec16 Boule de fer (petite)
0x22	127	C	16	640			REC17:ctrl	REC17:ctrl	off-chain	rec17 Boule de fer (petite)
0x22	127	C	17	676			REC18:ctrl	REC18:ctrl	off-chain	rec18 Boule de fer (petite)
0x22	363	C	4	454			REC0:ctrl	REC0:ctrl	off-chain	rec0 Grille de fer (grande)
0x23	36	C	14	1252			REC42:ctrl REC43:ctrl REC44:ctrl REC45:ctrl REC46:ctrl REC47:ctrl REC48:ctrl REC49:ctrl REC50:ctrl REC51:ctrl REC52:ctrl REC53:ctrl	REC42:ctrl REC43:ctrl REC44:ctrl REC45:ctrl REC46:ctrl REC47:ctrl REC48:ctrl REC49:ctrl REC50:ctrl REC51:ctrl REC52:ctrl REC53:ctrl	off-chain	rec42 Plafond suspendu; rec43 Plafond suspendu
