etc_index	etc_hex	name	width	name_x	bank_has_portrait
256	0x100	Beaumont	56	92	True
257	0x101	Thyea	33	103	False
258	0x102	Talis	28	106	False
259	0x103	Yustel	33	103	True
260	0x104	Jess	21	109	True
261	0x105	Ronan	37	101	True
262	0x106	Sybill	32	104	True
263	0x107	Sierra	35	102	False
264	0x108	Olen	24	108	True
265	0x109	Lyman	39	100	True
266	0x10A	Jaylen	36	102	True
267	0x10B	Zane	27	106	True
268	0x10C	Septimus	51	94	True
269	0x10D	Nadia	33	103	True
270	0x10E	Myra	30	105	False
271	0x10F	Bonaire	43	98	True
272	0x110	Phineas	43	98	False
273	0x111	Kline	28	106	True
274	0x112	Giles	25	107	True
275	0x113	Kisha	30	105	False
276	0x114	Elene	29	105	False
277	0x115	Gustav	37	101	False
278	0x116	Bergus	37	101	False
279	0x117	Nestus	35	102	False
280	0x118	Meade	35	102	False
281	0x119	Rumi	31	104	False
282	0x11A	Wendell	44	98	False
283	0x11B	Yuri	25	107	False
284	0x11C	Naomi	36	102	False
285	0x11D	Nava	28	106	True
286	0x11E	Cephas	38	101	True
287	0x11F	Lutas	31	104	False
288	0x120	Fein	24	108	False
302	0x12E	Meia	27	106	True
331	0x14B	Elene	29	105	False
332	0x14C	Bonaire	43	98	False
333	0x14D	Myra	30	105	False
334	0x14E	Nadia	33	103	False
339	0x153	Sara	27	106	True
349	0x15D	Meia	27	106	True
354	0x162	Lurvy	33	103	False
366	0x16E	Jeal	22	109	False
372	0x174	Stenia	35	102	False
378	0x17A	Miming	44	98	True
379	0x17B	Bonaire	43	98	True
399	0x18F	Keysmith	49	95	False
400	0x190	Meia	27	106	True
411	0x19B	Uma	26	107	False
412	0x19C	Wilda	33	103	False
416	0x1A0	Kohei	29	105	False
417	0x1A1	Merrick	44	98	True
418	0x1A2	Melzas	39	100	True
426	0x1AA	Melzas	39	100	False
432	0x1B0	Vul	19	110	False
444	0x1BC	Lars	25	107	False
446	0x1BE	Ronan	37	101	False
493	0x1ED	Nirude	38	101	False
495	0x1EF	Nirude	38	101	False
506	0x1FA	Zazan	36	102	False
509	0x1FD	Zorgia	36	102	True
