bank	canonical_map	signature	expected_sprite_id	w	h	atlas_x	atlas_y	etc_index	name	name_width	name_x
0	10	61780823376641	0034fa33-3fe9-5697-bc28-a69c362e9d80	48	56	294	0	0x100	Beaumont	56	92
3	10	61780829669121	d2849bcc-5849-5e9b-b501-ace16721ed6a	48	56	392	0	0x103	Yustel	33	103
4	6	61778947473409	56f5809a-a47b-564e-b7f7-a66be1f98b04	48	56	49	0	0x104	Jess	21	109
5	10	61778956913409	b75d1157-2b15-57de-9ce8-284107e590dd	48	56	98	0	0x105	Ronan	37	101
6	162	61779886998272	131749d6-e478-5ac5-91a9-50c7d5dd8160	48	56	49	0	0x106	Sybill	32	104
8	185	61780152289284	6d799c59-b317-5e11-b509-9b348230597f	48	56	49	0	0x108	Olen	24	108
9	6	61780294369795	19844fc1-4eaf-5759-8863-39d9561f6b08	48	56	147	0	0x109	Lyman	39	100
10	6	61780297516035	11fe45b0-bf11-5cb2-8f16-be53cc0cd0c5	48	56	196	0	0x10a	Jaylen	36	102
11	6	61780291225091	1f24c04c-7fef-5b92-ba26-9e554dad9b6b	48	56	98	0	0x10b	Zane	27	106
12	10	61780826525185	27095be1-9756-5c02-b3fa-c3b0e23a57ef	48	56	343	0	0x10c	Septimus	51	94
13	162	61779893290496	293c93b1-a811-539a-b469-070dbf9b7e22	48	56	98	0	0x10d	Nadia	33	103
15	10	61779896438529	cb5544da-8df5-58e5-8a09-dec693ec1d53	48	56	245	0	0x10f	Bonaire	43	98
17	6	61778944329729	7a4104c4-c6cf-53d1-86ea-889bbf69e217	48	56	0	0	0x111	Kline	28	106
18	10	61778953769473	8ac11043-27d2-5a56-b5ea-4bb33c959899	48	56	49	0	0x112	Giles	25	107
29	144	61780290699264	4f9560fb-82d1-5959-bb9c-6ab3f0dc5774	48	56	58	0	0x11d	Nava	28	106
30	10	61779490640896	b46a07f1-9c28-5ca1-b6cd-e0a57be21eee	48	56	147	0	0x11e	Cephas	38	101
46	8	61779890144000	9089d675-e045-541c-9266-625d44e1d2de	48	56	0	0	0x12e	Meia	27	106
83	41	61781770242561	55200ff3-f0c1-5f3f-8fd2-c3491a173d9d	48	56	49	65	0x153	Sara	27	106
93	308	61782043394048	6e734794-cd3f-54db-bf7d-ea584d3e1224	48	56	0	0	0x15d	Meia	27	106
122	17	79371945118978	bf75c68e-424f-57c9-8f6a-535f33d769d7	48	72	147	81	0x17a	Miming	44	98
123	41	61781762908929	c76364e9-a088-503a-a8d0-0dd0926d0640	48	56	0	65	0x17b	Bonaire	43	98
144	14	61780420724739	37ef4276-e99b-59f9-a866-b5c8b6aced36	48	56	0	0	0x190	Meia	27	106
161	134	61778956910593	706de6dd-0896-52ae-9d1a-fb8301fe07a9	48	56	0	0	0x1a1	Merrick	44	98
162	327	79373961528835	009fb35f-d430-580b-8176-1320ba613900	48	72	195	312	0x1a2	Melzas	39	100
253	321	61778949046785	c60de559-cbd7-5afc-b883-14c685e0d437	48	56	287	209	0x1fd	Zorgia	36	102
