map	op	pc	class	reason
1	0x5C	548	B	program-has-0x43
10	0x0D	2555	B	program-has-0x43
10	0x0D	2647	B	program-has-0x43
10	0x0D	2668	B	program-has-0x43
10	0x0D	3959	owned	program-has-0x43
10	0x0D	6529	owned	program-has-0x43
10	0x0D	6537	owned	program-has-0x43
17	0x5C	1928	B	program-has-0x43
35	0x0D	140	B	program-has-0x43
35	0x0D	328	B	program-has-0x43
41	0x0D	316	B	program-has-0x43
41	0x5C	352	B	program-has-0x43
41	0x5C	369	B	program-has-0x43
41	0x5C	542	B	program-has-0x43
41	0x5C	562	B	program-has-0x43
41	0x5C	590	B	program-has-0x43
41	0x5C	656	B	program-has-0x43
41	0x5C	661	B	program-has-0x43
42	0x5C	176	B	program-has-0x43
42	0x5C	245	B	program-has-0x43
42	0x5C	263	B	program-has-0x43
42	0x5C	268	B	program-has-0x43
42	0x5C	291	B	program-has-0x43
51	0x5C	658	owned	program-has-0x43
52	0x0D	1511	owned	program-has-0x43
52	0x0D	1543	owned	program-has-0x43
53	0x0D	1005	owned	program-has-0x43
54	0x0D	884	B	program-has-0x43
54	0x5C	1262	B	program-has-0x43
54	0x0D	1668	owned	program-has-0x43
54	0x0D	1943	owned	program-has-0x43
54	0x0D	1951	owned	program-has-0x43
54	0x0D	1961	owned	program-has-0x43
54	0x0D	2220	owned	program-has-0x43
54	0x0D	2240	owned	owner-has-0x43-in-another-program
68	0x5C	330	B	program-has-0x43
68	0x5C	438	B	program-has-0x43
68	0x5C	564	B	program-has-0x43
78	0x0D	774	B	program-has-0x43
95	0x5C	355	B	program-has-0x43
115	0x5C	254	B	program-has-0x43
123	0x0D	146	B	program-has-0x43
134	0x0D	462	owned	program-has-0x43
134	0x0D	476	owned	program-has-0x43
134	0x0D	485	owned	program-has-0x43
134	0x0D	489	owned	program-has-0x43
134	0x0D	649	owned	program-has-0x43
134	0x0D	682	owned	program-has-0x43
134	0x0D	700	owned	program-has-0x43
134	0x0D	718	owned	program-has-0x43
134	0x0D	722	owned	program-has-0x43
134	0x0D	739	owned	program-has-0x43
134	0x0D	745	owned	program-has-0x43
134	0x0D	757	owned	program-has-0x43
134	0x0D	766	owned	program-has-0x43
134	0x0D	770	owned	program-has-0x43
134	0x0D	797	owned	program-has-0x43
134	0x0D	960	owned	program-has-0x43
134	0x0D	973	owned	program-has-0x43
135	0x5C	854	B	program-has-0x43
135	0x0D	1277	owned	program-has-0x43
135	0x0D	1318	owned	program-has-0x43
135	0x0D	1404	owned	program-has-0x43
135	0x0D	1410	owned	program-has-0x43
135	0x5C	1416	owned	program-has-0x43
135	0x0D	1429	owned	program-has-0x43
135	0x0D	1527	owned	program-has-0x43
135	0x0D	1559	owned	program-has-0x43
135	0x0D	1583	owned	program-has-0x43
135	0x0D	1589	owned	program-has-0x43
135	0x0D	1611	owned	program-has-0x43
135	0x0D	1663	owned	program-has-0x43
135	0x0D	1675	owned	program-has-0x43
135	0x0D	1689	owned	program-has-0x43
135	0x0D	1697	owned	program-has-0x43
135	0x0D	1714	owned	program-has-0x43
135	0x0D	1722	owned	program-has-0x43
135	0x0D	1754	owned	program-has-0x43
135	0x0D	1760	owned	program-has-0x43
135	0x0D	1764	owned	program-has-0x43
135	0x0D	1883	owned	program-has-0x43
135	0x0D	1887	owned	program-has-0x43
135	0x0D	1904	owned	program-has-0x43
135	0x0D	1940	owned	program-has-0x43
135	0x0D	1971	owned	program-has-0x43
135	0x0D	1995	owned	program-has-0x43
135	0x0D	2002	owned	program-has-0x43
135	0x0D	2019	owned	program-has-0x43
135	0x0D	2066	owned	program-has-0x43
135	0x0D	2084	owned	program-has-0x43
135	0x5C	2423	owned	program-has-0x43
136	0x0D	863	B	program-has-0x43
136	0x0D	1761	owned	program-has-0x43
136	0x0D	1767	owned	program-has-0x43
136	0x0D	1802	owned	program-has-0x43
136	0x0D	1824	owned	program-has-0x43
136	0x5C	1842	owned	program-has-0x43
136	0x0D	1864	owned	program-has-0x43
138	0x5C	266	B	program-has-0x43
138	0x5C	273	B	program-has-0x43
138	0x5C	280	B	program-has-0x43
138	0x5C	293	B	program-has-0x43
138	0x5C	300	B	program-has-0x43
138	0x5C	316	B	program-has-0x43
138	0x5C	331	B	program-has-0x43
138	0x5C	363	B	program-has-0x43
138	0x5C	383	B	program-has-0x43
138	0x5C	392	B	program-has-0x43
138	0x5C	408	B	program-has-0x43
138	0x5C	417	B	program-has-0x43
138	0x5C	425	B	program-has-0x43
138	0x5C	443	B	program-has-0x43
138	0x5C	453	B	program-has-0x43
138	0x5C	469	B	program-has-0x43
138	0x5C	483	B	program-has-0x43
138	0x5C	497	B	program-has-0x43
138	0x5C	503	B	program-has-0x43
138	0x5C	528	B	program-has-0x43
138	0x5C	571	B	program-has-0x43
138	0x5C	593	B	program-has-0x43
138	0x5C	607	B	program-has-0x43
138	0x0D	758	B	program-has-0x43
138	0x5C	780	B	program-has-0x43
140	0x0D	534	B	program-has-0x43
140	0x0D	584	B	program-has-0x43
140	0x0D	604	B	program-has-0x43
140	0x0D	660	B	program-has-0x43
140	0x0D	1393	B	program-has-0x43
140	0x0D	1436	B	program-has-0x43
140	0x0D	1468	B	program-has-0x43
140	0x0D	1544	B	program-has-0x43
143	0x0D	706	owned	program-has-0x43
143	0x0D	710	owned	program-has-0x43
143	0x0D	714	owned	program-has-0x43
143	0x0D	720	owned	program-has-0x43
143	0x0D	725	owned	program-has-0x43
143	0x0D	730	owned	program-has-0x43
143	0x5C	936	owned	program-has-0x43
143	0x5C	947	owned	program-has-0x43
143	0x5C	957	owned	program-has-0x43
143	0x5C	986	owned	program-has-0x43
143	0x5C	1015	owned	program-has-0x43
143	0x5C	1044	owned	program-has-0x43
143	0x5C	1073	owned	program-has-0x43
143	0x5C	1102	owned	program-has-0x43
143	0x5C	1131	owned	program-has-0x43
143	0x5C	1160	owned	program-has-0x43
143	0x5C	1220	owned	program-has-0x43
143	0x5C	1231	owned	program-has-0x43
143	0x5C	1241	owned	program-has-0x43
143	0x5C	1270	owned	program-has-0x43
143	0x5C	1299	owned	program-has-0x43
143	0x5C	1328	owned	program-has-0x43
143	0x5C	1357	owned	program-has-0x43
143	0x5C	1386	owned	program-has-0x43
143	0x5C	1415	owned	program-has-0x43
143	0x5C	1444	owned	program-has-0x43
143	0x5C	1504	owned	program-has-0x43
143	0x5C	1515	owned	program-has-0x43
143	0x5C	1525	owned	program-has-0x43
143	0x5C	1554	owned	program-has-0x43
143	0x5C	1583	owned	program-has-0x43
143	0x5C	1612	owned	program-has-0x43
143	0x5C	1641	owned	program-has-0x43
143	0x5C	1670	owned	program-has-0x43
143	0x5C	1699	owned	program-has-0x43
143	0x5C	1728	owned	program-has-0x43
143	0x5C	1788	owned	program-has-0x43
143	0x5C	1799	owned	program-has-0x43
143	0x5C	1809	owned	program-has-0x43
143	0x5C	1838	owned	program-has-0x43
143	0x5C	1867	owned	program-has-0x43
143	0x5C	1896	owned	program-has-0x43
143	0x5C	1925	owned	program-has-0x43
143	0x5C	1954	owned	program-has-0x43
143	0x5C	1983	owned	program-has-0x43
143	0x5C	2012	owned	program-has-0x43
143	0x0D	2066	owned	owner-has-0x43-in-another-program
143	0x0D	2072	owned	owner-has-0x43-in-another-program
147	0x5C	684	owned	program-has-0x43
147	0x5C	695	owned	program-has-0x43
147	0x0D	1082	owned	program-has-0x43
153	0x5C	109	B	program-has-0x43
153	0x5C	467	B	program-has-0x43
154	0x5C	582	B	program-has-0x43
154	0x0D	660	B	program-has-0x43
154	0x5C	728	B	program-has-0x43
154	0x5C	776	B	program-has-0x43
154	0x5C	843	B	program-has-0x43
154	0x5C	874	B	program-has-0x43
158	0x0D	702	owned	program-has-0x43
162	0x0D	592	B	program-has-0x43
163	0x0D	117	B	program-has-0x43
163	0x0D	123	B	program-has-0x43
163	0x0D	129	B	program-has-0x43
163	0x0D	163	B	program-has-0x43
163	0x0D	169	B	program-has-0x43
176	0x5C	509	B	program-has-0x43
179	0x5C	134	B	program-has-0x43
179	0x5C	139	B	program-has-0x43
179	0x5C	144	B	program-has-0x43
179	0x5C	149	B	program-has-0x43
179	0x5C	159	B	program-has-0x43
179	0x5C	178	B	program-has-0x43
179	0x5C	233	B	program-has-0x43
179	0x5C	238	B	program-has-0x43
179	0x5C	260	B	program-has-0x43
179	0x5C	275	B	program-has-0x43
179	0x5C	299	B	program-has-0x43
179	0x5C	369	B	program-has-0x43
179	0x5C	374	B	program-has-0x43
179	0x5C	379	B	program-has-0x43
179	0x5C	384	B	program-has-0x43
179	0x5C	418	B	program-has-0x43
179	0x5C	425	B	program-has-0x43
179	0x5C	432	B	program-has-0x43
179	0x5C	437	B	program-has-0x43
179	0x5C	442	B	program-has-0x43
179	0x5C	494	B	program-has-0x43
186	0x0D	797	owned	program-has-0x43
186	0x0D	806	owned	program-has-0x43
205	0x5C	426	B	program-has-0x43
205	0x5C	495	B	program-has-0x43
205	0x5C	548	B	program-has-0x43
226	0x0D	343	B	program-has-0x43
226	0xC4	1132	owned	program-has-0x43
227	0x0D	158	B	program-has-0x43
228	0x0D	73	B	program-has-0x43
229	0x0D	125	B	program-has-0x43
229	0x0D	137	B	program-has-0x43
229	0x0D	146	B	program-has-0x43
229	0x0D	155	B	program-has-0x43
229	0x0D	164	B	program-has-0x43
229	0x0D	173	B	program-has-0x43
229	0x0D	186	B	program-has-0x43
229	0x0D	195	B	program-has-0x43
229	0x0D	204	B	program-has-0x43
229	0x0D	213	B	program-has-0x43
229	0x0D	222	B	program-has-0x43
229	0x0D	249	B	program-has-0x43
229	0x0D	266	B	program-has-0x43
229	0x0D	372	B	program-has-0x43
229	0x0D	430	B	program-has-0x43
229	0x0D	437	B	program-has-0x43
229	0x0D	463	B	program-has-0x43
231	0x0D	169	B	program-has-0x43
231	0x5C	178	B	program-has-0x43
237	0x0D	786	owned	program-has-0x43
237	0x0D	839	owned	program-has-0x43
240	0x0D	165	B	program-has-0x43
240	0x0D	174	B	program-has-0x43
240	0x0D	220	B	program-has-0x43
240	0x0D	227	B	program-has-0x43
240	0x0D	234	B	program-has-0x43
240	0x0D	241	B	program-has-0x43
240	0x0D	264	B	program-has-0x43
240	0x0D	478	owned	program-has-0x43
240	0x0D	491	owned	program-has-0x43
240	0x0D	510	owned	program-has-0x43
240	0x0D	514	owned	program-has-0x43
241	0x5C	640	owned	program-has-0x43
241	0x5C	647	owned	program-has-0x43
241	0x5C	711	owned	program-has-0x43
242	0x0D	98	B	program-has-0x43
248	0x0D	199	B	program-has-0x43
248	0x0D	241	B	program-has-0x43
248	0x0D	250	B	program-has-0x43
248	0x0D	257	B	program-has-0x43
248	0x0D	264	B	program-has-0x43
248	0x0D	271	B	program-has-0x43
248	0x0D	278	B	program-has-0x43
248	0x0D	438	B	program-has-0x43
248	0x0D	444	B	program-has-0x43
249	0x0D	251	B	program-has-0x43
249	0x0D	272	B	program-has-0x43
249	0x0D	346	B	program-has-0x43
249	0x0D	353	B	program-has-0x43
249	0x0D	359	B	program-has-0x43
249	0x5C	436	B	program-has-0x43
258	0x5C	143	B	program-has-0x43
258	0x5C	161	B	program-has-0x43
258	0x5C	196	B	program-has-0x43
258	0x5C	201	B	program-has-0x43
258	0x5C	215	B	program-has-0x43
258	0x5C	220	B	program-has-0x43
258	0x5C	232	B	program-has-0x43
258	0x5C	271	B	program-has-0x43
258	0x5C	289	B	program-has-0x43
258	0x5C	324	B	program-has-0x43
258	0x5C	329	B	program-has-0x43
258	0x5C	343	B	program-has-0x43
258	0x5C	348	B	program-has-0x43
258	0x5C	360	B	program-has-0x43
258	0x5C	399	B	program-has-0x43
258	0x5C	417	B	program-has-0x43
258	0x5C	452	B	program-has-0x43
258	0x5C	457	B	program-has-0x43
258	0x5C	471	B	program-has-0x43
258	0x5C	476	B	program-has-0x43
258	0x5C	488	B	program-has-0x43
258	0x5C	527	B	program-has-0x43
258	0x5C	545	B	program-has-0x43
258	0x5C	580	B	program-has-0x43
258	0x5C	585	B	program-has-0x43
258	0x5C	599	B	program-has-0x43
258	0x5C	619	B	program-has-0x43
258	0x5C	1168	B	program-has-0x43
266	0x0D	651	owned	program-has-0x43
266	0x0D	675	owned	program-has-0x43
266	0x0D	699	owned	program-has-0x43
270	0x5C	83	owned	program-has-0x43
270	0x5C	101	owned	program-has-0x43
270	0x5C	120	owned	program-has-0x43
270	0x5C	125	owned	program-has-0x43
270	0x5C	133	owned	program-has-0x43
270	0x5C	182	B	program-has-0x43
270	0x5C	187	B	program-has-0x43
270	0x5C	215	B	program-has-0x43
270	0x5C	243	B	program-has-0x43
270	0x5C	251	B	program-has-0x43
270	0x5C	258	B	program-has-0x43
270	0x5C	281	B	program-has-0x43
270	0x5C	317	B	program-has-0x43
270	0x5C	330	B	program-has-0x43
270	0x5C	345	B	program-has-0x43
270	0x5C	353	B	program-has-0x43
270	0x0D	399	owned	program-has-0x43
270	0x5C	417	owned	program-has-0x43
272	0x0D	163	owned	program-has-0x43
274	0x0D	1387	owned	program-has-0x43
274	0x0D	1406	owned	program-has-0x43
274	0x0D	1444	owned	program-has-0x43
282	0x0D	631	B	program-has-0x43
292	0x0D	391	owned	program-has-0x43
292	0x5C	405	owned	program-has-0x43
308	0x5C	123	B	program-has-0x43
309	0x5C	374	B	program-has-0x43
309	0x5C	436	B	program-has-0x43
310	0x5C	101	B	program-has-0x43
324	0x5C	141	B	program-has-0x43
329	0x5C	292	B	program-has-0x43
329	0x5C	297	B	program-has-0x43
329	0x5C	302	B	program-has-0x43
331	0x0D	2555	B	program-has-0x43
331	0x0D	2647	B	program-has-0x43
331	0x0D	2668	B	program-has-0x43
331	0x0D	3959	owned	program-has-0x43
331	0x0D	6529	owned	program-has-0x43
331	0x0D	6537	owned	program-has-0x43
333	0x0D	118	B	program-has-0x43
333	0x0D	124	B	program-has-0x43
333	0x0D	130	B	program-has-0x43
333	0x0D	164	B	program-has-0x43
333	0x0D	170	B	program-has-0x43
386	0x0D	525	B	program-has-0x43
386	0x0D	556	B	program-has-0x43
388	0x0D	76	B	program-has-0x43
388	0x0D	145	B	program-has-0x43
388	0x0D	194	B	program-has-0x43
388	0x0D	217	B	program-has-0x43
388	0x0D	226	B	program-has-0x43
388	0x0D	429	B	program-has-0x43
388	0x0D	439	B	program-has-0x43
388	0x0D	451	B	program-has-0x43
388	0x0D	491	B	program-has-0x43
388	0x0D	644	B	program-has-0x43
388	0x0D	687	B	program-has-0x43
388	0x0D	730	B	program-has-0x43
388	0x0D	810	B	program-has-0x43
388	0x0D	883	B	program-has-0x43
388	0x0D	900	B	program-has-0x43
388	0x0D	909	B	program-has-0x43
388	0x0D	917	B	program-has-0x43
388	0x0D	932	B	program-has-0x43
388	0x0D	955	B	program-has-0x43
388	0x0D	1061	B	program-has-0x43
388	0x0D	1070	B	program-has-0x43
388	0x0D	1150	B	program-has-0x43
394	0x5C	466	owned	program-has-0x43
394	0x5C	480	owned	program-has-0x43
394	0x5C	488	owned	program-has-0x43
394	0x5C	502	owned	program-has-0x43
394	0x5C	516	owned	program-has-0x43
394	0x5C	525	owned	program-has-0x43
394	0x5C	577	owned	program-has-0x43
394	0x5C	587	owned	program-has-0x43
394	0x0D	746	owned	program-has-0x43
394	0x5C	1004	owned	program-has-0x43
394	0x5C	1019	owned	program-has-0x43
394	0x5C	1030	owned	program-has-0x43
394	0x5C	1129	owned	program-has-0x43
398	0x5C	129	B	program-has-0x43
398	0x5C	147	B	program-has-0x43
398	0x5C	182	B	program-has-0x43
398	0x5C	197	B	program-has-0x43
398	0x5C	212	B	program-has-0x43
398	0x5C	217	B	program-has-0x43
398	0x5C	231	B	program-has-0x43
398	0x5C	236	B	program-has-0x43
398	0x5C	248	B	program-has-0x43
398	0x5C	309	B	program-has-0x43
398	0x5C	327	B	program-has-0x43
398	0x5C	362	B	program-has-0x43
398	0x5C	377	B	program-has-0x43
398	0x5C	392	B	program-has-0x43
398	0x5C	397	B	program-has-0x43
398	0x5C	411	B	program-has-0x43
398	0x5C	416	B	program-has-0x43
398	0x5C	428	B	program-has-0x43
398	0x5C	489	B	program-has-0x43
398	0x5C	507	B	program-has-0x43
398	0x5C	542	B	program-has-0x43
398	0x5C	557	B	program-has-0x43
398	0x5C	572	B	program-has-0x43
398	0x5C	577	B	program-has-0x43
398	0x5C	591	B	program-has-0x43
398	0x5C	596	B	program-has-0x43
398	0x5C	608	B	program-has-0x43
398	0x5C	669	B	program-has-0x43
398	0x5C	687	B	program-has-0x43
398	0x5C	722	B	program-has-0x43
398	0x5C	737	B	program-has-0x43
398	0x5C	752	B	program-has-0x43
398	0x5C	757	B	program-has-0x43
398	0x5C	771	B	program-has-0x43
398	0x5C	776	B	program-has-0x43
398	0x5C	788	B	program-has-0x43
398	0x5C	864	B	program-has-0x43
398	0x5C	882	B	program-has-0x43
398	0x5C	917	B	program-has-0x43
398	0x5C	932	B	program-has-0x43
398	0x5C	947	B	program-has-0x43
398	0x5C	952	B	program-has-0x43
398	0x5C	966	B	program-has-0x43
398	0x5C	971	B	program-has-0x43
398	0x5C	987	B	program-has-0x43
398	0x5C	1003	B	program-has-0x43
398	0x5C	1084	B	program-has-0x43
398	0x5C	1102	B	program-has-0x43
398	0x5C	1137	B	program-has-0x43
398	0x5C	1152	B	program-has-0x43
398	0x5C	1167	B	program-has-0x43
398	0x5C	1172	B	program-has-0x43
398	0x5C	1189	B	program-has-0x43
398	0x5C	1207	B	program-has-0x43
398	0x5C	1215	B	program-has-0x43
398	0x5C	1292	B	program-has-0x43
398	0x5C	1310	B	program-has-0x43
398	0x5C	1345	B	program-has-0x43
398	0x5C	1360	B	program-has-0x43
398	0x5C	1375	B	program-has-0x43
398	0x5C	1380	B	program-has-0x43
398	0x5C	1394	B	program-has-0x43
398	0x5C	1399	B	program-has-0x43
398	0x5C	1411	B	program-has-0x43
398	0x0D	1700	owned	program-has-0x43
398	0x0D	1754	owned	program-has-0x43
398	0x0D	1792	owned	program-has-0x43
398	0x0D	1865	owned	program-has-0x43
398	0x0D	1877	owned	program-has-0x43
398	0x0D	1886	owned	program-has-0x43
398	0x0D	1901	owned	program-has-0x43
398	0x0D	2009	owned	program-has-0x43
398	0x0D	2017	owned	program-has-0x43
398	0x0D	2023	owned	program-has-0x43
398	0x0D	2041	owned	program-has-0x43
398	0x0D	2045	owned	program-has-0x43
398	0x0D	2121	owned	program-has-0x43
398	0x0D	2137	owned	program-has-0x43
398	0x0D	2166	owned	program-has-0x43
398	0x0D	2182	owned	program-has-0x43
398	0x0D	2201	owned	program-has-0x43
398	0x0D	2220	owned	program-has-0x43
398	0x0D	2231	owned	program-has-0x43
398	0x5C	2236	owned	program-has-0x43
398	0x0D	2245	owned	program-has-0x43
398	0x0D	2324	owned	program-has-0x43
398	0x5C	2338	owned	program-has-0x43
399	0x5C	391	B	program-has-0x43
423	0x0D	349	owned	program-has-0x43
423	0x0D	565	owned	program-has-0x43
426	0x5C	352	B	program-has-0x43
426	0x5C	407	B	program-has-0x43
426	0x5C	509	B	program-has-0x43
426	0x5C	571	B	program-has-0x43
432	0x5C	235	B	program-has-0x43
432	0x5C	267	B	program-has-0x43
432	0xC4	331	B	program-has-0x43
435	0x0D	147	B	program-has-0x43
435	0x5C	161	B	program-has-0x43
435	0x5C	171	B	program-has-0x43
435	0x5C	218	B	program-has-0x43
435	0x5C	371	B	program-has-0x43
436	0x0D	143	B	program-has-0x43
436	0x5C	157	B	program-has-0x43
436	0x5C	167	B	program-has-0x43
436	0x5C	214	B	program-has-0x43
436	0x5C	343	B	program-has-0x43
437	0x0D	143	B	program-has-0x43
437	0x5C	157	B	program-has-0x43
437	0x5C	167	B	program-has-0x43
437	0x5C	214	B	program-has-0x43
437	0x5C	355	B	program-has-0x43
438	0x0D	147	B	program-has-0x43
438	0x5C	163	B	program-has-0x43
438	0x5C	173	B	program-has-0x43
438	0x5C	217	B	program-has-0x43
438	0x5C	359	B	program-has-0x43
439	0x5C	1928	B	program-has-0x43
440	0x0D	869	owned	program-has-0x43
440	0x0D	904	owned	program-has-0x43
440	0x0D	947	owned	program-has-0x43
440	0x0D	985	owned	program-has-0x43
440	0x0D	1021	owned	program-has-0x43
440	0x0D	2307	owned	program-has-0x43
440	0x0D	2327	owned	program-has-0x43
440	0x0D	2342	owned	program-has-0x43
440	0x0D	2348	owned	program-has-0x43
440	0x0D	2369	owned	program-has-0x43
440	0x0D	2419	owned	program-has-0x43
440	0x0D	2428	owned	program-has-0x43
440	0x0D	2432	owned	program-has-0x43
440	0x0D	2453	owned	program-has-0x43
449	0x0D	95	B	program-has-0x43
449	0x5C	207	B	program-has-0x43
475	0x5C	145	B	program-has-0x43
475	0x5C	169	B	program-has-0x43
475	0x5C	228	B	program-has-0x43
475	0x5C	248	B	program-has-0x43
475	0x5C	266	B	program-has-0x43
475	0x5C	278	B	program-has-0x43
475	0x5C	373	B	program-has-0x43
475	0x5C	507	B	program-has-0x43
475	0x5C	514	B	program-has-0x43
476	0xC4	786	B	program-has-0x43
476	0x5C	810	B	program-has-0x43
476	0xC4	820	B	program-has-0x43
476	0x5C	832	B	program-has-0x43
476	0xC4	842	B	program-has-0x43
476	0x5C	854	B	program-has-0x43
476	0xC4	873	B	program-has-0x43
476	0x5C	974	B	program-has-0x43
482	0x5C	111	B	program-has-0x43
482	0x5C	131	B	program-has-0x43
482	0x5C	163	B	program-has-0x43
482	0x5C	171	B	program-has-0x43
482	0x5C	207	B	program-has-0x43
482	0x5C	230	B	program-has-0x43
482	0x5C	248	B	program-has-0x43
482	0x5C	274	B	program-has-0x43
482	0x5C	282	B	program-has-0x43
482	0x5C	288	B	program-has-0x43
482	0x5C	305	B	program-has-0x43
482	0x5C	331	B	program-has-0x43
482	0x5C	340	B	program-has-0x43
482	0x5C	366	B	program-has-0x43
482	0x5C	421	B	program-has-0x43
482	0x5C	442	B	program-has-0x43
482	0x5C	468	B	program-has-0x43
482	0x5C	490	B	program-has-0x43
482	0x5C	512	B	program-has-0x43
482	0x5C	541	B	program-has-0x43
482	0x5C	549	B	program-has-0x43
482	0x5C	571	B	program-has-0x43
482	0x5C	596	B	program-has-0x43
482	0x5C	605	B	program-has-0x43
482	0x5C	614	B	program-has-0x43
482	0x5C	623	B	program-has-0x43
482	0x5C	645	B	program-has-0x43
482	0x5C	667	B	program-has-0x43
482	0x5C	676	B	program-has-0x43
482	0x5C	686	B	program-has-0x43
482	0x5C	737	B	program-has-0x43
482	0x5C	747	B	program-has-0x43
