path	width	height	cells	opaque_px	stp_px
data/map_alundra_effectsheet.png	512	237	120	8083	38504
data/map_2_effectsheet.png	512	65	2	2678	0
data/map_7_effectsheet.png	512	65	11	3482	4700
data/map_8_effectsheet.png	512	25	4	1920	0
data/map_10_effectsheet.png	512	49	9	3813	2375
data/map_11_effectsheet.png	512	49	8	1920	2375
data/map_13_effectsheet.png	512	41	7	0	6768
data/map_14_effectsheet.png	512	65	4	5033	0
data/map_15_effectsheet.png	512	72	1	1380	0
data/map_16_effectsheet.png	512	80	2	3661	0
data/map_17_effectsheet.png	512	40	5	1545	0
data/map_21_effectsheet.png	512	138	50	3338	12362
data/map_22_effectsheet.png	512	138	50	3338	12362
data/map_25_effectsheet.png	512	435	59	10301	73388
data/map_41_effectsheet.png	512	33	2	360	192
data/map_42_effectsheet.png	512	33	2	360	192
data/map_75_effectsheet.png	512	33	4	1686	0
data/map_76_effectsheet.png	512	435	59	10301	71467
data/map_77_effectsheet.png	512	33	2	0	1901
data/map_78_effectsheet.png	512	33	2	0	1901
data/map_84_effectsheet.png	512	435	59	10301	71467
data/map_95_effectsheet.png	512	435	59	10301	73388
data/map_109_effectsheet.png	512	81	19	1324	10249
data/map_135_effectsheet.png	512	65	10	8164	0
data/map_147_effectsheet.png	512	72	8	354	3561
data/map_161_effectsheet.png	512	1105	35	0	100816
data/map_162_effectsheet.png	512	49	8	1920	2375
data/map_163_effectsheet.png	512	32	2	157	803
data/map_169_effectsheet.png	512	49	8	1920	2375
data/map_176_effectsheet.png	512	49	8	1920	2375
data/map_183_effectsheet.png	512	49	8	1920	2375
data/map_186_effectsheet.png	512	49	8	1920	2375
data/map_193_effectsheet.png	512	49	8	1920	2375
data/map_198_effectsheet.png	512	49	8	1920	2375
data/map_205_effectsheet.png	512	49	8	1920	2375
data/map_212_effectsheet.png	512	49	8	1920	2375
data/map_219_effectsheet.png	512	49	8	1920	2375
data/map_226_effectsheet.png	512	49	8	1920	2375
data/map_230_effectsheet.png	512	49	8	1920	2375
data/map_237_effectsheet.png	512	49	8	1920	2375
data/map_241_effectsheet.png	512	49	8	1920	2375
data/map_248_effectsheet.png	512	49	8	1920	2375
data/map_252_effectsheet.png	512	49	8	1920	2375
data/map_259_effectsheet.png	512	49	8	1920	2375
data/map_266_effectsheet.png	512	49	8	1920	2375
data/map_271_effectsheet.png	512	49	11	3216	2375
data/map_275_effectsheet.png	512	49	8	1920	2375
data/map_282_effectsheet.png	512	49	8	1920	2375
data/map_289_effectsheet.png	512	49	11	3216	2375
data/map_293_effectsheet.png	512	49	8	1920	2375
data/map_297_effectsheet.png	512	25	4	1920	0
data/map_301_effectsheet.png	512	25	4	1920	0
data/map_324_effectsheet.png	512	81	27	1302	9500
data/map_325_effectsheet.png	512	41	4	0	1922
data/map_327_effectsheet.png	512	120	33	0	15292
data/map_331_effectsheet.png	512	49	9	3813	2375
data/map_337_effectsheet.png	512	81	19	2500	9890
data/map_340_effectsheet.png	512	130	12	33759	0
data/map_347_effectsheet.png	512	120	30	0	14926
data/map_351_effectsheet.png	512	81	19	2500	9890
data/map_352_effectsheet.png	512	162	42	21534	12090
data/map_353_effectsheet.png	512	81	19	2500	9890
data/map_357_effectsheet.png	512	49	11	3216	2375
data/map_364_effectsheet.png	512	49	8	1920	2375
data/map_367_effectsheet.png	512	49	4	0	2375
data/map_371_effectsheet.png	512	49	8	1920	2375
data/map_378_effectsheet.png	512	473	52	67981	92016
data/map_391_effectsheet.png	512	161	6	32143	0
data/map_393_effectsheet.png	512	65	8	6953	0
data/map_396_effectsheet.png	512	187	21	1558	28599
data/map_411_effectsheet.png	512	435	59	10301	71467
data/map_415_effectsheet.png	512	120	30	0	14926
data/map_425_effectsheet.png	512	40	5	1545	0
data/map_432_effectsheet.png	512	435	59	10301	73388
data/map_433_effectsheet.png	512	81	6	16442	0
data/map_434_effectsheet.png	512	81	19	2500	9890
data/map_439_effectsheet.png	512	40	5	1545	0
data/map_440_effectsheet.png	512	57	1	2012	0
data/map_471_effectsheet.png	512	33	6	0	854
data/map_472_effectsheet.png	512	25	2	460	0
data/map_473_effectsheet.png	512	25	2	460	0
data/map_474_effectsheet.png	512	57	4	460	3982
data/map_475_effectsheet.png	512	66	23	116	16065
data/map_476_effectsheet.png	512	435	59	10301	73388
data/map_478_effectsheet.png	512	49	4	0	2375
data/map_480_effectsheet.png	512	442	24	2591	82724
data/map_481_effectsheet.png	512	25	3	1296	0
