path	changed_px	alpha_only_px	oddcol_added_px	oddcol_added_px_alpha128	portrait_added_px	portrait_records	exported_today
data/map_alundra_spritesheet.png	32732	32649	83	5	0	0	1
data/map_1_spritesheet.png	3	0	3	0	0	0	1
data/map_2_spritesheet.png	908	887	21	0	0	0	1
data/map_3_spritesheet.png	801	798	3	0	0	0	1
data/map_4_spritesheet.png	4394	4392	2	0	0	0	1
data/map_5_spritesheet.png	267	267	0	0	0	0	1
data/map_6_spritesheet.png	8705	0	7	0	8698	5	1
data/map_7_spritesheet.png	7601	7592	9	0	0	0	1
data/map_8_spritesheet.png	7472	3534	0	0	3938	2	1
data/map_9_spritesheet.png	19399	19397	2	0	0	0	1
data/map_10_spritesheet.png	14279	0	14	0	14265	9	1
data/map_11_spritesheet.png	1692	0	13	0	1679	1	0
data/map_12_spritesheet.png	11128	11126	2	0	0	0	1
data/map_13_spritesheet.png	13197	13194	3	0	0	0	1
data/map_14_spritesheet.png	12566	10328	2	0	2236	1	1
data/map_15_spritesheet.png	7	0	7	0	0	0	0
data/map_16_spritesheet.png	7	0	7	0	0	0	1
data/map_17_spritesheet.png	4890	2484	11	0	2395	1	1
data/map_18_spritesheet.png	1146	1146	0	0	0	0	1
data/map_19_spritesheet.png	1784	1784	0	0	0	0	1
data/map_21_spritesheet.png	6410	6410	0	0	0	0	1
data/map_22_spritesheet.png	12714	12713	1	0	0	0	1
data/map_23_spritesheet.png	524	524	0	0	0	0	1
data/map_24_spritesheet.png	8501	8500	1	0	0	0	0
data/map_25_spritesheet.png	5421	5395	26	4	0	0	1
data/map_26_spritesheet.png	1977	1977	0	0	0	0	1
data/map_27_spritesheet.png	1408	1403	5	0	0	0	1
data/map_28_spritesheet.png	879	879	0	0	0	0	1
data/map_29_spritesheet.png	1627	1622	5	0	0	0	1
data/map_30_spritesheet.png	1167	1162	5	0	0	0	0
data/map_31_spritesheet.png	1167	1162	5	0	0	0	0
data/map_32_spritesheet.png	884	879	5	0	0	0	0
data/map_33_spritesheet.png	889	879	10	0	0	0	0
data/map_34_spritesheet.png	5945	5919	26	4	0	0	0
data/map_35_spritesheet.png	3473	3468	5	0	0	0	0
data/map_36_spritesheet.png	3008	3008	0	0	0	0	1
data/map_37_spritesheet.png	524	524	0	0	0	0	1
data/map_38_spritesheet.png	3473	3468	5	0	0	0	1
data/map_39_spritesheet.png	2949	2944	5	0	0	0	1
data/map_40_spritesheet.png	7598	7592	6	0	0	0	1
data/map_41_spritesheet.png	18989	15429	1	0	3559	2	1
data/map_42_spritesheet.png	18989	15429	1	0	3559	2	1
data/map_43_spritesheet.png	7	0	7	0	0	0	0
data/map_44_spritesheet.png	23150	23147	3	0	0	0	1
data/map_47_spritesheet.png	8535	4971	5	0	3559	2	1
data/map_48_spritesheet.png	11151	8912	3	0	2236	1	1
data/map_49_spritesheet.png	11152	8912	4	0	2236	1	1
data/map_50_spritesheet.png	10101	10101	0	0	0	0	1
data/map_51_spritesheet.png	12551	10315	0	0	2236	1	0
data/map_52_spritesheet.png	12930	10694	0	0	2236	1	1
data/map_53_spritesheet.png	13384	8912	0	0	4472	2	0
data/map_54_spritesheet.png	7179	4943	0	0	2236	1	0
data/map_55_spritesheet.png	984	984	0	0	0	0	1
data/map_56_spritesheet.png	984	984	0	0	0	0	0
data/map_57_spritesheet.png	984	984	0	0	0	0	0
data/map_58_spritesheet.png	1258	1258	0	0	0	0	1
data/map_59_spritesheet.png	20407	20398	9	8	0	0	1
data/map_60_spritesheet.png	985	984	1	0	0	0	0
data/map_61_spritesheet.png	14120	12603	4	0	1513	1	1
data/map_62_spritesheet.png	9	0	9	0	0	0	0
data/map_63_spritesheet.png	9885	8390	1	0	1494	1	0
data/map_64_spritesheet.png	9298	7592	4	0	1702	1	0
data/map_66_spritesheet.png	8391	8390	1	0	0	0	0
data/map_67_spritesheet.png	8396	8390	6	0	0	0	1
data/map_68_spritesheet.png	9611	8116	1	0	1494	1	0
data/map_69_spritesheet.png	1325	1322	3	0	0	0	1
data/map_70_spritesheet.png	1330	1322	8	0	0	0	1
data/map_71_spritesheet.png	3	0	3	0	0	0	0
data/map_72_spritesheet.png	1333	1322	11	0	0	0	0
data/map_73_spritesheet.png	809	798	11	0	0	0	0
data/map_74_spritesheet.png	1330	1322	8	0	0	0	0
data/map_75_spritesheet.png	801	798	3	0	0	0	1
data/map_76_spritesheet.png	5569	5569	0	0	0	0	1
data/map_77_spritesheet.png	525	524	1	0	0	0	1
data/map_78_spritesheet.png	1366	1361	5	0	0	0	1
data/map_79_spritesheet.png	2748	2736	12	0	0	0	0
data/map_80_spritesheet.png	1391	1370	21	0	0	0	1
data/map_81_spritesheet.png	1324	1306	18	0	0	0	0
data/map_82_spritesheet.png	1851	1830	21	0	0	0	0
data/map_83_spritesheet.png	1395	1370	25	0	0	0	0
data/map_84_spritesheet.png	4837	4810	27	10	0	0	1
data/map_85_spritesheet.png	11806	11805	1	0	0	0	0
data/map_86_spritesheet.png	3456	3446	10	0	0	0	1
data/map_87_spritesheet.png	13569	13558	11	0	0	0	1
data/map_88_spritesheet.png	6329	6319	10	0	0	0	1
data/map_89_spritesheet.png	6472	6462	10	0	0	0	0
data/map_90_spritesheet.png	6319	6319	0	0	0	0	0
data/map_91_spritesheet.png	524	524	0	0	0	0	1
data/map_92_spritesheet.png	6789	6779	10	0	0	0	0
data/map_93_spritesheet.png	5674	5664	10	0	0	0	0
data/map_94_spritesheet.png	6255	6255	0	0	0	0	0
data/map_95_spritesheet.png	7790	7790	0	0	0	0	1
data/map_97_spritesheet.png	5	0	5	0	0	0	0
data/map_98_spritesheet.png	12266	12265	1	0	0	0	0
data/map_99_spritesheet.png	28919	28918	1	0	0	0	1
data/map_100_spritesheet.png	15645	15641	4	0	0	0	1
data/map_101_spritesheet.png	15655	15641	14	0	0	0	0
data/map_102_spritesheet.png	4747	4744	3	0	0	0	0
data/map_103_spritesheet.png	20064	20060	4	0	0	0	1
data/map_104_spritesheet.png	5403	5403	0	0	0	0	0
data/map_105_spritesheet.png	5478	5468	10	0	0	0	0
data/map_106_spritesheet.png	8728	8715	13	0	0	0	0
data/map_107_spritesheet.png	5	0	5	0	0	0	0
data/map_108_spritesheet.png	384	384	0	0	0	0	0
data/map_109_spritesheet.png	7164	7164	0	0	0	0	1
data/map_110_spritesheet.png	463	460	3	0	0	0	0
data/map_111_spritesheet.png	587	578	9	0	0	0	0
data/map_113_spritesheet.png	465	460	5	0	0	0	0
data/map_114_spritesheet.png	654	642	12	0	0	0	0
data/map_115_spritesheet.png	15624	15617	7	4	0	0	1
data/map_116_spritesheet.png	7593	7592	1	0	0	0	0
data/map_117_spritesheet.png	23738	23733	5	4	0	0	1
data/map_119_spritesheet.png	799	791	8	0	0	0	0
data/map_120_spritesheet.png	532	524	8	0	0	0	0
data/map_121_spritesheet.png	267	267	0	0	0	0	0
data/map_122_spritesheet.png	989	984	5	0	0	0	0
data/map_123_spritesheet.png	28919	28918	1	0	0	0	1
data/map_124_spritesheet.png	11806	11805	1	0	0	0	0
data/map_125_spritesheet.png	21777	21773	4	0	0	0	1
data/map_126_spritesheet.png	5613	5608	5	0	0	0	1
data/map_127_spritesheet.png	3839	3836	3	0	0	0	0
data/map_128_spritesheet.png	5552	5549	3	0	0	0	0
data/map_134_spritesheet.png	1793	0	16	0	1777	1	1
data/map_135_spritesheet.png	7178	0	0	0	7178	4	0
data/map_136_spritesheet.png	1605	0	0	0	1605	1	0
data/map_138_spritesheet.png	9427	0	12	0	9415	5	1
data/map_139_spritesheet.png	15003	15001	2	0	0	0	0
data/map_140_spritesheet.png	996	984	12	0	0	0	0
data/map_141_spritesheet.png	15066	15065	1	0	0	0	0
data/map_142_spritesheet.png	11806	11805	1	0	0	0	0
data/map_143_spritesheet.png	1	0	1	0	0	0	1
data/map_144_spritesheet.png	11691	7976	2	0	3713	2	1
data/map_145_spritesheet.png	1782	0	3	0	1779	1	0
data/map_146_spritesheet.png	11806	11805	1	0	0	0	0
data/map_147_spritesheet.png	8828	8828	0	0	0	0	1
data/map_148_spritesheet.png	654	642	12	0	0	0	1
data/map_149_spritesheet.png	527	524	3	0	0	0	0
data/map_150_spritesheet.png	527	524	3	0	0	0	0
data/map_151_spritesheet.png	654	642	12	0	0	0	0
data/map_152_spritesheet.png	987	984	3	0	0	0	0
data/map_153_spritesheet.png	4018	3974	44	3	0	0	1
data/map_154_spritesheet.png	654	642	12	0	0	0	0
data/map_155_spritesheet.png	130	118	12	0	0	0	0
data/map_156_spritesheet.png	524	524	0	0	0	0	0
data/map_158_spritesheet.png	3058	3038	20	0	0	0	0
data/map_159_spritesheet.png	2475	2470	5	0	0	0	1
data/map_160_spritesheet.png	2470	2470	0	0	0	0	1
data/map_162_spritesheet.png	5921	0	45	0	5876	3	1
data/map_163_spritesheet.png	1779	0	0	0	1779	1	0
data/map_164_spritesheet.png	5202	0	10	0	5192	3	0
data/map_165_spritesheet.png	1354	0	4	0	1350	1	0
data/map_166_spritesheet.png	6	0	6	0	0	1	1
data/map_167_spritesheet.png	1952	0	0	0	1952	1	1
data/map_168_spritesheet.png	2210	0	0	0	2210	1	0
data/map_170_spritesheet.png	1779	0	0	0	1779	1	0
data/map_171_spritesheet.png	5202	0	10	0	5192	3	0
data/map_172_spritesheet.png	1354	0	4	0	1350	1	0
data/map_173_spritesheet.png	6	0	6	0	0	1	0
data/map_174_spritesheet.png	1952	0	0	0	1952	1	0
data/map_175_spritesheet.png	3969	0	45	0	3924	2	0
data/map_176_spritesheet.png	7117	0	0	0	7117	4	0
data/map_177_spritesheet.png	1779	0	0	0	1779	1	0
data/map_178_spritesheet.png	5202	0	10	0	5192	3	0
data/map_179_spritesheet.png	2959	0	4	0	2955	2	0
data/map_180_spritesheet.png	6	0	6	0	0	1	0
data/map_181_spritesheet.png	1952	0	0	0	1952	1	0
data/map_182_spritesheet.png	1759	0	45	0	1714	1	0
data/map_183_spritesheet.png	6690	0	4	0	6686	5	0
data/map_184_spritesheet.png	1779	0	0	0	1779	1	0
data/map_185_spritesheet.png	8751	0	12	0	8739	5	1
data/map_186_spritesheet.png	3304	0	2	0	3302	2	0
data/map_187_spritesheet.png	1779	0	0	0	1779	1	0
data/map_188_spritesheet.png	5202	0	10	0	5192	3	0
data/map_189_spritesheet.png	2	0	2	0	0	0	0
data/map_190_spritesheet.png	6	0	6	0	0	1	0
data/map_192_spritesheet.png	3969	0	45	0	3924	2	0
data/map_194_spritesheet.png	1779	0	0	0	1779	1	0
data/map_195_spritesheet.png	3597	0	10	0	3587	2	0
data/map_196_spritesheet.png	5808	0	6	0	5802	4	0
data/map_197_spritesheet.png	3557	0	0	0	3557	2	0
data/map_198_spritesheet.png	2	0	2	0	0	0	0
data/map_199_spritesheet.png	1779	0	0	0	1779	1	0
data/map_200_spritesheet.png	5202	0	10	0	5192	3	0
data/map_201_spritesheet.png	1352	0	2	0	1350	1	0
data/map_202_spritesheet.png	6	0	6	0	0	1	0
data/map_204_spritesheet.png	3969	0	45	0	3924	2	0
data/map_205_spritesheet.png	1352	0	2	0	1350	1	0
data/map_206_spritesheet.png	1779	0	0	0	1779	1	0
data/map_207_spritesheet.png	5202	0	10	0	5192	3	0
data/map_208_spritesheet.png	2	0	2	0	0	0	0
data/map_209_spritesheet.png	6	0	6	0	0	1	0
data/map_211_spritesheet.png	3969	0	45	0	3924	2	0
data/map_212_spritesheet.png	2212	0	2	0	2210	1	0
data/map_213_spritesheet.png	1779	0	0	0	1779	1	0
data/map_214_spritesheet.png	1605	0	0	0	1605	1	0
data/map_215_spritesheet.png	2	0	2	0	0	0	0
data/map_216_spritesheet.png	6	0	6	0	0	1	0
data/map_217_spritesheet.png	7440	0	12	0	7428	4	0
data/map_218_spritesheet.png	1759	0	45	0	1714	1	0
data/map_219_spritesheet.png	2	0	2	0	0	0	0
data/map_220_spritesheet.png	1779	0	0	0	1779	1	0
data/map_221_spritesheet.png	5202	0	10	0	5192	3	0
data/map_222_spritesheet.png	1352	0	2	0	1350	1	0
data/map_223_spritesheet.png	6	0	6	0	0	1	0
data/map_224_spritesheet.png	2236	0	0	0	2236	1	0
data/map_225_spritesheet.png	3969	0	45	0	3924	2	0
data/map_226_spritesheet.png	13654	2574	13	0	11067	6	1
data/map_227_spritesheet.png	1779	0	0	0	1779	1	0
data/map_228_spritesheet.png	3513	0	0	0	3513	2	0
data/map_229_spritesheet.png	10315	2574	11	0	7730	4	0
data/map_230_spritesheet.png	2	0	2	0	0	0	0
data/map_231_spritesheet.png	1779	0	0	0	1779	1	0
data/map_232_spritesheet.png	5202	0	10	0	5192	3	0
data/map_233_spritesheet.png	1352	0	2	0	1350	1	0
data/map_234_spritesheet.png	6	0	6	0	0	1	0
data/map_235_spritesheet.png	2236	0	0	0	2236	1	0
data/map_236_spritesheet.png	3995	0	45	0	3950	2	0
data/map_237_spritesheet.png	4017	0	2	0	4015	2	0
data/map_239_spritesheet.png	1908	0	0	0	1908	1	0
data/map_240_spritesheet.png	4644	0	10	0	4634	3	0
data/map_241_spritesheet.png	1761	0	47	0	1714	1	0
data/map_242_spritesheet.png	3384	0	0	0	3384	2	0
data/map_243_spritesheet.png	3597	0	10	0	3587	2	0
data/map_244_spritesheet.png	2	0	2	0	0	0	0
data/map_245_spritesheet.png	6	0	6	0	0	1	0
data/map_246_spritesheet.png	2236	0	0	0	2236	1	0
data/map_247_spritesheet.png	1759	0	45	0	1714	1	0
data/map_248_spritesheet.png	1605	0	0	0	1605	1	0
data/map_249_spritesheet.png	3384	0	0	0	3384	2	0
data/map_252_spritesheet.png	2	0	2	0	0	0	0
data/map_253_spritesheet.png	1781	0	2	0	1779	1	0
data/map_254_spritesheet.png	5202	0	10	0	5192	3	0
data/map_255_spritesheet.png	1352	0	2	0	1350	1	0
data/map_256_spritesheet.png	6	0	6	0	0	1	0
data/map_259_spritesheet.png	2238	0	2	0	2236	1	0
data/map_260_spritesheet.png	5620	0	0	0	5620	3	0
data/map_261_spritesheet.png	7438	0	10	0	7428	4	0
data/map_262_spritesheet.png	1352	0	2	0	1350	1	0
data/map_263_spritesheet.png	6	0	6	0	0	1	0
data/map_265_spritesheet.png	2236	0	0	0	2236	1	0
data/map_266_spritesheet.png	1691	0	12	0	1679	1	0
data/map_268_spritesheet.png	1908	0	0	0	1908	1	0
data/map_269_spritesheet.png	1350	0	0	0	1350	1	0
data/map_270_spritesheet.png	5530	0	10	0	5520	3	0
data/map_271_spritesheet.png	3	0	3	0	0	0	0
data/map_272_spritesheet.png	1605	0	0	0	1605	1	0
data/map_273_spritesheet.png	1908	0	0	0	1908	1	0
data/map_274_spritesheet.png	9455	2574	11	0	6870	4	0
data/map_277_spritesheet.png	5202	0	10	0	5192	3	0
data/map_278_spritesheet.png	2240	0	4	0	2236	1	0
data/map_279_spritesheet.png	6	0	6	0	0	1	0
data/map_282_spritesheet.png	2236	0	0	0	2236	1	0
data/map_284_spritesheet.png	5202	0	10	0	5192	3	0
data/map_285_spritesheet.png	4	0	4	0	0	0	0
data/map_286_spritesheet.png	6	0	6	0	0	1	0
data/map_287_spritesheet.png	2236	0	0	0	2236	1	0
data/map_288_spritesheet.png	2236	0	0	0	2236	1	0
data/map_290_spritesheet.png	2236	0	0	0	2236	1	0
data/map_291_spritesheet.png	3513	0	0	0	3513	2	0
data/map_292_spritesheet.png	3845	0	4	0	3841	2	0
data/map_293_spritesheet.png	1696	0	17	0	1679	1	1
data/map_295_spritesheet.png	7440	0	12	0	7428	4	0
data/map_296_spritesheet.png	4	0	4	0	0	0	0
data/map_297_spritesheet.png	5749	0	0	0	5749	3	0
data/map_299_spritesheet.png	3597	0	10	0	3587	2	0
data/map_300_spritesheet.png	2	0	2	0	0	0	0
data/map_303_spritesheet.png	3741	460	0	0	3281	2	0
data/map_304_spritesheet.png	1189	1189	0	0	0	0	0
data/map_306_spritesheet.png	854	854	0	0	0	0	1
data/map_307_spritesheet.png	854	854	0	0	0	0	0
data/map_308_spritesheet.png	1810	0	0	0	1810	1	1
data/map_309_spritesheet.png	1810	0	0	0	1810	1	1
data/map_310_spritesheet.png	17857	15617	4	4	2236	1	0
data/map_321_spritesheet.png	17963	15918	3	0	2042	1	1
data/map_322_spritesheet.png	7790	7790	0	0	0	0	0
data/map_323_spritesheet.png	13542	13540	2	2	0	0	1
data/map_324_spritesheet.png	1238	1189	49	0	0	0	1
data/map_325_spritesheet.png	9938	9933	5	4	0	0	1
data/map_326_spritesheet.png	24062	24057	5	5	0	0	1
data/map_327_spritesheet.png	27954	26044	4	1	1906	1	1
data/map_329_spritesheet.png	4542	4498	44	3	0	0	0
data/map_331_spritesheet.png	14279	0	14	0	14265	9	0
data/map_333_spritesheet.png	1779	0	0	0	1779	1	0
data/map_334_spritesheet.png	1779	0	0	0	1779	1	0
data/map_335_spritesheet.png	3991	0	2	0	3989	2	0
data/map_337_spritesheet.png	460	460	0	0	0	0	1
data/map_338_spritesheet.png	4419	4419	0	0	0	0	1
data/map_339_spritesheet.png	7481	7476	5	0	0	0	1
data/map_340_spritesheet.png	3062	3057	5	0	0	0	0
data/map_341_spritesheet.png	6957	6952	5	0	0	0	0
data/map_342_spritesheet.png	2534	2533	1	0	0	0	1
data/map_343_spritesheet.png	3522	3517	5	0	0	0	1
data/map_344_spritesheet.png	5403	5403	0	0	0	0	0
data/map_345_spritesheet.png	5	0	5	0	0	0	0
data/map_346_spritesheet.png	4943	4943	0	0	0	0	0
data/map_347_spritesheet.png	27954	26044	4	1	1906	1	0
data/map_351_spritesheet.png	10829	10829	0	0	0	0	0
data/map_352_spritesheet.png	460	460	0	0	0	0	0
data/map_353_spritesheet.png	11353	11353	0	0	0	0	0
data/map_356_spritesheet.png	1	0	1	0	0	0	0
data/map_357_spritesheet.png	3815	0	0	0	3815	2	0
data/map_358_spritesheet.png	3989	0	0	0	3989	2	0
data/map_359_spritesheet.png	1605	0	0	0	1605	1	0
data/map_360_spritesheet.png	1605	0	0	0	1605	1	0
data/map_361_spritesheet.png	9427	0	12	0	9415	5	0
data/map_362_spritesheet.png	4778	0	3	0	4775	3	0
data/map_363_spritesheet.png	1494	0	0	0	1494	1	0
data/map_364_spritesheet.png	1354	0	4	0	1350	2	0
data/map_365_spritesheet.png	1779	0	0	0	1779	1	0
data/map_366_spritesheet.png	8751	0	12	0	8739	5	0
data/map_367_spritesheet.png	4785	2574	1	0	2210	1	0
data/map_368_spritesheet.png	19639	19591	48	7	0	0	0
data/map_369_spritesheet.png	3	0	3	0	0	0	0
data/map_372_spritesheet.png	1779	0	0	0	1779	1	0
data/map_373_spritesheet.png	3294	0	10	0	3284	2	0
data/map_374_spritesheet.png	1354	0	4	0	1350	1	0
data/map_375_spritesheet.png	6	0	6	0	0	1	0
data/map_376_spritesheet.png	1952	0	0	0	1952	1	0
data/map_377_spritesheet.png	3969	0	45	0	3924	2	0
data/map_380_spritesheet.png	1	0	1	0	0	0	0
data/map_382_spritesheet.png	1887	1871	16	0	0	0	0
data/map_383_spritesheet.png	776	769	7	0	0	0	1
data/map_384_spritesheet.png	903	887	16	0	0	0	0
data/map_386_spritesheet.png	903	887	16	0	0	0	0
data/map_387_spritesheet.png	2236	0	0	0	2236	1	0
data/map_388_spritesheet.png	35522	31077	8	0	4437	2	1
data/map_389_spritesheet.png	1793	0	16	0	1777	1	1
data/map_390_spritesheet.png	1793	0	16	0	1777	1	0
data/map_391_spritesheet.png	1793	0	16	0	1777	1	0
data/map_393_spritesheet.png	5	0	5	0	0	0	0
data/map_394_spritesheet.png	1797	0	18	0	1779	1	0
data/map_396_spritesheet.png	1189	1189	0	0	0	0	0
data/map_399_spritesheet.png	5421	5395	26	4	0	0	0
data/map_407_spritesheet.png	1	0	1	0	0	0	0
data/map_408_spritesheet.png	853	846	7	0	0	0	1
data/map_409_spritesheet.png	1851	1830	21	0	0	0	0
data/map_410_spritesheet.png	1395	1370	25	0	0	0	0
data/map_411_spritesheet.png	4837	4810	27	10	0	0	0
data/map_415_spritesheet.png	27954	26044	4	1	1906	1	0
data/map_416_spritesheet.png	1779	0	0	0	1779	1	0
data/map_417_spritesheet.png	1759	0	45	0	1714	1	0
data/map_418_spritesheet.png	2	0	2	0	0	0	0
data/map_419_spritesheet.png	1779	0	0	0	1779	1	0
data/map_420_spritesheet.png	1992	0	0	0	1992	1	0
data/map_421_spritesheet.png	4111	4106	5	0	0	0	1
data/map_422_spritesheet.png	3473	3468	5	0	0	0	0
data/map_423_spritesheet.png	3483	3468	15	0	0	0	0
data/map_424_spritesheet.png	2949	2944	5	0	0	0	0
data/map_425_spritesheet.png	524	524	0	0	0	0	0
data/map_426_spritesheet.png	3488	3468	20	0	0	0	0
data/map_429_spritesheet.png	4007	3997	10	0	0	0	0
data/map_430_spritesheet.png	3473	3473	0	0	0	0	0
data/map_431_spritesheet.png	1	0	1	0	0	0	0
data/map_432_spritesheet.png	18397	14360	3	0	4034	2	0
data/map_435_spritesheet.png	32679	30443	0	0	2236	1	1
data/map_436_spritesheet.png	32679	30443	0	0	2236	1	0
data/map_437_spritesheet.png	32679	30443	0	0	2236	1	0
data/map_438_spritesheet.png	32679	30443	0	0	2236	1	0
data/map_439_spritesheet.png	4890	2484	11	0	2395	1	0
data/map_440_spritesheet.png	2334	524	0	0	1810	1	0
data/map_441_spritesheet.png	3776	3776	0	0	0	0	0
data/map_442_spritesheet.png	3776	3776	0	0	0	0	0
data/map_443_spritesheet.png	2447	2447	0	0	0	0	1
data/map_444_spritesheet.png	22119	22111	8	8	0	0	0
data/map_445_spritesheet.png	33534	33525	9	8	0	0	0
data/map_446_spritesheet.png	1896	1896	0	0	0	0	0
data/map_447_spritesheet.png	21596	21587	9	8	0	0	0
data/map_448_spritesheet.png	22233	22225	8	8	0	0	0
data/map_449_spritesheet.png	30269	28918	1	0	1350	1	0
data/map_450_spritesheet.png	1146	1146	0	0	0	0	0
data/map_451_spritesheet.png	35522	31077	8	0	4437	2	0
data/map_471_spritesheet.png	2705	2705	0	0	0	0	1
data/map_472_spritesheet.png	7593	7592	1	0	0	0	0
data/map_473_spritesheet.png	7593	7592	1	0	0	0	0
data/map_475_spritesheet.png	1908	0	0	0	1908	1	0
data/map_476_spritesheet.png	15621	15617	4	4	0	0	0
data/map_478_spritesheet.png	12225	0	10	0	12215	7	0
data/map_479_spritesheet.png	267	267	0	0	0	0	0
data/map_480_spritesheet.png	13542	13540	2	2	0	0	0
data/map_481_spritesheet.png	3748	0	47	0	3701	2	0
data/map_482_spritesheet.png	7440	0	12	0	7428	4	0
