file	variant	width	height	sha256_rgba_pixels	cells	refs_off_origin	alpha255_px	alpha128_px
map_alundra	cell_skip0	512	237	bc6d635a37e0fbf6e468a82b22eafe1f4956216f33e2b8a6ff1219c41999f18e	120	1671	8083	38504
map_2	cell_skip0	512	65	9e0ecd0fb825b7b3ac5f4ce73f52233bb1a9faa0b81543d75e78fe6fc2fa3c8c	2	1	2678	0
map_7	cell_skip0	512	65	775b1f446f32f61a2f2c0a792bbe0f4fae6e49027732f931d2c7f75cea4dbe54	11	223	3482	4700
map_8	cell_skip0	512	25	5a0d70e9928ab577e2cc208d35d4863cc8fec8072a20485cdcc0ac4799f45672	4	3	1920	0
map_10	cell_skip0	512	49	53219874f8a4aaa1b16834a7264b56add78c03de32d469e7ca9b248984214867	9	132	3813	2375
map_11	cell_skip0	512	49	f83541de5146875f595fc7dfcf3bfd720a12418478a2e807c6815970059e80e9	8	7	1920	2375
map_13	cell_skip0	512	41	9d6c315c8768f42d3d6aca0462e822babafbbc63ffa5e1057cc22c422c5928bb	7	531	0	6768
map_14	cell_skip0	512	65	661016bbe9074ba267b3ef9989b9294981e4600efd537bc07638b4d17f4e4be5	4	3	5033	0
map_15	cell_skip0	512	72	4a417490c8cdef81534bad4cf628e9d7fcff9dd43e301b251574783dcd684a44	1	0	1380	0
map_16	cell_skip0	512	80	5c76e8c6d8941a29a24f67f939c92203126646fe2d2ae1212e7cd4ec68725859	2	3	3661	0
map_17	cell_skip0	512	40	1475d2c038ed286dcd0313bbe2d8bda39d2ae7d6847a9c90af6e95a67e382642	5	32	1545	0
map_21	cell_skip0	512	138	68d4f1b46e2cf488e1ab90e0e93f6fbe45d65253dfa8f4b67ddd3acd33267995	50	172	3338	12362
map_22	cell_skip0	512	138	68d4f1b46e2cf488e1ab90e0e93f6fbe45d65253dfa8f4b67ddd3acd33267995	50	172	3338	12362
map_25	cell_skip0	512	435	8f361f64cd6af160b9b43b767bbaf742a43b01969d5a0e9a6da1b6c6de1b02a2	59	1183	10301	73388
map_41	cell_skip0	512	33	4994a658613760c39376c4a8f655b5e1fc5af519cff3ac892490b60f8c5d44ba	2	1	360	192
map_42	cell_skip0	512	33	4994a658613760c39376c4a8f655b5e1fc5af519cff3ac892490b60f8c5d44ba	2	1	360	192
map_75	cell_skip0	512	33	af926b5edb00ac145dc3baa5e12ecd7d704d5784fbf27b9e05f06f7c539fb807	4	12	1686	0
map_76	cell_skip0	512	435	ba8d177792bd648e06dbfe7149d3818014a00147eea768788c88bb432d024499	59	1183	10301	71467
map_77	cell_skip0	512	33	7e079fbbc5a8d4de8ad4ccf65bb45f1841e3626793d5748f12cf1fa01a6cb3d0	2	14	0	1901
map_78	cell_skip0	512	33	7e079fbbc5a8d4de8ad4ccf65bb45f1841e3626793d5748f12cf1fa01a6cb3d0	2	14	0	1901
map_84	cell_skip0	512	435	abeba521e6dcf338646f15cea1c00afbc8adeee6ee0fd8ef929456ed35e5a668	59	1183	10301	71467
map_95	cell_skip0	512	435	71d3c3ff9267f9343a23dd9d8b8dd30930739f81d8be230f72526b725e18bc2b	59	1183	10301	73388
map_109	cell_skip0	512	81	19fd8630e7a186451f7e258c500c9cff00d94c634e65175a200d8b7e0d95665c	19	198	1324	10249
map_135	cell_skip0	512	65	faeb1a21fb7c440a86b67df7c78e024cd4fea1b1941b744b0f89c02c2efc9aaa	10	88	8164	0
map_147	cell_skip0	512	72	14a9fba99cfb2d2516f88c22c530a90a332fa4294c149804a68a5533f313c672	8	24	354	3561
map_161	cell_skip0	512	1105	5c1a406f59ec8bdd2f2458a58206fe97de73a441f3b2724ae06873ba915a2341	34	297	0	100816
map_162	cell_skip0	512	49	f83541de5146875f595fc7dfcf3bfd720a12418478a2e807c6815970059e80e9	8	7	1920	2375
map_163	cell_skip0	512	32	6dd2822d96d42fcba2b93970a194a3e29b2ddcc4bceda4d0df1792a05947491e	2	3	157	803
map_169	cell_skip0	512	49	f83541de5146875f595fc7dfcf3bfd720a12418478a2e807c6815970059e80e9	8	7	1920	2375
map_176	cell_skip0	512	49	f83541de5146875f595fc7dfcf3bfd720a12418478a2e807c6815970059e80e9	8	7	1920	2375
map_183	cell_skip0	512	49	f83541de5146875f595fc7dfcf3bfd720a12418478a2e807c6815970059e80e9	8	7	1920	2375
map_186	cell_skip0	512	49	f83541de5146875f595fc7dfcf3bfd720a12418478a2e807c6815970059e80e9	8	7	1920	2375
map_193	cell_skip0	512	49	f83541de5146875f595fc7dfcf3bfd720a12418478a2e807c6815970059e80e9	8	7	1920	2375
map_198	cell_skip0	512	49	f83541de5146875f595fc7dfcf3bfd720a12418478a2e807c6815970059e80e9	8	7	1920	2375
map_205	cell_skip0	512	49	f83541de5146875f595fc7dfcf3bfd720a12418478a2e807c6815970059e80e9	8	7	1920	2375
map_212	cell_skip0	512	49	f83541de5146875f595fc7dfcf3bfd720a12418478a2e807c6815970059e80e9	8	7	1920	2375
map_219	cell_skip0	512	49	f83541de5146875f595fc7dfcf3bfd720a12418478a2e807c6815970059e80e9	8	7	1920	2375
map_226	cell_skip0	512	49	f83541de5146875f595fc7dfcf3bfd720a12418478a2e807c6815970059e80e9	8	7	1920	2375
map_230	cell_skip0	512	49	f83541de5146875f595fc7dfcf3bfd720a12418478a2e807c6815970059e80e9	8	7	1920	2375
map_237	cell_skip0	512	49	f83541de5146875f595fc7dfcf3bfd720a12418478a2e807c6815970059e80e9	8	7	1920	2375
map_241	cell_skip0	512	49	f83541de5146875f595fc7dfcf3bfd720a12418478a2e807c6815970059e80e9	8	7	1920	2375
map_248	cell_skip0	512	49	f83541de5146875f595fc7dfcf3bfd720a12418478a2e807c6815970059e80e9	8	7	1920	2375
map_252	cell_skip0	512	49	f83541de5146875f595fc7dfcf3bfd720a12418478a2e807c6815970059e80e9	8	7	1920	2375
map_259	cell_skip0	512	49	f83541de5146875f595fc7dfcf3bfd720a12418478a2e807c6815970059e80e9	8	7	1920	2375
map_266	cell_skip0	512	49	f83541de5146875f595fc7dfcf3bfd720a12418478a2e807c6815970059e80e9	8	7	1920	2375
map_271	cell_skip0	512	49	00ee706ade2305f6e5fd9ca8db21bbcf67d0c56dc10a93eff9d4d787d135e701	11	10	3216	2375
map_275	cell_skip0	512	49	f83541de5146875f595fc7dfcf3bfd720a12418478a2e807c6815970059e80e9	8	7	1920	2375
map_282	cell_skip0	512	49	f83541de5146875f595fc7dfcf3bfd720a12418478a2e807c6815970059e80e9	8	7	1920	2375
map_289	cell_skip0	512	49	00ee706ade2305f6e5fd9ca8db21bbcf67d0c56dc10a93eff9d4d787d135e701	11	10	3216	2375
map_293	cell_skip0	512	49	f83541de5146875f595fc7dfcf3bfd720a12418478a2e807c6815970059e80e9	8	7	1920	2375
map_297	cell_skip0	512	25	5a0d70e9928ab577e2cc208d35d4863cc8fec8072a20485cdcc0ac4799f45672	4	3	1920	0
map_301	cell_skip0	512	25	5a0d70e9928ab577e2cc208d35d4863cc8fec8072a20485cdcc0ac4799f45672	4	3	1920	0
map_324	cell_skip0	512	81	36dc3a59bbb81cd0840276bc07d36ee14423d1323d0b21b00400560b263de136	27	298	1302	9500
map_325	cell_skip0	512	41	0ef674feda6b17e80bf6c3e9401e71f8bea63e37e74f78ff7b31ce680f407736	4	9	0	1922
map_327	cell_skip0	512	120	3f1d6edaa5b2b21d8ae1e79c4da07408923f98fd92ef969e6c7612c3e405450a	33	703	0	15292
map_331	cell_skip0	512	49	53219874f8a4aaa1b16834a7264b56add78c03de32d469e7ca9b248984214867	9	132	3813	2375
map_337	cell_skip0	512	81	385c10e09e9a521cb33a1147ecd14a4f5f432b020489383f85e87bbff537ca02	19	391	2500	9890
map_340	cell_skip0	512	130	02330041022c031930d9cdbb89ca6d87566cca4dde0105b70429f1694fe57598	12	13	33759	0
map_347	cell_skip0	512	120	5ed08603ce5fa1609a6b1f95481ae316f39ae95f6d008abb1320027eb6ecc5f3	30	691	0	14926
map_351	cell_skip0	512	81	385c10e09e9a521cb33a1147ecd14a4f5f432b020489383f85e87bbff537ca02	19	391	2500	9890
map_352	cell_skip0	512	162	68537f4d0663bdb8854f202ea106fc19a2d26682ed059e28f9e5e4c14ee33395	42	577	21534	12090
map_353	cell_skip0	512	81	385c10e09e9a521cb33a1147ecd14a4f5f432b020489383f85e87bbff537ca02	19	391	2500	9890
map_357	cell_skip0	512	49	00ee706ade2305f6e5fd9ca8db21bbcf67d0c56dc10a93eff9d4d787d135e701	11	10	3216	2375
map_364	cell_skip0	512	49	f83541de5146875f595fc7dfcf3bfd720a12418478a2e807c6815970059e80e9	8	7	1920	2375
map_367	cell_skip0	512	49	b8fe5567dd0f89316fcce04164dfd2cab0b1db4d30562a9ce79f8acdf693ca77	4	3	0	2375
map_371	cell_skip0	512	49	f83541de5146875f595fc7dfcf3bfd720a12418478a2e807c6815970059e80e9	8	7	1920	2375
map_378	cell_skip0	512	473	f07c2dcd7291a651651352c67a44d288728c58bb65e267835ef9ab1fa787093a	52	595	67981	92016
map_391	cell_skip0	512	161	44e2f2fabce1d92a06853be822b7a4ad6f2b17d89372ba4b15c81662c3269b37	6	5	32143	0
map_393	cell_skip0	512	65	53dcb45ffee87de2ec8c94ee19757063c0fa22c51959d9427926a4b8578d2805	8	7	6953	0
map_396	cell_skip0	512	187	a132262d8c4177de1b98573c73541dda00e4742ddb4d706b7cdbccc1fc543b44	21	118	1558	28599
map_411	cell_skip0	512	435	abeba521e6dcf338646f15cea1c00afbc8adeee6ee0fd8ef929456ed35e5a668	59	1183	10301	71467
map_415	cell_skip0	512	120	5ed08603ce5fa1609a6b1f95481ae316f39ae95f6d008abb1320027eb6ecc5f3	30	691	0	14926
map_425	cell_skip0	512	40	1475d2c038ed286dcd0313bbe2d8bda39d2ae7d6847a9c90af6e95a67e382642	5	32	1545	0
map_432	cell_skip0	512	435	b617d6711b7bf85efeeb16a6c709591dc2f20b939648004362db569ff5917941	59	1183	10301	73388
map_433	cell_skip0	512	81	0c76cc80b9644fd3c147e005a59b9c292d8fe425fffc3b90c7dbeb6a0f6f9f6d	6	59	16442	0
map_434	cell_skip0	512	81	385c10e09e9a521cb33a1147ecd14a4f5f432b020489383f85e87bbff537ca02	19	391	2500	9890
map_439	cell_skip0	512	40	1475d2c038ed286dcd0313bbe2d8bda39d2ae7d6847a9c90af6e95a67e382642	5	32	1545	0
map_440	cell_skip0	512	57	65af485a4b407bae76189594f7ed8880f9c591a8016f0da99dca424f61c685cd	1	0	2012	0
map_471	cell_skip0	512	33	e0990bf4c2bb566e3f5e5eeb4968cf2821bb46feac4e760a6c338771d8284750	6	32	0	854
map_472	cell_skip0	512	25	4a57e40a8a6cd18e9fef16ecf9565d7e35664f85acdbbd95c592ff95804e028e	2	1	460	0
map_473	cell_skip0	512	25	4a57e40a8a6cd18e9fef16ecf9565d7e35664f85acdbbd95c592ff95804e028e	2	1	460	0
map_474	cell_skip0	512	57	c32c4da947aedeb5098243be8b97a3f23711efe672aab27575301fdd1302ca34	4	4	460	3982
map_475	cell_skip0	512	66	a5c3e6538860450e1578f57edb4dffb2bf74e0e46bad4013d07b460f8db51739	23	637	116	16065
map_476	cell_skip0	512	435	8f361f64cd6af160b9b43b767bbaf742a43b01969d5a0e9a6da1b6c6de1b02a2	59	1183	10301	73388
map_478	cell_skip0	512	49	b8fe5567dd0f89316fcce04164dfd2cab0b1db4d30562a9ce79f8acdf693ca77	4	3	0	2375
map_480	cell_skip0	512	442	cc7e17fdf52b1c99e8d94a53f48b1ac74642d57bcc32f57b212f5c4b4d5e482e	24	586	2591	82724
map_481	cell_skip0	512	25	fa3157402550a9da3506b470cddaa82310610cf5c984f2bb21cda78a20cab328	3	2	1296	0
