file	sha256_rgba_pixels	changed
map_alundra	741f02d49ae8cb280dde1b22f84d36344b17e01f2dcceacd5ba61f4613235a87	1
map_0	5647f05ec18958947d32874eeb788fa396a05d0bab7c1b71f112ceb7e9b31eee	0
map_1	ec1b7ce0be9036dd5914c18d409b32dd0d5c5b90442dbc55c695e708116a58b2	1
map_2	a44c216f59e5a4c66e1c6b23b52bca843b59444d3d515f949604bf30d7a15ded	1
map_3	dac2c08c3f2763d5edfe101faae4f3a4fd673b48cc7bc5a75b1967b914e42326	1
map_4	e9584241fdabfd40733a1d8abe5fd8ae1dc6592aa89b806a3cdc94fd43b1a1ab	1
map_5	029be33bec6db4de68b3aa189937ca8ee6ba8c7d41e230d94b1ba93acdc41c74	1
map_6	8d70cbbdd8c4d21379a25154d615842d86471a53025ffdd2932a91d2cca1d6c3	1
map_7	641955c17df7ac82e5d27228240623af26b396a3c2dfcfbe698c89cf3b579c45	1
map_8	83c9793cde9b4eda8edc7bb1e844c24773aef0db936701cd829469516205a85e	1
map_9	e6f873aa7569f55a983f35d2941611c174d912bdce7d10b669f7b0569df12fae	1
map_10	a998d9c6b70137ff0d2426650cb3873a46f489ff7abe70b58615717ddf0d4c94	1
map_11	11a5578a0dbd2b3d998dbc4f92b33f64f1e6498b450273998bac2ec4cf0f53d0	1
map_12	268ef208d3199dacab9208ba3ddf53d159778c325e53257b3c2bc56245e33521	1
map_13	d21616b6e9ba44f35660be98a1ea3ae104669a3e80b6f4dba61c79bebd30c71f	1
map_14	7e1a236d4f5ab95cf8188d90d864211efe277310a292438fcd0fd9dd271a6c62	1
map_15	eecfc7fbd915509090689c7a49cc69d7523ad999c9ce93c3604ddee9c8d81e94	1
map_16	5a51723f522eab98268136f187f1037a484e4c8897dd35ce43601b507440481c	1
map_17	85aa4125767f9adf8c604eb3ceda9662cb00fd826df4c529b68da67cd278cff0	1
map_18	fcdab338b4cce8ea08694a1f8f92f4eefefe2a92cd0333eaee3393b568017061	1
map_19	0f8c759d5b90a23a9d6d4728cfd31131b53e6a79e994f5ffc45c3b27ace2e90a	1
map_20	5647f05ec18958947d32874eeb788fa396a05d0bab7c1b71f112ceb7e9b31eee	0
map_21	a1f8d5dfe8596534ce4217252eda0ad42763ccb129d85705c7678f01cd30ac60	1
map_22	d7e32a052fdbad26d076b849270678641286915c4179a148cf17ff12cdebc920	1
map_23	0c446a0bfc43fc93ecc1476cc3c8e463e5a5248ba99d70b1803563f268739cd5	1
map_24	b41f7ede5183588b3b843cceb16da845e4ff5ad75d7c6f669fa3eb0b4eb32976	1
map_25	4ca828b02bdd6b67d6b904a9d1d1a1bff3aeeeb1a42936696dfec9cf7b980a2c	1
map_26	b70f6b5f75951530294f9d07758e443eb4138511f2e5a5fe7d675e7b3fb5d266	1
map_27	d20cc80280012d63d2313b9b6a304914a9f5897ecdd618f959561691efa7004c	1
map_28	3d1e91a2f2f3237c491fdc13dec698299e6904ab195fbfad230512a70943d862	1
map_29	43d5fc0784306ea27e701263c769c50c384920b396cd948227e3c863c6c9436f	1
map_30	4601d3248663b7e56885fbe530de613f275c54a9aebc931a9194eb71362708bb	1
map_31	d4ecc153ff2adb4ad4b8f68df35455f3db46713de31698d8cee86aabe5275d43	1
map_32	72d4d52a5eab12489659b844017ca11366d35ad74f93068ed5b735ff7b97233c	1
map_33	b7065082eba0c4a81b01dd019302dfc37a4f3e506be29954961f79e90e6f867e	1
map_34	629da7a6c71f064799f280503c80cfb4b4a3d43a78efe4aaeeb4fc1b85953a0e	1
map_35	09d527f347bd17610d5710de3c9331f0af172e17ad8eafbd285e8e0e66b26573	1
map_36	babaab45b98852feb1ce14907cb508ed35b88719c227f30cb9b26af78b5e37cd	1
map_37	1e7c631c9ef4eadea0c885ff8dde5c9acc4cecf999f80392a9fe3f621ee76419	1
map_38	8ffa329923e8253248f2b739152f149262cf103e2ed8b168d8dde206c17fa1f5	1
map_39	4cbeca46c3bf06978aa477e9ee5f6414a3f3f5544ba62839858c50d74e959275	1
map_40	85e627d035812c687b3db4dc5e776dd639b3219d1000090d9616053964981219	1
map_41	485f3b2e85c3b08e69b488dd5b2dc14858934f87397e9e0d9a0cb981d3526050	1
map_42	0364b811ecfb856fd1e9403b078a1289c81542d7100f43bfd4e3c9b359073e9c	1
map_43	a86fa145503065a5ba2542c1b32e71ceed6696513a430788cbc9d59734c57ef7	1
map_44	3e684b5e7dd37ae10d17e3f2aca49655e1266e7805a1671d9e1741596d14f0a1	1
map_45	5647f05ec18958947d32874eeb788fa396a05d0bab7c1b71f112ceb7e9b31eee	0
map_46	5647f05ec18958947d32874eeb788fa396a05d0bab7c1b71f112ceb7e9b31eee	0
map_47	c8ca59f3559e897e2fb2524043694b1a7065e4dac815a0ca42b16e59acd49e59	1
map_48	d47672730a6c363bb3ef1256737dc9c1901a7c6e40e076a930056c8b0be4582d	1
map_49	860965f6ec87766a4f1c2bc8d762e8dbef4b9c086b8d10bb733660ae6b1fa58f	1
map_50	27976cfed44c1c7ea53adad438e64a06d94538c1672320826becdfde42f6725e	1
map_51	da3acfc1ce4b1485439c2afc359485654b99bed7f0cd6c2272f20d6fdd9ba93b	1
map_52	24f6c89e58da45f38759d22f7bef9836d484f5aa27d80b2f0012513a178cb27c	1
map_53	bb330a4d2d5516fa49668409a51c3f40a67979eb260d01f167b435bf38cb0d0f	1
map_54	0048ccee6bc86741d46616453126660cd32bbff388bc449da6e582d0fe593d6a	1
map_55	eff242f618dbc82b6480625989208626d91ca0f70f0e0ae470cd0ac71e1753ad	1
map_56	c78033a4cfde4f92ba042823a1adb10275aafe1374ba8cbf8f862f637d895fe9	1
map_57	0d293fbabb4a8c03907c4c6962bae5ac4ca59d535ecf8e1ce8e8b1b106328c98	1
map_58	ac69e3e26e9ee42e137f496a0950d49722813d54e19a4105ffd2414a3d21080b	1
map_59	f5f162e4a5589febf0d45a0ac3fe89cadd4afbc270c09ae45d14f59597b47909	1
map_60	23d9ee8560fe3f3221326208702da64a6458bc4606bb083ca24b17b628de99fd	1
map_61	d863fd71e76d2ba16a54b0b416e7c0e8b33a4d590fcd1b1990a10dc4e01f56c9	1
map_62	6ddce20210c053ee79743dd03f3d2ff6e7e103bdea7d6d7b42e1d2b1915186eb	1
map_63	df084d139e456e0a46fb3cb39a0ba6421b70ba5b0e2221d277378acfb26e4425	1
map_64	4e20381620f5c68ee28c8756d388fe003233b02162edea48d5df70813214f80b	1
map_65	5647f05ec18958947d32874eeb788fa396a05d0bab7c1b71f112ceb7e9b31eee	0
map_66	cb6c7c7f519f572ae867ac00769bf6aa1acbdd9e7a500afedd44e9dd5d1eedaa	1
map_67	d1a605d03184f4e7129810f39ee72c05ecf04926bc684d6ea076e62c3597ba98	1
map_68	4dd10ba0c1ca39f0de0c4eb3e8028a5a94e33c1bc6bd609250eb44af146878ce	1
map_69	6548f8a122190378eb880497096197341019f4451b37bcdd67f742bd70399e4d	1
map_70	dbd45af85f005154ad0079cb1265c1f94b5e7a88e5c7eef1867534cd097f1df5	1
map_71	7bce0b819bccf12cd5c382fd9f985efefd9524c820b96b5545d72a390d0f4f9a	1
map_72	6cb5bd26cee9e986cfc54e69a60e3562e7dac5dd7cad521f3bc650b9278b6812	1
map_73	d15d1d6d6ee5053249853c0fcd2ede658b52abe6791608043d86e812f28b5a2b	1
map_74	d3aef24fab0bd95a86e3eff426f1ae1137ff6d2c351882a8d0037b7a229764ad	1
map_75	bb763e5edc38c2cac87b5c6ebe61d3c86b842369450a74ab82cb702b77f4ff85	1
map_76	fb83188e4f331494362a4a707227d8125b41d1e3a26beea7832124d46b45735c	1
map_77	8e59dab09dfa56fff83205856cec96811cf0ebcc0937eb1dd5af09776cd60ade	1
map_78	8a147b04ddabf74783a43796d553a6819eca2bbdb242f6588ccbb71cd1ff605a	1
map_79	1689986a7d96724e5e01ebf2c518bbd1cfd33e7494ec64e7b37b194d106fb652	1
map_80	ae5891dab41f39909fde460b9e7f87cf2b717f96861f68d68529b109fd78e069	1
map_81	17e613fa223e3cdfb702db08940f48e9943f444e5d8090ed698117f730c9580e	1
map_82	3bf89bfead154be7e59e2cca53c34b993f61cf0a7571edf735f01c9c83ab53db	1
map_83	a9c8e6f8624fb84957cd8bd91a23357cb49b2ab6615fcf892bcde8ee772918c0	1
map_84	a5827dd9debb19045527d3d25a62c008d3b1767e48b5b001bd15ac64025a35aa	1
map_85	c4c04970b12581eef4f8ffe6630e3d6dd5df8f1951546af98e64784432667b8d	1
map_86	388a60ade3eb39f2e366b877ece4664b64788cf5e26bcbf7d4aa588a8dabd175	1
map_87	5b400d8da94f67e3d7cd031b939ed6a6d843d3916d3a58473f5762ba85f43eae	1
map_88	505ae651d6f68635b296de121201eeb24689999e73c0d1d596a2c317485792ec	1
map_89	d629f6ecc40fe663794e14a72ea416208da1f56539a4be56e06f2f9743090520	1
map_90	ca30b4d40b09459553110888b9deb0da300864b057e016ef79c10d00269879a7	1
map_91	0f0baddbc07131b014c951837e9c020d9561e504efadacdb2f4c5721e9b17892	1
map_92	0af748596bc524e92a83218efd5b42484118876bdcc5b1221c164f9e752dd744	1
map_93	6aa815c20cf9b3865d66fcfff401599a5778a9b661f3699f55f7c0da68e37388	1
map_94	7f65c24aa338544504abb6ccc39095740cd39a993f80957e93e6dc2e6afc6a4f	1
map_95	4a9ea74e54b2059bedf40e940297893b67ef8867edd6c073d477439bc150fa07	1
map_96	5647f05ec18958947d32874eeb788fa396a05d0bab7c1b71f112ceb7e9b31eee	0
map_97	0dda51417d96177fc99c6d7f6a883c50aa179459a2e9a680a369abd63de27f0e	1
map_98	a350a3c3052c0a4414aeecb4dd0b52c2337a28fd4714d3e99df6ee9805c405e8	1
map_99	a4193468ac7e0d6670403df065b9512ca94e3046f40606b4b8ba6d9e2bc0b36d	1
map_100	7ead53096ab93a367c4f538b998afe54f2c75375bf78c328471f14c16388e4e6	1
map_101	4fae200065ccefe50f642f8a0dcbc1cac4f5c55ae6042b083448ecd11851c3de	1
map_102	307652435cafc43de41ea87f5140e8f454b083621a7d32f5b30b61107d0f09aa	1
map_103	3b8b3d9ca0e571997d60f1493131c5f37913ee8e4bdfe38378ecea75493f87a1	1
map_104	325cfcb9e31c539b4f5ab207afa62d1e03213afdbb2539fd86e871a20d271657	1
map_105	577d3adb4edd293cf81f120a5e108842048d5d3b61938fc76a4c50f735fba572	1
map_106	b0c7c2aba2fc09725e00d985dae4cef9e89054b5798bb8bf3657a1a52e7b7f5e	1
map_107	a9e3a5e8cc58ba39ee407229baf97aad6fac92f4286433bedea14de8d0484753	1
map_108	aed226ab097834ae295ef6cd040eca547451a0a7f284dd917dc0f96d13829235	1
map_109	61ed7187891028709ef94e791a4cbf08f96786df70dde317a87a00aa9af128bd	1
map_110	2d8162163098b00d5667adcf20a84d8f3323250ae2f9d6c922890c1a02342dfd	1
map_111	b4e7193d3c8e7b7d7e0f694032a4632a3920f1424c362225ce8e930134c2e3de	1
map_112	e50c37c62bbd130a80710f588a153a2a1152cc82d96fbf45622f0b67c4b839bd	0
map_113	b93706784587a82d8608163123d180d7baaeb2ec1aa82c88a4f7338f459ce09d	1
map_114	bed76e593ec7e0159c08014ba2d836d50e4e335ac39adaab58089f002651c95d	1
map_115	12ec76f7f2900abdf266626fc3228e2f5b62387ceec661f3a50bbdd9059a7673	1
map_116	6ab3f69e63e2abebdaa9c907196c4bfd57ab333ea85b3970729592c8c08b9a81	1
map_117	c7a9b8a9b2f08bb084cbc1ab7352405d70ab28b065865a5a68c9e12fb60d0cd5	1
map_118	5647f05ec18958947d32874eeb788fa396a05d0bab7c1b71f112ceb7e9b31eee	0
map_119	26a2d1bcfd0d0055be5b36ebeb147763f535cf89e4855a5390797f041d91d00e	1
map_120	73c89cbee70f4e0679922297b30a8df467a6decc80280c42c8fdf7387c762faf	1
map_121	148606bd6a6f222b818aba79c48c90ae2767ec1ee123d5520268e44b010d8a96	1
map_122	c17bb3acff3d18dbd42d8b3567fba259aeb8a82e7ea12a1ee7932fa448c54e5e	1
map_123	ab8a0e62d3844b7c86c4a8081350d359b612dc6e20ccfd9ea1d3eaf8956d0790	1
map_124	941d85d9b9e3000f6eb3cc3168378c9014473d303bdca81e4c80bb9a588338cb	1
map_125	f86287180c199b2c8fd2ff8c7c1fac068fd98f0eb98c6aacd74059b30ce3239e	1
map_126	bb581bd989108595612aeedd2deb87f9da2913db580c939a8bdd179367a54e37	1
map_127	7c7582141bc18e00f7ca6175564806ef043c35c58f44bd91df93db46c016fa43	1
map_128	9b1b5a6731a024d39d319b94daf37f731b9071c7c6ae8a40898bf3aac360a4a0	1
map_129	5647f05ec18958947d32874eeb788fa396a05d0bab7c1b71f112ceb7e9b31eee	0
map_130	5647f05ec18958947d32874eeb788fa396a05d0bab7c1b71f112ceb7e9b31eee	0
map_131	5647f05ec18958947d32874eeb788fa396a05d0bab7c1b71f112ceb7e9b31eee	0
map_132	5647f05ec18958947d32874eeb788fa396a05d0bab7c1b71f112ceb7e9b31eee	0
map_133	5647f05ec18958947d32874eeb788fa396a05d0bab7c1b71f112ceb7e9b31eee	0
map_134	8287f9cc8330aad78121973d6c9b3e44cb6a8fce4f1f8f359cf45fef53015dc0	1
map_135	fdfe28307e49a8f160922b207b80eb4fbb0385ea8e17b695f5dc66883a3f4564	1
map_136	ba3f77bb43133e93200924c3f80932f9470db28f12cece6e1bba780239391cc4	1
map_137	e4196df4f6d9422ec69964ca1c36609b55bea1087e5d4c48a71ab77115f31cce	0
map_138	bb0cd5ef04ce7d2be17ee3bfd8146230c27a6e5e6313a7163dcf8ef645d7de65	1
map_139	92c2f32c33063a7a8b08597834271b5a46d2d5b4118f2e76a1dab9c17f8c42c1	1
map_140	07e8a3263814d6c1cc814c3c1448807a21313b7f36c7143b45d9328b8897f74a	1
map_141	ee5bf1590af92de149380d586f6020274d044eec75d28ee5512cce7facea9b14	1
map_142	9a80ed203b25caf96efc69562904a42bb3db6af024d8c8cbe5eaf5924eb5f975	1
map_143	de734408cde125cb1f73e35500e384bad3bd2c7e333ae829f3150418fb40a1bc	1
map_144	a9f1fa8b1adad5adf2c43220402ce5c6037c45ce7f149a96333da6fa36a4b0e7	1
map_145	e1afb50eb58b5e6127bffffc5b8caa33ac70feabb9d2a014d483f380c3cb19d9	1
map_146	ec39ec4d9074522a24e7ebced76341d5a34f752f6bccbae892f6577952d30945	1
map_147	298e704ffe5ead55c32b5d2d5839b41b4daa9a5cd68892139c43262d0fe65926	1
map_148	07192ebb90c3761ad8d1d6c299957f0f505b0781e23840cf6ce4ece27beeb999	1
map_149	367abd066c9ee9538f10d4998adc6103356c8326079777843d9c3ef54b01fcf3	1
map_150	1be9ef89cf6835d04238aae9c8771558af1d40cafa0e9510c12b18d940cf40bf	1
map_151	3b04246004fe2bc52ccb338be80311e6cb90f1194b63dd39654edecc2c538ef8	1
map_152	bc91787a121a961143a7bd146594057520ba490b28767e3970fc2c8fdbb7aeed	1
map_153	e8973d1bd134e323549d806c6fa3764b0ad336e17ec0f4100c9b020c5c38baf4	1
map_154	3c43ae5d5dbed9f7944a9e3413975838081242eba492952fb85c6a80cdcf2dd9	1
map_155	5c27dd82cbe2b6770f97b3f0ffdfb6373b2c229a1f4937b95974b684a0aa6ff1	1
map_156	2df6deab01df582ebe56a723d2a18b2435247b53bfbb0b138687f0ce6fe4f713	1
map_157	5647f05ec18958947d32874eeb788fa396a05d0bab7c1b71f112ceb7e9b31eee	0
map_158	e0b048c06f70de80e0cc216cea58c89edac80e4a5d673c90cf617a017db73765	1
map_159	646ad285166bc4332a241b3da3e47d8a162f8c8eac2a2930ad6cefb504d7aeb5	1
map_160	8f49d19322e0642a74b15edb753198ef2b798c0ede8b2c668af7648e43d83c17	1
map_161	5647f05ec18958947d32874eeb788fa396a05d0bab7c1b71f112ceb7e9b31eee	0
map_162	72913353276c5a4640331a0adb7fa6adc60ee3a539bee1469cc6c8ee54c58a30	1
map_163	7d6ef7596ee2c4d98b2cda5fdc0c37e5a4ead29d9e241412a42cda624261aec3	1
map_164	162b297028e44712cd66c6763a2f22a54916d8525bc64b04e66dd228ac3cb95a	1
map_165	8d1ae9f838e441dbafb24d740f3cc08e0e0df76ceaaf47495bc74f92a04f0f37	1
map_166	d74a418d2162fb134cd441a0facdeaeef2e843b69135690f28f41ad1c554ca5e	1
map_167	e5a26b88748b1cf8ac3cce7f5c4ae1b1dd22b25bf208996bb4b79fc12f4362fa	1
map_168	4cd35c44e87d6764155270eeeb96e56ce988f5b9e18f1b1712046bdb7dc52dd6	1
map_169	7f716ddf5519281e8e22eaac5926fe53ec54d0de7c5b7064d642d3769397a0c3	0
map_170	00f2bd1d05a4a8a5441a9a0fb02be35ce1bad213b18af680a37bdf46e590d372	1
map_171	162b297028e44712cd66c6763a2f22a54916d8525bc64b04e66dd228ac3cb95a	1
map_172	d75035294a9268d02294153fdbeebc9c4d7e5257e9f5e6b3ad88576ad2e89b36	1
map_173	d74a418d2162fb134cd441a0facdeaeef2e843b69135690f28f41ad1c554ca5e	1
map_174	e5a26b88748b1cf8ac3cce7f5c4ae1b1dd22b25bf208996bb4b79fc12f4362fa	1
map_175	ce6ef17dfa1132576dced3c0f70c6c80efa6b784c033c3b862a7b1b232cf34f7	1
map_176	d70ef30501ae205fc1e8e12749e6dbf465ffa2debdb700dfdf931c282582d2ca	1
map_177	e90b7baf45562891737d86159c56c4941e2fd180bfcf31eab987e07bd4eca44e	1
map_178	1d329275bee0a93f37bc1790eb55bfe544d0d5feb87b9fc1cb7c023be5eb9023	1
map_179	123d12b6818782644bc302784a3fc2cb7492995ae2ac6c030af387d97d33c036	1
map_180	d74a418d2162fb134cd441a0facdeaeef2e843b69135690f28f41ad1c554ca5e	1
map_181	e5a26b88748b1cf8ac3cce7f5c4ae1b1dd22b25bf208996bb4b79fc12f4362fa	1
map_182	7ec7d30cab7b253d39b67a168f5f89113aba9511d9c5810fc644dfb50d324976	1
map_183	6006838ca502a0781d8f2f273fdc11c114a93527bedbed124e4ce8abad1f4145	1
map_184	e90b7baf45562891737d86159c56c4941e2fd180bfcf31eab987e07bd4eca44e	1
map_185	3e9fbe4c7e7c3bfc2cd03052637a381201b6424f402f6739b3fe3a75963721df	1
map_186	2d555f9a1a3ee57519c53c1d09b7fb457236be89dcc9a3882272b6088dc7e35c	1
map_187	55e3f0c1441a1b8ba5fa34dfa7ce0d5d91bd04c7348f4484843c57997e302398	1
map_188	162b297028e44712cd66c6763a2f22a54916d8525bc64b04e66dd228ac3cb95a	1
map_189	4ecfbb7dc8c5de58d0ab081f06ec8f2c0a8666c8ada4537f3f4cb499281eeadc	1
map_190	c310f5632a0ee0851f16929e53965dcdb870f5f9e17597bb2757684194ff6ed1	1
map_191	63200b68d9a99c9df518f5308e32e95efb0624c3b03a30ab7a005ff12a7d21a4	0
map_192	ce6ef17dfa1132576dced3c0f70c6c80efa6b784c033c3b862a7b1b232cf34f7	1
map_193	d76c3cd695930ea2c96c9f54102912a3953fe6990ccbc14293e3398afcec293d	0
map_194	0b1dbf135c37dbf79c1c813fab97176f1189921f4e83b2a97a0c6346fc5318a9	1
map_195	0f3628c2e24dc1c29214bf17b73bae4d2bfe6737324365ccd2cd10ed5e51be35	1
map_196	5deab5de3767c9b1655c078022a7c308272a75bdc45649e202c9220001a49b21	1
map_197	5123475afb7383df5f4f56597cf2e1de8ad8a0cf6cb24e07d914fa77359d4578	1
map_198	13be0bfd3e8c9f5299e843462722a65e4ae3db9979c9eb3662b7b0d5764f450a	1
map_199	55e3f0c1441a1b8ba5fa34dfa7ce0d5d91bd04c7348f4484843c57997e302398	1
map_200	82b2680d4eb089b52ef6eb09caf450aff107f30836c7bb9c6755985d4988cf81	1
map_201	3bbcc54f522c42fcebbf1d13ece809df025a47a7e58df6b02f6f8a1c62823201	1
map_202	d74a418d2162fb134cd441a0facdeaeef2e843b69135690f28f41ad1c554ca5e	1
map_203	2ba8cfc8f99d99eb96523d9094a0c74492594cf6868e743848c911fdd9f95ddc	0
map_204	ce6ef17dfa1132576dced3c0f70c6c80efa6b784c033c3b862a7b1b232cf34f7	1
map_205	7bb285c49b6cda451c387b2b777fae2a3ffeb148e08924a75dd69ba5fd7452d5	1
map_206	55e3f0c1441a1b8ba5fa34dfa7ce0d5d91bd04c7348f4484843c57997e302398	1
map_207	162b297028e44712cd66c6763a2f22a54916d8525bc64b04e66dd228ac3cb95a	1
map_208	4ecfbb7dc8c5de58d0ab081f06ec8f2c0a8666c8ada4537f3f4cb499281eeadc	1
map_209	c310f5632a0ee0851f16929e53965dcdb870f5f9e17597bb2757684194ff6ed1	1
map_210	0b19ae0ade11db0cb63b49c1176265d3ffb49d48ca6f2ddb15eccff3b2600476	0
map_211	81f173a3936874b01544facab39d9a67182bd1c46a690c5ea2b50b5fe9a9ad55	1
map_212	66edb415f56d1d0c19944c518d213a9c30640f3db448a441de213db400fce964	1
map_213	55e3f0c1441a1b8ba5fa34dfa7ce0d5d91bd04c7348f4484843c57997e302398	1
map_214	07dbcfe04e53b66c20ff05d409c0063701ba44bdd4f3ff0c665f31c1640cd853	1
map_215	c7e5c3a6cf6b4805344fc2caca297549c5eb55d1952d218cf565e80925c77889	1
map_216	c310f5632a0ee0851f16929e53965dcdb870f5f9e17597bb2757684194ff6ed1	1
map_217	2930fc2696fff48634888c884021eec198ee2a7364340b94194f848dd55dc2eb	1
map_218	7ec7d30cab7b253d39b67a168f5f89113aba9511d9c5810fc644dfb50d324976	1
map_219	fc3b454c65e3b7f40020a97c1fe55b144ae16e5ee3374285c25336918a1c14ec	1
map_220	0b1dbf135c37dbf79c1c813fab97176f1189921f4e83b2a97a0c6346fc5318a9	1
map_221	162b297028e44712cd66c6763a2f22a54916d8525bc64b04e66dd228ac3cb95a	1
map_222	de131579733b998f25f42479d4db23454163d816c796c6b5625249e0ec97d77b	1
map_223	d74a418d2162fb134cd441a0facdeaeef2e843b69135690f28f41ad1c554ca5e	1
map_224	41c30496a16712f6b254be34f56fd5e39b66a5723acd9b1022b7ba5e3a5cbf8a	1
map_225	ce6ef17dfa1132576dced3c0f70c6c80efa6b784c033c3b862a7b1b232cf34f7	1
map_226	aedce31349f6cc7cd04647e4fefd8546502c7f6c5dd17a234ce632faadc735b6	1
map_227	55e3f0c1441a1b8ba5fa34dfa7ce0d5d91bd04c7348f4484843c57997e302398	1
map_228	aa1a25dfda4954c24b28f19bce958dabe18723886f6a8e7bb119f2a1d5da28b5	1
map_229	2137c61a83e4fd7dcdb514f213b2e35b14b14bb3e2984ccf94166ea841f0ddf2	1
map_230	cbd4b891b61ff42df685562b665be31b7a864904b1fec95f9866c246bf455f85	1
map_231	55e3f0c1441a1b8ba5fa34dfa7ce0d5d91bd04c7348f4484843c57997e302398	1
map_232	162b297028e44712cd66c6763a2f22a54916d8525bc64b04e66dd228ac3cb95a	1
map_233	de131579733b998f25f42479d4db23454163d816c796c6b5625249e0ec97d77b	1
map_234	d74a418d2162fb134cd441a0facdeaeef2e843b69135690f28f41ad1c554ca5e	1
map_235	41c30496a16712f6b254be34f56fd5e39b66a5723acd9b1022b7ba5e3a5cbf8a	1
map_236	5bb967f547b0212ec056efc59ac4416ef1719f3c2a459d4d5c9303e2f8f57ee2	1
map_237	e57418f12507ffb12093429f7ba4f1cbd94c69b2d71c884775e2eb344157e43e	1
map_238	b0089db354fc379b8a4e7ddc4ee7b4fde9624ce481783d8bb1a1572a3701ccca	0
map_239	3ed1486f0a5cd6db64f8210ba0fd9fcf114c2a4961eaaf369f3cd16cc603a75e	1
map_240	0b108c77c645e091478551c13f6d634994c0931dc82129644360a0299fc92e23	1
map_241	153525a38d3763c55b55cb2c1ed1da9e14d51258b0115500c3ae1f853b0b417c	1
map_242	8eca49c69b47a5673ff3b6384fb4581aae8b8872460435a7506b02068fe49240	1
map_243	f1f2004a0dbb2727702b4bd01465943d5e22e43e3ea923fe88266cd8bfae59a2	1
map_244	4ecfbb7dc8c5de58d0ab081f06ec8f2c0a8666c8ada4537f3f4cb499281eeadc	1
map_245	d74a418d2162fb134cd441a0facdeaeef2e843b69135690f28f41ad1c554ca5e	1
map_246	41c30496a16712f6b254be34f56fd5e39b66a5723acd9b1022b7ba5e3a5cbf8a	1
map_247	7ec7d30cab7b253d39b67a168f5f89113aba9511d9c5810fc644dfb50d324976	1
map_248	9526489cedd0f3d61edbe01a82221d9b6a9c39f5676a7a32919d311ef422a025	1
map_249	341ffcae168b54c124b0d7ba72c17a5c63a067ab723e51db45b58b1f21a4860d	1
map_250	3669b9292d68a9b21ae3e416e9f1e01cf5c36e47adea0f6d91ca3e50affcfde0	0
map_251	5ef89cbc6ccb62c844e0d43ef07ded1815b543536ef41a33df3488056fd806af	0
map_252	60c22335c177eff0f7220972733131d6ad3f13efa793aef04b7b8227adfe395c	1
map_253	3cea8bab3d66dcd23541dd6dc50f37435aa86e6635f730739d1cd15031e298f9	1
map_254	162b297028e44712cd66c6763a2f22a54916d8525bc64b04e66dd228ac3cb95a	1
map_255	3bbcc54f522c42fcebbf1d13ece809df025a47a7e58df6b02f6f8a1c62823201	1
map_256	d74a418d2162fb134cd441a0facdeaeef2e843b69135690f28f41ad1c554ca5e	1
map_257	2ba8cfc8f99d99eb96523d9094a0c74492594cf6868e743848c911fdd9f95ddc	0
map_258	b0089db354fc379b8a4e7ddc4ee7b4fde9624ce481783d8bb1a1572a3701ccca	0
map_259	67238b391f3ee139e06becb6de977ffcea735086d52868b154b8a05583b2302c	1
map_260	b1c63c3adedb25f3d73780d5a966799db5ecf2b8158896de29574484007e3b7c	1
map_261	847d5aa29fb1736c3166367944255f5dcc63d1da15798e12db5d198c9fe365ad	1
map_262	de131579733b998f25f42479d4db23454163d816c796c6b5625249e0ec97d77b	1
map_263	d74a418d2162fb134cd441a0facdeaeef2e843b69135690f28f41ad1c554ca5e	1
map_264	0b19ae0ade11db0cb63b49c1176265d3ffb49d48ca6f2ddb15eccff3b2600476	0
map_265	a140be24665b405084c963f7e040bb7adcfa5b5e1bc2bee03d975ead180ce5ff	1
map_266	0cb8537265cb7f510afe8c6e422e35a11d6d2a8d991e0ceb799e0771e1091ae7	1
map_267	138906020bfa6b5405e0cbc4243756b99280584b23a9c52220aea97f3de353fa	0
map_268	3ed1486f0a5cd6db64f8210ba0fd9fcf114c2a4961eaaf369f3cd16cc603a75e	1
map_269	e906f46f8044a9890d04b226723df5f8c272999ca3518855a13d68b9d122aafe	1
map_270	4b5fe4234cfd430c29532f68edc5cb86aaca887ee0253b0464117cec6f52fa8f	1
map_271	e9d4040756832a90444c8bcfbe6d0d03634e730549ce86ef7f138addb3343bf2	1
map_272	fac2fc04fef2f8fdf0e7b5b95ffee78ae8b037a3f4b315235313f256e1fabe45	1
map_273	3ed1486f0a5cd6db64f8210ba0fd9fcf114c2a4961eaaf369f3cd16cc603a75e	1
map_274	d94d6330d1457b9529fd1e7ccf5b741ddbd10cda49fa1db411898be1379ae18c	1
map_275	d76c3cd695930ea2c96c9f54102912a3953fe6990ccbc14293e3398afcec293d	0
map_276	b0089db354fc379b8a4e7ddc4ee7b4fde9624ce481783d8bb1a1572a3701ccca	0
map_277	9369fed7c7c9c47585643afe08d39d2b6917245a1a33edeaf3749036b131115e	1
map_278	e877a4235ccc4c3b9350b0be8db78b7c6dd45d53d101cee74430fc060b315aa4	1
map_279	d74a418d2162fb134cd441a0facdeaeef2e843b69135690f28f41ad1c554ca5e	1
map_280	6434cff3c75ac4f19a79e052c23baad7cf48bd9ea06033e7d5b0cf47b214ecb9	0
map_281	75c022ae96c556baa24ce74c1b0e383badc3f64f2c4d4556bca1357888a9a3d9	0
map_282	313956b73e132c89e5f7b9c131c869d2e44f6e9b479b9a0ef8b2657e42dfe64c	1
map_283	138906020bfa6b5405e0cbc4243756b99280584b23a9c52220aea97f3de353fa	0
map_284	9369fed7c7c9c47585643afe08d39d2b6917245a1a33edeaf3749036b131115e	1
map_285	f6388e2d7497d70024fc615c7478fffe2debff40e8afa40b9a1d1a4dbe0f9676	1
map_286	d74a418d2162fb134cd441a0facdeaeef2e843b69135690f28f41ad1c554ca5e	1
map_287	e3e4571b8440be1480a7768f66de2a830e63d9806f673cf6be9fba61917c1910	1
map_288	a140be24665b405084c963f7e040bb7adcfa5b5e1bc2bee03d975ead180ce5ff	1
map_289	500806079a72365cca7f0a758804268ff8b572bed1af51b66ad09a41d606451a	0
map_290	8f5cad530f9df3e94188a198e7ee34282c54e72ab911b725c8a208178dcafc7d	1
map_291	aa1a25dfda4954c24b28f19bce958dabe18723886f6a8e7bb119f2a1d5da28b5	1
map_292	d6a584c47ce9a4e5e31fad9486120dc5fdf40e7daf945e09bde8c938a67de095	1
map_293	f440c28e2fe069facc9ea06fbcf2893a2e4a46902b9a5427c32250c7b78dfd1a	1
map_294	675858be69e7c1ce7120168b81f10dcd9c9e1ba12a6ad2b57f7c75468a7043fa	0
map_295	92a1329b49ab0b109e9dddfa5fa11c0b0628a344bb29decbce7238c1b895cdd8	1
map_296	34639a7d897e9fdf7c18e78323175109781fd337c4ebee7d0dbe1d185562d916	1
map_297	e9f555e31521cd943d87c0a6399afae507c5f871f7cf4822f0c2f65788d633cf	1
map_298	b0089db354fc379b8a4e7ddc4ee7b4fde9624ce481783d8bb1a1572a3701ccca	0
map_299	dd554667a44d216754a86b41f0785bc2eb9741e648bbe22cfcfdf0bfad26197b	1
map_300	a6aded5a2f19635e3076f2a5f63cffdb633a1f13fc6ffb78210b517bcaf266ac	1
map_301	5647f05ec18958947d32874eeb788fa396a05d0bab7c1b71f112ceb7e9b31eee	0
map_302	675858be69e7c1ce7120168b81f10dcd9c9e1ba12a6ad2b57f7c75468a7043fa	0
map_303	8cdac2b4fcbcc7b93c56880f58d4aa2e065d5fc0d9d94b40687cc9e6cb137c8c	1
map_304	7734dfdf9cbd6668d29367496e0699bbbe990bcabcd06d370a2a74dfcdb70963	1
map_305	5647f05ec18958947d32874eeb788fa396a05d0bab7c1b71f112ceb7e9b31eee	0
map_306	8e146fa60c25c0a16bbd6533721e39c69adcb9734659e7271770cf6c6a6e50ef	1
map_307	99f77faa748d16cf89dd0aaaecfb7a7e6eae3ec3879160f01e745af437cf0318	1
map_308	c96fa835c15f3bad68ea110aa6da09ee6073bd00b95e5872be8f73e2af6cb997	1
map_309	ced333436f2f0174e103c4ede3d87011b934332fe725d480ae0bdbdc0e950a95	1
map_310	8c5f9ac05c5f7b95df302368715d071c61d18cfa0b558f1ff149c30f5c45412a	1
map_311	5647f05ec18958947d32874eeb788fa396a05d0bab7c1b71f112ceb7e9b31eee	0
map_312	5647f05ec18958947d32874eeb788fa396a05d0bab7c1b71f112ceb7e9b31eee	0
map_313	5647f05ec18958947d32874eeb788fa396a05d0bab7c1b71f112ceb7e9b31eee	0
map_314	5647f05ec18958947d32874eeb788fa396a05d0bab7c1b71f112ceb7e9b31eee	0
map_315	5647f05ec18958947d32874eeb788fa396a05d0bab7c1b71f112ceb7e9b31eee	0
map_316	5647f05ec18958947d32874eeb788fa396a05d0bab7c1b71f112ceb7e9b31eee	0
map_317	5647f05ec18958947d32874eeb788fa396a05d0bab7c1b71f112ceb7e9b31eee	0
map_318	5647f05ec18958947d32874eeb788fa396a05d0bab7c1b71f112ceb7e9b31eee	0
map_319	5647f05ec18958947d32874eeb788fa396a05d0bab7c1b71f112ceb7e9b31eee	0
map_320	5647f05ec18958947d32874eeb788fa396a05d0bab7c1b71f112ceb7e9b31eee	0
map_321	e30e4be6494cf79831dae14092fa24c98c1c9b4686357dd343ca258e1f8e0d4d	1
map_322	48cb7f72bf6310ff3d1ce5572bf0696e7b2cf491e4b1bb61ba249ce689ed10c1	1
map_323	ff04774b0e17c05bdda39ea4fa9624b60a992d5bfc70e5238e1226ce07d2e044	1
map_324	ba2a8d8c42f85f9bb781773848f0251943ddee434a5d11214fcb863e8423860e	1
map_325	51aeb7a36995445ed0c1fdd901175c687e13757aa99a07f795f0035caa53a12e	1
map_326	4aa6693d921c918be4bc505ed1fa88688b5b5b5fd3152c8f59a0c9b7f00e50f7	1
map_327	cd8175e0a172758e550f62610e9b732e5427933abab32af81a04f01170fdee9e	1
map_328	a76c56a6d7e264be1a24ea7e942877ce49eb6ef8198f0ad8388a19da913038c5	0
map_329	dca0d7d12f97e76e5eb746d083c01b8a93d98ba63a43f8ad33cea7add7c6c801	1
map_330	5647f05ec18958947d32874eeb788fa396a05d0bab7c1b71f112ceb7e9b31eee	0
map_331	a998d9c6b70137ff0d2426650cb3873a46f489ff7abe70b58615717ddf0d4c94	1
map_332	48c4526dfdf246dcea16218df2fb41158f718a548a8356e42f1d532a6628bffe	0
map_333	7531e8d3b4e8b2a611c6d33eb42837a3e7c99271c4a5f9adbdd8f79d47c215c3	1
map_334	7531e8d3b4e8b2a611c6d33eb42837a3e7c99271c4a5f9adbdd8f79d47c215c3	1
map_335	71bea77bdd2ec09a3ca047209f5b1c2324a4996640eef267afa40e4bb80a9ea7	1
map_336	5647f05ec18958947d32874eeb788fa396a05d0bab7c1b71f112ceb7e9b31eee	0
map_337	1c0487c627aefb7623bc2989ef844e7b9a4f6f02188ef41008366ef566c5a066	1
map_338	1c14240e85662e1db11a4ab10d0c94c75b3033c459884e6da3c82e344b155be4	1
map_339	48a6f1ea1d3f412a84ab0a01a819e579169a058e752f59c62a084a531c4561f0	1
map_340	b9fef4220059ff004053b219bc74ea90e52d857e18e0c4ab6a3ec90f2648429b	1
map_341	93de6a7ac2b1c37ecbbd288fcb02637b10a674555b21acd0569f74320b5bc073	1
map_342	78dcf4d34c4e5c9b0a13c2525e2d8725bbc4168c585a21e51f6781766b9db229	1
map_343	96320ce7855884da8e94e69f1110773554198fce159618468b633e4f781746fa	1
map_344	2d3dfa754b3d46b34c5fc7f952b94903f9fcd279f606a5a4eeac18305c28875e	1
map_345	94955c8acf600d8f644ee8b915f67bc3594b7dee88880881f4ed3dbeb8fd126f	1
map_346	e10229054c348a12d01cc53e28451965618ba21d0461726383db9b42a5fb49b7	1
map_347	6e723d325f9e8cb88116db6b77f48afb9488cdf31dd26f2b8b8267c48b4e6fcb	1
map_348	22361a340d60e44d271e50791556c720c1a5df35d20d1be20579db8d870bc433	0
map_349	7e9f17c527e9fffad683ce3e57170f18fea03832b93aec10d3d0b9adae8d0b0a	0
map_350	5647f05ec18958947d32874eeb788fa396a05d0bab7c1b71f112ceb7e9b31eee	0
map_351	81274c478fa1edf03e956e04908bdb1d01bd157a861e1ce81ad8447563c8fb8c	1
map_352	ec1ec5619adcade72bbb0ff6558bccca5a1ccd2f4f82a6d925a1788fe365951f	1
map_353	74c9f20772f10101b547fdcded887189ced98b0db8ac839c79c6a97c339bbf23	1
map_354	5647f05ec18958947d32874eeb788fa396a05d0bab7c1b71f112ceb7e9b31eee	0
map_355	e3ad0acb7d3bd1cfb23b28ace17663a8ebda29c0223a071c9eae30801fd070c6	0
map_356	80d83f9e8b407fed9604636b6150806e8d6a6e92885c945a0dabdd8d390e00d2	1
map_357	bf24f2259b6895b74dd3d377d48e1b86971104e41a14ca547f47f2c0e56924d7	1
map_358	ba97d54d5e4f8de0a6417c0395154e581aeb0f442b1d23f6eaac4f0c044324d3	1
map_359	8c26ab378083d96cb4156888562807ea65e0d24712862d16b13c732800c80f81	1
map_360	8c26ab378083d96cb4156888562807ea65e0d24712862d16b13c732800c80f81	1
map_361	0e129e81906ba6c2df140938e4ed3224aa39bd769d362dbc3c78c4519a3643ad	1
map_362	7e41d0c5e5c79b1d2074cc2ac0778aaf1c5838a633f86e6b9a462cd73c4afda0	1
map_363	3f039dede4a751b6e79883694ba2b94856b0163452e1b490b14374e8669ab4ef	1
map_364	db74cd841c1c48ecfbdffb33a1110b81cadf5ab0ad8653937a2dfcdae99ad434	1
map_365	e90b7baf45562891737d86159c56c4941e2fd180bfcf31eab987e07bd4eca44e	1
map_366	5091a98567c448fe186ae998ff19fbcfdb37d533bdd20b5ed9cb9d55176e0caf	1
map_367	731369a1d3945b76379634fe1098f24d0a5ec3eb2d60283f0fa91f53a2a55c64	1
map_368	0957d8582f16865943d74300934eaedd04eb3f5b9135698ce960be4e43ef3e94	1
map_369	921c76cd051ab35da8e239e68fdcb60ffe8d933805576532e2d92d43d99311db	1
map_370	675858be69e7c1ce7120168b81f10dcd9c9e1ba12a6ad2b57f7c75468a7043fa	0
map_371	ae3677b9c6b7ff6f98cbcf689a38ff16b4fc968562ad0259ca23578294db4ee8	0
map_372	0b1dbf135c37dbf79c1c813fab97176f1189921f4e83b2a97a0c6346fc5318a9	1
map_373	fbb6641bf54da866581c02cc377bae70857771b6ecb3dd35eaae0840969f9be7	1
map_374	ec68f11c9c4bb90dac443482b434552699733f6c3d0aa5c03aa0d1f20ec7d4b8	1
map_375	d74a418d2162fb134cd441a0facdeaeef2e843b69135690f28f41ad1c554ca5e	1
map_376	e5a26b88748b1cf8ac3cce7f5c4ae1b1dd22b25bf208996bb4b79fc12f4362fa	1
map_377	81f173a3936874b01544facab39d9a67182bd1c46a690c5ea2b50b5fe9a9ad55	1
map_378	5647f05ec18958947d32874eeb788fa396a05d0bab7c1b71f112ceb7e9b31eee	0
map_379	5647f05ec18958947d32874eeb788fa396a05d0bab7c1b71f112ceb7e9b31eee	0
map_380	42d2d7bcb49bec388f63f99a6bcfd62d411680ecb672c5de29c71de68ad3f377	1
map_381	5647f05ec18958947d32874eeb788fa396a05d0bab7c1b71f112ceb7e9b31eee	0
map_382	58ed85f3195ad14d2c067bd1140b93ad1ae3d770947d1a4cdd212626e32a5af4	1
map_383	f1a85721b6a728026a92e45e42210b80c5d1dcfa479abc05031938f966ecc284	1
map_384	0febfbb8afd7c6cb5a1553fa8c5bb36a82505a20a59e3feeccb194f5222ca435	1
map_385	36122fa8d619642d59d017f28305d9e93c9f5648f245c5d0ea2daff7785a0851	0
map_386	4aa89aae709f3f3ead3fa3065a534c93e4cd0be839fa8192ed7213bf6d9ace3c	1
map_387	8f5cad530f9df3e94188a198e7ee34282c54e72ab911b725c8a208178dcafc7d	1
map_388	eff308cdb27f33d346332575e7f114c0d5a2cd9a8b746c5f16c555ac8a06e70b	1
map_389	8287f9cc8330aad78121973d6c9b3e44cb6a8fce4f1f8f359cf45fef53015dc0	1
map_390	9a685100f390d1250e3fcea397a671201010d084f595fdfc915d5b6db13f3642	1
map_391	8287f9cc8330aad78121973d6c9b3e44cb6a8fce4f1f8f359cf45fef53015dc0	1
map_392	5e24a650e68113c49e8a4f78ed1d96592411aaf43cf5ebfa0fb98739b7fd7d6f	0
map_393	9ec4ee8d225eb3717b8356ddb0b642a2419355604e14426a4c745de123d4d878	1
map_394	48e9b507e17809af652cf5a7e93b547afffb16d0c07ce276514a9714d4a9d7b0	1
map_395	06e7cb09a1a5d92b4c7dcb8cafd0a4fe2a0a66c3e9e2aaf775501a5ce2b022ae	0
map_396	e6f018941bc3ef41eaec5c4e02a997985d9812e1a48a5a78fba9fcc9cd646f7d	1
map_397	5647f05ec18958947d32874eeb788fa396a05d0bab7c1b71f112ceb7e9b31eee	0
map_398	f1f5f9623732ead1c370e9ea6eb77d556043ab099a30cf7208bafa23f76e0579	0
map_399	812fd1330ebfaeaf62726789746db1b292a15a0506d7a7eb888b2fb2a3d657b7	1
map_400	3c018c6ab1d1adc9ad8eebbb9bb3cb75d4f65a822ff8451e502284007a846900	0
map_401	5647f05ec18958947d32874eeb788fa396a05d0bab7c1b71f112ceb7e9b31eee	0
map_402	5647f05ec18958947d32874eeb788fa396a05d0bab7c1b71f112ceb7e9b31eee	0
map_403	5647f05ec18958947d32874eeb788fa396a05d0bab7c1b71f112ceb7e9b31eee	0
map_404	7ab4a47bda77d25be08831c0bd87ae44c9348ed8b785a1c12644d9f340fc1799	0
map_405	5647f05ec18958947d32874eeb788fa396a05d0bab7c1b71f112ceb7e9b31eee	0
map_406	5647f05ec18958947d32874eeb788fa396a05d0bab7c1b71f112ceb7e9b31eee	0
map_407	4e3e0190e4fe58f99655b8ef6ce006f7ae3aef6434545771769c45d3bfc659ae	1
map_408	6953f02cafed3aa228a0ffaf683289ab241a965485ffc45804412f288846fb53	1
map_409	3bf89bfead154be7e59e2cca53c34b993f61cf0a7571edf735f01c9c83ab53db	1
map_410	a9c8e6f8624fb84957cd8bd91a23357cb49b2ab6615fcf892bcde8ee772918c0	1
map_411	a5827dd9debb19045527d3d25a62c008d3b1767e48b5b001bd15ac64025a35aa	1
map_412	5647f05ec18958947d32874eeb788fa396a05d0bab7c1b71f112ceb7e9b31eee	0
map_413	5647f05ec18958947d32874eeb788fa396a05d0bab7c1b71f112ceb7e9b31eee	0
map_414	5647f05ec18958947d32874eeb788fa396a05d0bab7c1b71f112ceb7e9b31eee	0
map_415	cd8175e0a172758e550f62610e9b732e5427933abab32af81a04f01170fdee9e	1
map_416	7531e8d3b4e8b2a611c6d33eb42837a3e7c99271c4a5f9adbdd8f79d47c215c3	1
map_417	0d59b5848d96d7dd87010b8503a4f53c40b9991eb3ef71fae1205675632c07f6	1
map_418	fd5d6ab19ecad1ae7f1029d8163c526c93c254ccc92f293841f346aba1d73694	1
map_419	7531e8d3b4e8b2a611c6d33eb42837a3e7c99271c4a5f9adbdd8f79d47c215c3	1
map_420	b0ad776b08f15e9211aa5d6b7baabba1574508f1fc18863a29856ae0e863d966	1
map_421	3d8fede65fab0e87b821a39fe2d313e1abcc1040ea09e61f2ce4d531b22f1ed8	1
map_422	5127efcab4cb758a8e7e8a33ec06ce5d45d5c6b216d33d09507cd23266c82fcd	1
map_423	26019963ac1200ef3e498fcb1e5e2669f6707211ed5280706ace01b918f1121b	1
map_424	dd7baf47a98b969850bae2a55ea4950c7b1eba2b8c6a9f4c3fc122ea59cee53a	1
map_425	25be24e542e26600dad0136bc897359a17b678a8eec4f6e6c4f0ac62354dc99d	1
map_426	b727ff02f0a3d12ca306f1ad020633583a112b65a3d12faeb2f4d064a1d82219	1
map_427	5647f05ec18958947d32874eeb788fa396a05d0bab7c1b71f112ceb7e9b31eee	0
map_428	5647f05ec18958947d32874eeb788fa396a05d0bab7c1b71f112ceb7e9b31eee	0
map_429	9870d68abae2aa4508de1f64a606cefe7acf2e620a583bd59c32bed3a182c28c	1
map_430	8b33db7919f5583333f9216a7400f8e125abe9739388ca6ff34a1fad12e62ab9	1
map_431	4e3e0190e4fe58f99655b8ef6ce006f7ae3aef6434545771769c45d3bfc659ae	1
map_432	afae9210c7adaa86891303338826695047de8c15ee062f21e2a7306ade5a5ebe	1
map_433	5647f05ec18958947d32874eeb788fa396a05d0bab7c1b71f112ceb7e9b31eee	0
map_434	ba63ee6856ad7ea3e6b68da0c84bdf5731c6343ac1e29f232b36a52ecfe8308d	0
map_435	0ea83362a8844660a2accd839490c065bbe71ed2518e949ffc86e97994d2e8cf	1
map_436	0ea83362a8844660a2accd839490c065bbe71ed2518e949ffc86e97994d2e8cf	1
map_437	0ea83362a8844660a2accd839490c065bbe71ed2518e949ffc86e97994d2e8cf	1
map_438	0ea83362a8844660a2accd839490c065bbe71ed2518e949ffc86e97994d2e8cf	1
map_439	85aa4125767f9adf8c604eb3ceda9662cb00fd826df4c529b68da67cd278cff0	1
map_440	3806dfa8b4074baa67221ea1733595d9390b4de472967901b0d4a9cec8427765	1
map_441	d9bafaa3c86c8c96ff03a3038e7a85ae12fdfe6c3b5e805585aee752da72f213	1
map_442	7645f40309eeadeb13ad8da204ed584a3e0554d240b193410951e4ab2407cb63	1
map_443	f5af055f1570c972375915237ce18ee32eb328dcad4f98be432f0e148bd65739	1
map_444	10b6631c7c24b2cf055dab3c091a87e7828448fd384540570111783f50dc155e	1
map_445	97453cc8a2a0bc1f83293298128b3969503f3837c8d28d52c97276154a2b0635	1
map_446	fc8e7d747ba4c43d6519a8cd809fc45a4a08da29f48af63b48dbb72432216844	1
map_447	91e233fcff60d87cfb098cbfa0b2c046c8974ffb8935000abc72dfc7d8cf4668	1
map_448	9dccc85ba397e6531ffbdea75d53a7f900ba2410a01a57f334d885366fdcbef5	1
map_449	96607fe4850490bdeaab000282e755737b135f25b2a7b1de639df49d89dbf422	1
map_450	fcdab338b4cce8ea08694a1f8f92f4eefefe2a92cd0333eaee3393b568017061	1
map_451	eff308cdb27f33d346332575e7f114c0d5a2cd9a8b746c5f16c555ac8a06e70b	1
map_452	5647f05ec18958947d32874eeb788fa396a05d0bab7c1b71f112ceb7e9b31eee	0
map_453	5647f05ec18958947d32874eeb788fa396a05d0bab7c1b71f112ceb7e9b31eee	0
map_454	5647f05ec18958947d32874eeb788fa396a05d0bab7c1b71f112ceb7e9b31eee	0
map_455	5647f05ec18958947d32874eeb788fa396a05d0bab7c1b71f112ceb7e9b31eee	0
map_456	5647f05ec18958947d32874eeb788fa396a05d0bab7c1b71f112ceb7e9b31eee	0
map_457	5647f05ec18958947d32874eeb788fa396a05d0bab7c1b71f112ceb7e9b31eee	0
map_458	5647f05ec18958947d32874eeb788fa396a05d0bab7c1b71f112ceb7e9b31eee	0
map_459	5647f05ec18958947d32874eeb788fa396a05d0bab7c1b71f112ceb7e9b31eee	0
map_460	5647f05ec18958947d32874eeb788fa396a05d0bab7c1b71f112ceb7e9b31eee	0
map_461	5647f05ec18958947d32874eeb788fa396a05d0bab7c1b71f112ceb7e9b31eee	0
map_462	5647f05ec18958947d32874eeb788fa396a05d0bab7c1b71f112ceb7e9b31eee	0
map_463	5647f05ec18958947d32874eeb788fa396a05d0bab7c1b71f112ceb7e9b31eee	0
map_464	5647f05ec18958947d32874eeb788fa396a05d0bab7c1b71f112ceb7e9b31eee	0
map_465	5647f05ec18958947d32874eeb788fa396a05d0bab7c1b71f112ceb7e9b31eee	0
map_466	5647f05ec18958947d32874eeb788fa396a05d0bab7c1b71f112ceb7e9b31eee	0
map_467	5647f05ec18958947d32874eeb788fa396a05d0bab7c1b71f112ceb7e9b31eee	0
map_468	5647f05ec18958947d32874eeb788fa396a05d0bab7c1b71f112ceb7e9b31eee	0
map_469	5647f05ec18958947d32874eeb788fa396a05d0bab7c1b71f112ceb7e9b31eee	0
map_470	5647f05ec18958947d32874eeb788fa396a05d0bab7c1b71f112ceb7e9b31eee	0
map_471	8aff7943e812786832a256c1632cb54fcbccc5cbbd8428e044865647b1152c13	1
map_472	6b51763c2a8b6f5e071c6571571f9cc36ecc0673766003c5baeaf896f82d179e	1
map_473	b55e9d82fc9dead80e0fbdb9241f3fd4e5334c6090c7e52962b425110df86799	1
map_474	e4dfcf3a6d6e9aae2d35c94594daa725da1820a7b3040683579e851364bb6710	0
map_475	ed796d759e9b596f52fb3fa8c351771864f2f03cb054e90d14b587fb635c85f7	1
map_476	c28b2bd7d74d234ce1b95715849ad769863eae33f9a8d29bcd3a40edd867368e	1
map_477	5647f05ec18958947d32874eeb788fa396a05d0bab7c1b71f112ceb7e9b31eee	0
map_478	4e51e94e6eaac27e9854cbebf92b8b7a0ba799c1bacc316044548aa1fa6158df	1
map_479	029be33bec6db4de68b3aa189937ca8ee6ba8c7d41e230d94b1ba93acdc41c74	1
map_480	1baa9de4047e9f855f466068d8f3483cd65690e0701cc4019f14d2dcf19bd1b4	1
map_481	003864daa810c22091cbcb01b9af6d4c69cef59f5aa4ecb6cec0667067c88ee5	1
map_482	f6552bea82ea5ed2d7907949772a22beaa061cf736ef920b19563084220a0143	1
