file	page	palette	SourceX	SourceY	Swidth	Sheight	AtlasX	AtlasY	refs
map_alundra	2	0	152	88	24	16	301	204	3
map_alundra	2	0	144	104	48	32	457	138	3
map_alundra	2	1	152	72	24	16	276	204	20
map_alundra	2	1	152	56	24	16	226	204	15
map_alundra	2	1	176	56	24	16	251	204	10
map_alundra	5	2	176	64	16	16	127	204	26
map_alundra	5	2	177	65	16	16	161	204	17
map_alundra	5	2	176	65	16	16	144	204	2
map_alundra	4	3	16	216	24	24	175	179	27
map_alundra	4	3	8	176	8	8	63	228	56
map_alundra	4	4	8	176	8	8	72	228	16
map_alundra	4	3	40	216	24	24	200	179	21
map_alundra	4	4	9	177	8	8	108	228	5
map_alundra	4	3	9	177	8	8	99	228	13
map_alundra	4	4	32	176	24	24	125	179	8
map_alundra	4	3	32	176	24	24	100	179	32
map_alundra	4	3	64	216	24	24	250	179	4
map_alundra	4	3	88	216	24	24	275	179	2
map_alundra	5	2	1	40	47	40	287	81	11
map_alundra	5	5	1	40	47	40	335	81	16
map_alundra	5	4	24	136	48	40	432	81	41
map_alundra	5	3	56	184	8	8	117	228	50
map_alundra	5	3	56	176	8	8	81	228	51
map_alundra	5	5	192	80	40	64	185	0	23
map_alundra	5	3	248	248	7	7	450	228	1
map_alundra	3	0	224	1	31	63	226	0	6
map_alundra	2	0	216	112	39	24	366	179	2
map_alundra	2	0	208	136	47	32	409	138	2
map_alundra	2	6	216	112	39	24	406	179	2
map_alundra	3	1	224	176	8	8	90	228	1
map_alundra	4	7	232	224	23	16	202	204	25
map_alundra	4	7	232	240	23	15	375	204	19
map_alundra	4	7	112	240	24	15	424	204	4
map_alundra	5	3	24	80	56	56	315	0	52
map_alundra	5	4	120	216	40	39	106	138	235
map_alundra	5	4	136	160	56	56	57	81	1
map_alundra	5	2	120	216	40	39	65	138	82
map_alundra	5	3	24	208	24	24	150	179	1
map_alundra	5	3	24	232	24	23	487	179	1
map_alundra	5	3	72	208	48	47	164	81	7
map_alundra	5	3	48	232	24	23	0	204	5
map_alundra	5	4	72	208	48	47	213	81	5
map_alundra	4	0	24	136	24	24	75	179	1
map_alundra	4	0	240	192	15	16	111	204	30
map_alundra	3	7	184	24	8	8	466	204	16
map_alundra	3	7	184	32	16	8	179	228	7
map_alundra	3	7	192	24	8	8	484	204	10
map_alundra	4	0	24	136	24	40	262	81	4
map_alundra	4	0	48	136	24	32	229	138	1
map_alundra	3	0	184	32	16	8	162	228	1
map_alundra	3	0	184	24	8	8	457	204	4
map_alundra	3	0	192	24	8	8	475	204	2
map_alundra	0	7	120	40	8	8	493	204	1
map_alundra	5	8	24	80	56	56	372	0	1
map_alundra	5	9	176	40	24	24	0	179	59
map_alundra	5	2	24	136	48	40	383	81	2
map_alundra	5	9	1	32	7	8	449	204	1
map_alundra	5	3	136	160	56	56	0	81	32
map_alundra	5	5	24	176	32	32	254	138	75
map_alundra	5	2	1	1	7	7	418	228	27
map_alundra	5	5	32	200	16	8	230	228	6
map_alundra	5	5	32	176	16	8	196	228	6
map_alundra	5	5	24	184	8	16	43	204	6
map_alundra	5	5	48	184	8	16	61	204	6
map_alundra	5	5	64	192	8	8	126	228	12
map_alundra	5	5	72	192	8	8	144	228	12
map_alundra	5	10	24	176	32	32	287	138	35
map_alundra	5	10	32	200	16	8	247	228	3
map_alundra	5	10	32	176	16	8	213	228	3
map_alundra	5	10	24	184	8	16	52	204	3
map_alundra	5	10	48	184	8	16	70	204	3
map_alundra	5	10	64	192	8	8	135	228	6
map_alundra	5	10	72	192	8	8	153	228	6
map_alundra	4	11	40	216	24	24	225	179	7
map_alundra	4	0	232	224	23	16	178	204	5
map_alundra	4	0	232	240	23	15	351	204	4
map_alundra	4	0	112	240	24	15	399	204	4
map_alundra	4	1	200	128	24	24	25	179	1
map_alundra	4	1	224	128	24	24	50	179	1
map_alundra	4	1	224	144	8	8	36	228	3
map_alundra	4	1	232	144	8	8	45	228	3
map_alundra	4	1	240	144	8	8	54	228	3
map_alundra	4	1	240	128	8	8	27	228	3
map_alundra	4	1	224	128	8	8	9	228	3
map_alundra	4	1	232	128	8	8	18	228	3
map_alundra	5	4	160	216	40	39	188	138	2
map_alundra	5	2	160	216	40	39	147	138	20
map_alundra	5	8	80	80	112	80	0	0	418
map_alundra	2	12	192	120	24	16	326	204	10
map_alundra	6	13	56	8	64	40	0	138	2
map_alundra	6	13	56	72	40	32	320	138	18
map_alundra	6	13	96	48	32	24	300	179	18
map_alundra	6	13	56	48	40	24	446	179	18
map_alundra	6	13	96	72	32	24	333	179	18
map_alundra	6	0	120	1	24	47	114	81	58
map_alundra	6	0	1	1	7	7	410	228	25
map_alundra	6	0	144	1	24	47	139	81	18
map_alundra	6	14	1	1	7	7	434	228	1
map_alundra	6	1	1	64	47	32	361	138	16
map_alundra	4	15	136	32	72	8	337	228	16
map_alundra	4	15	136	31	72	8	264	228	6
map_alundra	4	15	1	1	7	7	442	228	2
map_alundra	5	2	24	80	56	56	258	0	2
map_alundra	5	2	136	160	56	56	429	0	1
map_alundra	5	3	232	80	8	16	25	204	15
map_alundra	5	3	240	80	15	16	79	204	14
map_alundra	5	4	240	80	15	16	95	204	5
map_alundra	5	4	232	80	8	16	34	204	3
map_alundra	5	4	120	120	8	8	502	204	1
map_alundra	5	9	249	137	7	64	177	0	12
map_alundra	5	9	248	136	7	64	129	0	10
map_alundra	5	9	248	137	7	64	153	0	3
map_alundra	5	4	249	137	7	64	169	0	2
map_alundra	5	4	248	137	7	64	145	0	1
map_alundra	5	4	248	136	7	64	121	0	2
map_alundra	5	2	249	137	7	64	161	0	2
map_alundra	5	2	248	137	7	64	137	0	1
map_alundra	5	2	248	136	7	64	113	0	2
map_alundra	5	2	128	120	8	8	0	228	1
map_alundra	5	5	1	1	7	7	426	228	2
map_2	0	0	128	88	32	64	0	0	2
map_2	0	0	160	16	64	64	33	0	1
map_7	0	0	80	32	48	32	49	0	75
map_7	0	0	80	64	48	32	196	0	90
map_7	0	1	80	32	48	32	98	0	23
map_7	0	1	80	64	48	32	245	0	15
map_7	0	2	80	64	48	32	294	0	8
map_7	0	3	80	32	48	32	147	0	8
map_7	1	4	96	224	24	16	418	0	1
map_7	1	4	72	224	24	24	368	0	1
map_7	1	4	48	224	24	16	393	0	1
map_7	1	4	24	224	24	24	343	0	1
map_7	0	5	8	144	48	64	0	0	1
map_8	0	0	96	224	24	16	75	0	1
map_8	0	0	72	224	24	24	25	0	1
map_8	0	0	48	224	24	16	50	0	1
map_8	0	0	24	224	24	24	0	0	1
map_10	0	0	8	112	48	48	131	0	125
map_10	1	1	96	224	24	16	255	0	1
map_10	1	1	72	224	24	24	205	0	1
map_10	1	1	48	224	24	16	230	0	1
map_10	1	1	24	224	24	24	180	0	1
map_10	1	2	1	176	31	48	0	0	1
map_10	1	2	32	176	32	48	32	0	1
map_10	1	2	64	176	32	48	65	0	1
map_10	1	2	96	176	32	48	98	0	1
map_11	0	0	1	176	31	48	0	0	1
map_11	0	0	32	176	32	48	32	0	1
map_11	0	0	64	176	32	48	65	0	1
map_11	0	0	96	176	32	48	98	0	1
map_11	0	1	96	224	24	16	206	0	1
map_11	0	1	72	224	24	24	156	0	1
map_11	0	1	48	224	24	16	181	0	1
map_11	0	1	24	224	24	24	131	0	1
map_13	0	0	112	8	48	24	245	0	128
map_13	0	1	64	8	48	32	98	0	94
map_13	0	2	64	8	48	32	147	0	126
map_13	0	3	64	8	48	32	196	0	123
map_13	0	3	8	8	48	40	0	0	116
map_13	0	0	64	8	48	32	49	0	30
map_13	0	3	8	24	48	24	294	0	30
map_14	0	0	8	8	24	64	0	0	2
map_14	0	0	32	8	24	64	25	0	1
map_14	0	0	56	8	24	64	50	0	1
map_14	0	0	80	8	24	64	75	0	1
map_15	0	0	8	1	72	71	0	0	1
map_16	0	0	48	1	64	79	48	0	3
map_16	0	1	1	1	47	79	0	0	3
map_17	0	0	24	1	16	39	17	0	10
map_17	0	0	8	1	16	39	0	0	10
map_17	0	0	1	1	7	7	68	0	2
map_17	0	0	64	1	16	39	51	0	10
map_17	0	0	48	1	16	39	34	0	10
map_21	0	0	112	1	40	63	0	0	5
map_21	0	1	112	88	24	8	100	120	22
map_21	0	1	112	104	24	8	400	120	22
map_21	0	1	112	96	24	8	250	120	22
map_21	0	1	112	80	24	8	462	64	22
map_21	0	1	112	72	24	8	312	64	22
map_21	0	0	152	1	40	63	82	0	4
map_21	0	0	192	1	40	63	205	0	4
map_21	0	0	192	64	40	56	410	0	4
map_21	0	2	112	1	40	55	41	64	1
map_21	0	3	152	1	40	55	164	64	1
map_21	0	4	192	1	40	55	205	64	1
map_21	0	5	192	56	40	56	369	0	1
map_21	0	6	112	1	40	55	82	64	2
map_21	0	0	152	1	40	55	123	64	3
map_21	0	0	192	1	40	47	246	64	3
map_21	0	0	192	56	40	56	328	0	3
map_21	0	0	112	1	40	55	0	64	1
map_21	0	7	112	88	24	8	200	120	1
map_21	0	7	112	104	24	8	0	129	1
map_21	0	7	112	96	24	8	350	120	1
map_21	0	7	112	80	24	8	50	120	1
map_21	0	7	112	72	24	8	412	64	1
map_21	0	2	112	104	24	8	425	120	1
map_21	0	2	112	96	24	8	275	120	1
map_21	0	2	112	88	24	8	125	120	1
map_21	0	2	112	80	24	8	487	64	1
map_21	0	2	112	72	24	8	337	64	1
map_21	0	3	112	104	24	8	450	120	1
map_21	0	3	112	96	24	8	300	120	1
map_21	0	3	112	88	24	8	150	120	1
map_21	0	3	112	80	24	8	0	120	1
map_21	0	3	112	72	24	8	362	64	1
map_21	0	4	112	104	24	8	475	120	1
map_21	0	4	112	96	24	8	325	120	1
map_21	0	4	112	88	24	8	175	120	1
map_21	0	4	112	80	24	8	25	120	1
map_21	0	4	112	72	24	8	387	64	1
map_21	0	6	152	1	40	63	164	0	1
map_21	0	5	192	1	40	63	246	0	1
map_21	0	4	192	64	40	56	451	0	1
map_21	0	3	112	1	40	63	41	0	1
map_21	0	2	152	1	40	63	123	0	1
map_21	0	7	192	1	40	63	287	0	1
map_21	0	0	112	104	24	8	375	120	2
map_21	0	0	112	96	24	8	225	120	1
map_21	0	0	112	88	24	8	75	120	1
map_21	0	0	112	80	24	8	437	64	1
map_21	0	0	112	72	24	8	287	64	2
map_21	0	1	1	1	7	7	25	129	1
map_22	0	0	112	1	40	63	0	0	5
map_22	0	1	112	88	24	8	100	120	22
map_22	0	1	112	104	24	8	400	120	22
map_22	0	1	112	96	24	8	250	120	22
map_22	0	1	112	80	24	8	462	64	22
map_22	0	1	112	72	24	8	312	64	22
map_22	0	0	152	1	40	63	82	0	4
map_22	0	0	192	1	40	63	205	0	4
map_22	0	0	192	64	40	56	410	0	4
map_22	0	2	112	1	40	55	41	64	1
map_22	0	3	152	1	40	55	164	64	1
map_22	0	4	192	1	40	55	205	64	1
map_22	0	5	192	56	40	56	369	0	1
map_22	0	6	112	1	40	55	82	64	2
map_22	0	0	152	1	40	55	123	64	3
map_22	0	0	192	1	40	47	246	64	3
map_22	0	0	192	56	40	56	328	0	3
map_22	0	0	112	1	40	55	0	64	1
map_22	0	7	112	88	24	8	200	120	1
map_22	0	7	112	104	24	8	0	129	1
map_22	0	7	112	96	24	8	350	120	1
map_22	0	7	112	80	24	8	50	120	1
map_22	0	7	112	72	24	8	412	64	1
map_22	0	2	112	104	24	8	425	120	1
map_22	0	2	112	96	24	8	275	120	1
map_22	0	2	112	88	24	8	125	120	1
map_22	0	2	112	80	24	8	487	64	1
map_22	0	2	112	72	24	8	337	64	1
map_22	0	3	112	104	24	8	450	120	1
map_22	0	3	112	96	24	8	300	120	1
map_22	0	3	112	88	24	8	150	120	1
map_22	0	3	112	80	24	8	0	120	1
map_22	0	3	112	72	24	8	362	64	1
map_22	0	4	112	104	24	8	475	120	1
map_22	0	4	112	96	24	8	325	120	1
map_22	0	4	112	88	24	8	175	120	1
map_22	0	4	112	80	24	8	25	120	1
map_22	0	4	112	72	24	8	387	64	1
map_22	0	6	152	1	40	63	164	0	1
map_22	0	5	192	1	40	63	246	0	1
map_22	0	4	192	64	40	56	451	0	1
map_22	0	3	112	1	40	63	41	0	1
map_22	0	2	152	1	40	63	123	0	1
map_22	0	7	192	1	40	63	287	0	1
map_22	0	0	112	104	24	8	375	120	2
map_22	0	0	112	96	24	8	225	120	1
map_22	0	0	112	88	24	8	75	120	1
map_22	0	0	112	80	24	8	437	64	1
map_22	0	0	112	72	24	8	287	64	2
map_22	0	1	1	1	7	7	25	129	1
map_25	0	0	120	1	64	55	360	242	43
map_25	0	0	184	1	71	63	436	177	40
map_25	0	1	112	64	72	64	217	177	4
map_25	0	1	184	1	71	63	0	242	6
map_25	0	0	112	64	72	64	144	177	40
map_25	0	1	184	64	71	64	417	97	4
map_25	0	0	184	64	71	64	345	97	39
map_25	0	1	120	1	64	55	425	242	4
map_25	0	2	112	64	72	64	290	177	40
map_25	0	3	184	64	71	64	72	177	38
map_25	0	3	120	1	64	55	65	306	37
map_25	0	2	184	64	71	64	0	177	37
map_25	0	3	184	1	71	63	144	242	37
map_25	0	2	120	1	64	55	0	306	37
map_25	0	3	112	64	72	64	363	177	35
map_25	0	2	184	1	71	63	72	242	35
map_25	0	4	48	1	64	79	405	0	53
map_25	0	4	8	48	24	72	245	97	92
map_25	0	5	8	48	24	72	270	97	34
map_25	0	4	48	80	64	24	0	410	126
map_25	0	4	1	1	47	7	437	410	1
map_25	0	6	8	48	24	72	295	97	126
map_25	0	7	48	1	64	79	65	97	63
map_25	0	0	1	1	47	7	389	410	5
map_25	0	4	72	208	8	8	372	410	16
map_25	0	0	1	1	47	15	276	410	5
map_25	0	3	8	48	24	72	220	97	15
map_25	0	0	8	48	24	72	195	97	11
map_25	0	0	48	1	64	79	340	0	9
map_25	0	4	1	1	47	15	324	410	1
map_25	0	0	8	1	32	23	195	410	1
map_25	0	0	1	1	47	23	228	410	3
map_25	0	0	1	1	47	31	291	362	7
map_25	0	4	1	1	47	31	339	362	1
map_25	0	0	1	1	47	39	195	362	8
map_25	0	4	1	1	47	39	243	362	1
map_25	0	4	1	1	47	47	0	362	3
map_25	0	0	1	1	47	47	447	306	29
map_25	0	0	1	1	7	7	381	410	11
map_25	0	0	48	80	64	24	387	362	1
map_25	0	6	48	80	64	24	65	410	5
map_25	0	6	48	1	64	79	0	97	5
map_25	0	6	120	1	64	55	130	306	10
map_25	0	6	184	1	71	63	216	242	5
map_25	0	8	8	48	24	72	320	97	12
map_25	0	8	48	80	64	24	130	410	4
map_25	0	8	48	1	64	79	130	97	4
map_25	0	8	120	1	64	55	195	306	8
map_25	0	8	184	1	71	63	288	242	4
map_25	0	4	8	208	48	47	48	362	9
map_25	0	4	9	209	48	47	146	362	4
map_25	0	9	8	128	80	80	162	0	2
map_25	0	4	8	120	80	96	0	0	2
map_25	0	4	184	136	64	48	382	306	2
map_25	0	4	7	209	48	47	97	362	1
map_25	0	0	8	128	80	80	81	0	2
map_25	0	0	184	136	64	48	317	306	2
map_25	0	4	88	128	96	80	243	0	4
map_25	0	4	192	136	56	48	260	306	2
map_41	0	0	64	16	24	32	0	0	3
map_41	0	1	112	16	24	24	25	0	1
map_42	0	0	64	16	24	32	0	0	3
map_42	0	1	112	16	24	24	25	0	1
map_75	0	0	64	40	8	8	49	0	4
map_75	0	1	64	40	8	8	58	0	4
map_75	0	2	64	40	8	8	67	0	4
map_75	0	2	8	40	48	32	0	0	8
map_76	0	0	120	1	64	55	360	242	43
map_76	0	0	184	1	71	63	436	177	40
map_76	0	1	112	64	72	64	217	177	4
map_76	0	1	184	1	71	63	0	242	6
map_76	0	0	112	64	72	64	144	177	40
map_76	0	1	184	64	71	64	417	97	4
map_76	0	0	184	64	71	64	345	97	39
map_76	0	1	120	1	64	55	425	242	4
map_76	0	2	112	64	72	64	290	177	40
map_76	0	3	184	64	71	64	72	177	38
map_76	0	3	120	1	64	55	65	306	37
map_76	0	2	184	64	71	64	0	177	37
map_76	0	3	184	1	71	63	144	242	37
map_76	0	2	120	1	64	55	0	306	37
map_76	0	3	112	64	72	64	363	177	35
map_76	0	2	184	1	71	63	72	242	35
map_76	0	4	48	1	64	79	405	0	53
map_76	0	4	8	48	24	72	245	97	92
map_76	0	5	8	48	24	72	270	97	34
map_76	0	4	48	80	64	24	0	410	126
map_76	0	4	1	1	47	7	437	410	1
map_76	0	6	8	48	24	72	295	97	126
map_76	0	7	48	1	64	79	65	97	63
map_76	0	0	1	1	47	7	389	410	5
map_76	0	4	72	208	8	8	372	410	16
map_76	0	0	1	1	47	15	276	410	5
map_76	0	3	8	48	24	72	220	97	15
map_76	0	0	8	48	24	72	195	97	11
map_76	0	0	48	1	64	79	340	0	9
map_76	0	4	1	1	47	15	324	410	1
map_76	0	0	8	1	32	23	195	410	1
map_76	0	0	1	1	47	23	228	410	3
map_76	0	0	1	1	47	31	291	362	7
map_76	0	4	1	1	47	31	339	362	1
map_76	0	0	1	1	47	39	195	362	8
map_76	0	4	1	1	47	39	243	362	1
map_76	0	4	1	1	47	47	0	362	3
map_76	0	0	1	1	47	47	447	306	29
map_76	0	0	1	1	7	7	381	410	11
map_76	0	0	48	80	64	24	387	362	1
map_76	0	6	48	80	64	24	65	410	5
map_76	0	6	48	1	64	79	0	97	5
map_76	0	6	120	1	64	55	130	306	10
map_76	0	6	184	1	71	63	216	242	5
map_76	0	8	8	48	24	72	320	97	12
map_76	0	8	48	80	64	24	130	410	4
map_76	0	8	48	1	64	79	130	97	4
map_76	0	8	120	1	64	55	195	306	8
map_76	0	8	184	1	71	63	288	242	4
map_76	0	4	8	208	48	47	48	362	9
map_76	0	4	9	209	48	47	146	362	4
map_76	0	9	8	128	80	80	162	0	2
map_76	0	4	8	120	80	96	0	0	2
map_76	0	4	184	136	64	48	382	306	2
map_76	0	4	7	209	48	47	97	362	1
map_76	0	0	8	128	80	80	81	0	2
map_76	0	0	184	136	64	48	317	306	2
map_76	0	4	88	128	96	80	243	0	4
map_76	0	4	192	136	56	48	260	306	2
map_77	0	0	80	32	48	32	0	0	14
map_77	0	0	80	64	48	32	49	0	14
map_78	0	0	80	32	48	32	0	0	14
map_78	0	0	80	64	48	32	49	0	14
map_84	0	0	120	1	64	55	360	242	43
map_84	0	0	184	1	71	63	436	177	40
map_84	0	1	112	64	72	64	217	177	4
map_84	0	1	184	1	71	63	0	242	6
map_84	0	0	112	64	72	64	144	177	40
map_84	0	1	184	64	71	64	417	97	4
map_84	0	0	184	64	71	64	345	97	39
map_84	0	1	120	1	64	55	425	242	4
map_84	0	2	112	64	72	64	290	177	40
map_84	0	3	184	64	71	64	72	177	38
map_84	0	3	120	1	64	55	65	306	37
map_84	0	2	184	64	71	64	0	177	37
map_84	0	3	184	1	71	63	144	242	37
map_84	0	2	120	1	64	55	0	306	37
map_84	0	3	112	64	72	64	363	177	35
map_84	0	2	184	1	71	63	72	242	35
map_84	0	4	48	1	64	79	405	0	53
map_84	0	4	8	48	24	72	245	97	92
map_84	0	5	8	48	24	72	270	97	34
map_84	0	4	48	80	64	24	0	410	126
map_84	0	4	1	1	47	7	437	410	1
map_84	0	6	8	48	24	72	295	97	126
map_84	0	7	48	1	64	79	65	97	63
map_84	0	0	1	1	47	7	389	410	5
map_84	0	4	72	208	8	8	372	410	16
map_84	0	0	1	1	47	15	276	410	5
map_84	0	3	8	48	24	72	220	97	15
map_84	0	0	8	48	24	72	195	97	11
map_84	0	0	48	1	64	79	340	0	9
map_84	0	4	1	1	47	15	324	410	1
map_84	0	0	8	1	32	23	195	410	1
map_84	0	0	1	1	47	23	228	410	3
map_84	0	0	1	1	47	31	291	362	7
map_84	0	4	1	1	47	31	339	362	1
map_84	0	0	1	1	47	39	195	362	8
map_84	0	4	1	1	47	39	243	362	1
map_84	0	4	1	1	47	47	0	362	3
map_84	0	0	1	1	47	47	447	306	29
map_84	0	0	1	1	7	7	381	410	11
map_84	0	0	48	80	64	24	387	362	1
map_84	0	6	48	80	64	24	65	410	5
map_84	0	6	48	1	64	79	0	97	5
map_84	0	6	120	1	64	55	130	306	10
map_84	0	6	184	1	71	63	216	242	5
map_84	0	8	8	48	24	72	320	97	12
map_84	0	8	48	80	64	24	130	410	4
map_84	0	8	48	1	64	79	130	97	4
map_84	0	8	120	1	64	55	195	306	8
map_84	0	8	184	1	71	63	288	242	4
map_84	0	4	8	208	48	47	48	362	9
map_84	0	4	9	209	48	47	146	362	4
map_84	0	9	8	128	80	80	162	0	2
map_84	0	4	8	120	80	96	0	0	2
map_84	0	4	184	136	64	48	382	306	2
map_84	0	4	7	209	48	47	97	362	1
map_84	0	0	8	128	80	80	81	0	2
map_84	0	0	184	136	64	48	317	306	2
map_84	0	4	88	128	96	80	243	0	4
map_84	0	4	192	136	56	48	260	306	2
map_95	0	0	120	1	64	55	360	242	43
map_95	0	0	184	1	71	63	436	177	40
map_95	0	1	112	64	72	64	217	177	4
map_95	0	1	184	1	71	63	0	242	6
map_95	0	0	112	64	72	64	144	177	40
map_95	0	1	184	64	71	64	417	97	4
map_95	0	0	184	64	71	64	345	97	39
map_95	0	1	120	1	64	55	425	242	4
map_95	0	2	112	64	72	64	290	177	40
map_95	0	3	184	64	71	64	72	177	38
map_95	0	3	120	1	64	55	65	306	37
map_95	0	2	184	64	71	64	0	177	37
map_95	0	3	184	1	71	63	144	242	37
map_95	0	2	120	1	64	55	0	306	37
map_95	0	3	112	64	72	64	363	177	35
map_95	0	2	184	1	71	63	72	242	35
map_95	0	4	48	1	64	79	405	0	53
map_95	0	4	8	48	24	72	245	97	92
map_95	0	5	8	48	24	72	270	97	34
map_95	0	4	48	80	64	24	0	410	126
map_95	0	4	1	1	47	7	437	410	1
map_95	0	6	8	48	24	72	295	97	126
map_95	0	7	48	1	64	79	65	97	63
map_95	0	0	1	1	47	7	389	410	5
map_95	0	4	72	208	8	8	372	410	16
map_95	0	0	1	1	47	15	276	410	5
map_95	0	3	8	48	24	72	220	97	15
map_95	0	0	8	48	24	72	195	97	11
map_95	0	0	48	1	64	79	340	0	9
map_95	0	4	1	1	47	15	324	410	1
map_95	0	0	8	1	32	23	195	410	1
map_95	0	0	1	1	47	23	228	410	3
map_95	0	0	1	1	47	31	291	362	7
map_95	0	4	1	1	47	31	339	362	1
map_95	0	0	1	1	47	39	195	362	8
map_95	0	4	1	1	47	39	243	362	1
map_95	0	4	1	1	47	47	0	362	3
map_95	0	0	1	1	47	47	447	306	29
map_95	0	0	1	1	7	7	381	410	11
map_95	0	0	48	80	64	24	387	362	1
map_95	0	6	48	80	64	24	65	410	5
map_95	0	6	48	1	64	79	0	97	5
map_95	0	6	120	1	64	55	130	306	10
map_95	0	6	184	1	71	63	216	242	5
map_95	0	8	8	48	24	72	320	97	12
map_95	0	8	48	80	64	24	130	410	4
map_95	0	8	48	1	64	79	130	97	4
map_95	0	8	120	1	64	55	195	306	8
map_95	0	8	184	1	71	63	288	242	4
map_95	0	4	8	208	48	47	48	362	9
map_95	0	4	9	209	48	47	146	362	4
map_95	0	9	8	128	80	80	162	0	2
map_95	0	4	8	120	80	96	0	0	2
map_95	0	4	184	136	64	48	382	306	2
map_95	0	4	7	209	48	47	97	362	1
map_95	0	0	8	128	80	80	81	0	2
map_95	0	0	184	136	64	48	317	306	2
map_95	0	4	88	128	96	80	243	0	4
map_95	0	4	192	136	56	48	260	306	2
map_109	0	0	112	16	16	16	444	0	3
map_109	0	0	24	1	72	71	0	0	18
map_109	0	1	1	1	23	31	403	0	7
map_109	0	0	96	32	8	8	486	0	3
map_109	0	0	96	16	16	16	427	0	2
map_109	0	0	96	1	16	15	461	0	1
map_109	0	0	112	32	8	8	0	72	7
map_109	0	0	104	32	8	8	495	0	1
map_109	0	2	144	1	32	63	73	0	9
map_109	0	3	144	1	32	63	106	0	12
map_109	0	4	144	1	32	63	139	0	12
map_109	0	5	144	1	32	63	172	0	15
map_109	0	6	144	1	32	63	205	0	52
map_109	0	3	1	40	7	8	478	0	14
map_109	0	7	144	1	32	63	238	0	18
map_109	0	8	144	1	32	63	271	0	9
map_109	0	9	144	1	32	63	304	0	23
map_109	0	10	144	1	32	63	337	0	2
map_109	0	11	144	1	32	63	370	0	8
map_135	0	0	8	8	72	64	0	0	3
map_135	0	1	128	32	24	16	313	0	26
map_135	0	1	112	48	32	40	139	0	8
map_135	0	1	112	8	24	24	238	0	24
map_135	0	1	168	1	32	39	172	0	13
map_135	0	1	168	40	32	40	106	0	4
map_135	0	1	136	8	32	24	263	0	2
map_135	0	1	200	32	32	40	73	0	1
map_135	0	1	112	32	16	16	296	0	5
map_135	0	1	200	1	32	31	205	0	5
map_147	0	0	112	16	16	16	114	0	3
map_147	0	0	24	1	72	71	0	0	18
map_147	0	1	1	1	23	31	73	0	7
map_147	0	0	96	32	8	8	148	0	3
map_147	0	0	96	16	16	16	97	0	2
map_147	0	0	96	1	16	15	131	0	1
map_147	0	0	112	32	8	8	166	0	7
map_147	0	0	104	32	8	8	157	0	1
map_161	0	0	1	120	55	48	105	951	13
map_161	0	1	1	120	55	48	161	951	13
map_161	0	2	1	120	55	48	217	951	64
map_161	0	0	72	8	104	112	306	580	37
map_161	1	3	48	24	152	144	153	0	40
map_161	1	4	48	24	152	144	306	0	5
map_161	0	1	72	8	104	112	0	725	11
map_161	1	5	48	24	152	144	0	145	7
map_161	1	6	48	24	152	144	153	145	5
map_161	0	3	72	8	104	112	105	725	3
map_161	1	0	47	25	152	144	153	290	15
map_161	1	3	47	25	152	144	306	290	6
map_161	0	7	1	120	55	48	441	951	16
map_161	1	7	48	24	152	144	306	145	12
map_161	0	4	1	120	55	48	273	951	5
map_161	0	4	72	8	104	112	210	725	3
map_161	0	8	1	120	55	48	0	1056	5
map_161	0	8	72	8	104	112	210	838	3
map_161	1	8	48	24	152	144	0	290	3
map_161	0	5	1	120	55	48	329	951	5
map_161	0	5	72	8	104	112	315	725	3
map_161	1	5	47	25	152	144	153	435	1
map_161	0	6	1	120	55	48	385	951	3
map_161	0	6	72	8	104	112	0	838	2
map_161	1	6	47	25	152	144	306	435	1
map_161	1	8	47	25	152	144	153	580	1
map_161	1	4	47	25	152	144	0	435	1
map_161	0	7	72	8	104	112	105	838	4
map_161	1	7	47	25	152	144	0	580	2
map_161	0	3	0	0	0	0	120	1056	46
map_161	0	0	248	248	7	7	112	1056	2
map_161	0	9	1	120	55	48	56	1056	2
map_161	0	1	72	16	104	104	315	838	2
map_161	0	3	72	16	104	104	0	951	2
map_161	1	3	47	24	152	144	0	0	1
map_162	0	0	1	176	31	48	0	0	1
map_162	0	0	32	176	32	48	32	0	1
map_162	0	0	64	176	32	48	65	0	1
map_162	0	0	96	176	32	48	98	0	1
map_162	0	1	96	224	24	16	206	0	1
map_162	0	1	72	224	24	24	156	0	1
map_162	0	1	48	224	24	16	181	0	1
map_162	0	1	24	224	24	24	131	0	1
map_163	0	0	56	224	24	31	25	0	3
map_163	0	0	32	224	24	31	0	0	3
map_169	0	0	1	176	31	48	0	0	1
map_169	0	0	32	176	32	48	32	0	1
map_169	0	0	64	176	32	48	65	0	1
map_169	0	0	96	176	32	48	98	0	1
map_169	0	1	96	224	24	16	206	0	1
map_169	0	1	72	224	24	24	156	0	1
map_169	0	1	48	224	24	16	181	0	1
map_169	0	1	24	224	24	24	131	0	1
map_176	0	0	1	176	31	48	0	0	1
map_176	0	0	32	176	32	48	32	0	1
map_176	0	0	64	176	32	48	65	0	1
map_176	0	0	96	176	32	48	98	0	1
map_176	0	1	96	224	24	16	206	0	1
map_176	0	1	72	224	24	24	156	0	1
map_176	0	1	48	224	24	16	181	0	1
map_176	0	1	24	224	24	24	131	0	1
map_183	0	0	1	176	31	48	0	0	1
map_183	0	0	32	176	32	48	32	0	1
map_183	0	0	64	176	32	48	65	0	1
map_183	0	0	96	176	32	48	98	0	1
map_183	0	1	96	224	24	16	206	0	1
map_183	0	1	72	224	24	24	156	0	1
map_183	0	1	48	224	24	16	181	0	1
map_183	0	1	24	224	24	24	131	0	1
map_186	0	0	1	176	31	48	0	0	1
map_186	0	0	32	176	32	48	32	0	1
map_186	0	0	64	176	32	48	65	0	1
map_186	0	0	96	176	32	48	98	0	1
map_186	0	1	96	224	24	16	206	0	1
map_186	0	1	72	224	24	24	156	0	1
map_186	0	1	48	224	24	16	181	0	1
map_186	0	1	24	224	24	24	131	0	1
map_193	0	0	1	176	31	48	0	0	1
map_193	0	0	32	176	32	48	32	0	1
map_193	0	0	64	176	32	48	65	0	1
map_193	0	0	96	176	32	48	98	0	1
map_193	0	1	96	224	24	16	206	0	1
map_193	0	1	72	224	24	24	156	0	1
map_193	0	1	48	224	24	16	181	0	1
map_193	0	1	24	224	24	24	131	0	1
map_198	0	0	1	176	31	48	0	0	1
map_198	0	0	32	176	32	48	32	0	1
map_198	0	0	64	176	32	48	65	0	1
map_198	0	0	96	176	32	48	98	0	1
map_198	0	1	96	224	24	16	206	0	1
map_198	0	1	72	224	24	24	156	0	1
map_198	0	1	48	224	24	16	181	0	1
map_198	0	1	24	224	24	24	131	0	1
map_205	0	0	1	176	31	48	0	0	1
map_205	0	0	32	176	32	48	32	0	1
map_205	0	0	64	176	32	48	65	0	1
map_205	0	0	96	176	32	48	98	0	1
map_205	0	1	96	224	24	16	206	0	1
map_205	0	1	72	224	24	24	156	0	1
map_205	0	1	48	224	24	16	181	0	1
map_205	0	1	24	224	24	24	131	0	1
map_212	0	0	1	176	31	48	0	0	1
map_212	0	0	32	176	32	48	32	0	1
map_212	0	0	64	176	32	48	65	0	1
map_212	0	0	96	176	32	48	98	0	1
map_212	0	1	96	224	24	16	206	0	1
map_212	0	1	72	224	24	24	156	0	1
map_212	0	1	48	224	24	16	181	0	1
map_212	0	1	24	224	24	24	131	0	1
map_219	0	0	1	176	31	48	0	0	1
map_219	0	0	32	176	32	48	32	0	1
map_219	0	0	64	176	32	48	65	0	1
map_219	0	0	96	176	32	48	98	0	1
map_219	0	1	96	224	24	16	206	0	1
map_219	0	1	72	224	24	24	156	0	1
map_219	0	1	48	224	24	16	181	0	1
map_219	0	1	24	224	24	24	131	0	1
map_226	0	0	1	176	31	48	0	0	1
map_226	0	0	32	176	32	48	32	0	1
map_226	0	0	64	176	32	48	65	0	1
map_226	0	0	96	176	32	48	98	0	1
map_226	0	1	96	224	24	16	206	0	1
map_226	0	1	72	224	24	24	156	0	1
map_226	0	1	48	224	24	16	181	0	1
map_226	0	1	24	224	24	24	131	0	1
map_230	0	0	1	176	31	48	0	0	1
map_230	0	0	32	176	32	48	32	0	1
map_230	0	0	64	176	32	48	65	0	1
map_230	0	0	96	176	32	48	98	0	1
map_230	0	1	96	224	24	16	206	0	1
map_230	0	1	72	224	24	24	156	0	1
map_230	0	1	48	224	24	16	181	0	1
map_230	0	1	24	224	24	24	131	0	1
map_237	0	0	1	176	31	48	0	0	1
map_237	0	0	32	176	32	48	32	0	1
map_237	0	0	64	176	32	48	65	0	1
map_237	0	0	96	176	32	48	98	0	1
map_237	0	1	96	224	24	16	206	0	1
map_237	0	1	72	224	24	24	156	0	1
map_237	0	1	48	224	24	16	181	0	1
map_237	0	1	24	224	24	24	131	0	1
map_241	0	0	1	176	31	48	0	0	1
map_241	0	0	32	176	32	48	32	0	1
map_241	0	0	64	176	32	48	65	0	1
map_241	0	0	96	176	32	48	98	0	1
map_241	0	1	96	224	24	16	206	0	1
map_241	0	1	72	224	24	24	156	0	1
map_241	0	1	48	224	24	16	181	0	1
map_241	0	1	24	224	24	24	131	0	1
map_248	0	0	1	176	31	48	0	0	1
map_248	0	0	32	176	32	48	32	0	1
map_248	0	0	64	176	32	48	65	0	1
map_248	0	0	96	176	32	48	98	0	1
map_248	0	1	96	224	24	16	206	0	1
map_248	0	1	72	224	24	24	156	0	1
map_248	0	1	48	224	24	16	181	0	1
map_248	0	1	24	224	24	24	131	0	1
map_252	0	0	1	176	31	48	0	0	1
map_252	0	0	32	176	32	48	32	0	1
map_252	0	0	64	176	32	48	65	0	1
map_252	0	0	96	176	32	48	98	0	1
map_252	0	1	96	224	24	16	206	0	1
map_252	0	1	72	224	24	24	156	0	1
map_252	0	1	48	224	24	16	181	0	1
map_252	0	1	24	224	24	24	131	0	1
map_259	0	0	1	176	31	48	0	0	1
map_259	0	0	32	176	32	48	32	0	1
map_259	0	0	64	176	32	48	65	0	1
map_259	0	0	96	176	32	48	98	0	1
map_259	0	1	96	224	24	16	206	0	1
map_259	0	1	72	224	24	24	156	0	1
map_259	0	1	48	224	24	16	181	0	1
map_259	0	1	24	224	24	24	131	0	1
map_266	0	0	1	176	31	48	0	0	1
map_266	0	0	32	176	32	48	32	0	1
map_266	0	0	64	176	32	48	65	0	1
map_266	0	0	96	176	32	48	98	0	1
map_266	0	1	96	224	24	16	206	0	1
map_266	0	1	72	224	24	24	156	0	1
map_266	0	1	48	224	24	16	181	0	1
map_266	0	1	24	224	24	24	131	0	1
map_271	0	0	1	176	31	48	0	0	1
map_271	0	0	32	176	32	48	32	0	1
map_271	0	0	64	176	32	48	65	0	1
map_271	0	0	96	176	32	48	98	0	1
map_271	0	1	96	224	24	16	247	0	1
map_271	0	1	72	224	24	24	156	0	1
map_271	0	1	48	224	24	16	222	0	1
map_271	0	1	24	224	24	24	131	0	1
map_271	1	2	240	16	8	8	313	0	1
map_271	1	2	208	24	40	16	272	0	1
map_271	1	2	192	160	40	24	181	0	1
map_275	0	0	1	176	31	48	0	0	1
map_275	0	0	32	176	32	48	32	0	1
map_275	0	0	64	176	32	48	65	0	1
map_275	0	0	96	176	32	48	98	0	1
map_275	0	1	96	224	24	16	206	0	1
map_275	0	1	72	224	24	24	156	0	1
map_275	0	1	48	224	24	16	181	0	1
map_275	0	1	24	224	24	24	131	0	1
map_282	0	0	1	176	31	48	0	0	1
map_282	0	0	32	176	32	48	32	0	1
map_282	0	0	64	176	32	48	65	0	1
map_282	0	0	96	176	32	48	98	0	1
map_282	0	1	96	224	24	16	206	0	1
map_282	0	1	72	224	24	24	156	0	1
map_282	0	1	48	224	24	16	181	0	1
map_282	0	1	24	224	24	24	131	0	1
map_289	0	0	1	176	31	48	0	0	1
map_289	0	0	32	176	32	48	32	0	1
map_289	0	0	64	176	32	48	65	0	1
map_289	0	0	96	176	32	48	98	0	1
map_289	0	1	96	224	24	16	247	0	1
map_289	0	1	72	224	24	24	156	0	1
map_289	0	1	48	224	24	16	222	0	1
map_289	0	1	24	224	24	24	131	0	1
map_289	1	2	240	16	8	8	313	0	1
map_289	1	2	208	24	40	16	272	0	1
map_289	1	2	192	160	40	24	181	0	1
map_293	0	0	96	224	24	16	206	0	1
map_293	0	0	72	224	24	24	156	0	1
map_293	0	0	48	224	24	16	181	0	1
map_293	0	0	24	224	24	24	131	0	1
map_293	0	1	1	176	31	48	0	0	1
map_293	0	1	32	176	32	48	32	0	1
map_293	0	1	64	176	32	48	65	0	1
map_293	0	1	96	176	32	48	98	0	1
map_297	0	0	96	224	24	16	75	0	1
map_297	0	0	72	224	24	24	25	0	1
map_297	0	0	48	224	24	16	50	0	1
map_297	0	0	24	224	24	24	0	0	1
map_301	0	0	96	224	24	16	75	0	1
map_301	0	0	72	224	24	24	25	0	1
map_301	0	0	48	224	24	16	50	0	1
map_301	0	0	24	224	24	24	0	0	1
map_324	2	0	1	1	71	71	0	0	12
map_324	2	1	1	1	71	71	72	0	12
map_324	2	0	1	120	47	40	216	0	48
map_324	2	2	64	136	8	8	485	0	28
map_324	2	2	64	144	8	8	27	72	24
map_324	2	2	56	144	8	8	0	72	12
map_324	2	2	64	152	8	8	81	72	12
map_324	2	2	56	136	8	8	458	0	24
map_324	2	2	56	152	8	8	54	72	16
map_324	2	3	1	1	71	71	144	0	4
map_324	2	0	64	136	8	8	476	0	12
map_324	2	0	56	152	8	8	45	72	8
map_324	2	0	64	144	8	8	18	72	8
map_324	2	0	56	144	8	8	503	0	4
map_324	2	0	64	152	8	8	72	72	4
map_324	2	0	56	136	8	8	449	0	8
map_324	2	4	1	120	47	40	360	0	12
map_324	2	4	64	136	8	8	494	0	12
map_324	2	4	56	152	8	8	63	72	8
map_324	2	4	64	144	8	8	36	72	8
map_324	2	4	56	144	8	8	9	72	4
map_324	2	4	64	152	8	8	90	72	4
map_324	2	4	56	136	8	8	467	0	8
map_324	2	1	1	120	47	40	264	0	12
map_324	2	3	1	120	47	40	312	0	3
map_324	2	2	1	1	7	7	99	72	1
map_324	2	4	8	216	40	32	408	0	2
map_325	0	0	8	200	40	40	0	0	11
map_325	0	1	8	200	40	40	41	0	3
map_325	0	2	8	200	40	40	82	0	3
map_325	0	3	8	200	40	40	123	0	3
map_327	0	0	1	1	7	7	111	72	66
map_327	1	0	152	1	8	47	9	72	4
map_327	1	1	144	1	8	47	496	0	20
map_327	1	1	136	1	8	47	469	0	42
map_327	1	2	128	1	8	47	451	0	3
map_327	1	0	120	1	8	47	406	0	8
map_327	1	1	152	1	8	47	18	72	22
map_327	1	0	96	1	8	47	325	0	7
map_327	1	2	104	1	8	47	370	0	6
map_327	1	1	104	1	8	47	361	0	45
map_327	1	1	112	1	8	47	388	0	136
map_327	1	1	128	1	8	47	442	0	22
map_327	1	1	120	1	8	47	415	0	68
map_327	1	1	208	1	40	71	41	0	74
map_327	1	1	96	1	8	47	334	0	44
map_327	1	0	104	1	8	47	352	0	6
map_327	1	2	120	1	8	47	424	0	9
map_327	1	2	144	1	8	47	0	72	4
map_327	1	1	168	1	40	71	0	0	77
map_327	1	0	136	1	8	47	460	0	7
map_327	1	2	112	1	8	47	397	0	16
map_327	1	2	96	1	8	47	343	0	6
map_327	1	0	112	1	8	47	379	0	14
map_327	1	0	128	1	8	47	433	0	4
map_327	1	2	136	1	8	47	478	0	6
map_327	1	0	144	1	8	47	487	0	2
map_327	1	1	168	136	80	48	244	0	12
map_327	1	1	88	136	80	48	163	0	25
map_327	1	0	88	136	80	48	82	0	12
map_327	1	2	152	1	8	47	27	72	1
map_327	1	3	120	56	24	24	36	72	10
map_327	1	4	120	56	24	24	61	72	1
map_327	1	5	120	56	24	24	86	72	1
map_331	0	0	8	112	48	48	131	0	125
map_331	1	1	96	224	24	16	255	0	1
map_331	1	1	72	224	24	24	205	0	1
map_331	1	1	48	224	24	16	230	0	1
map_331	1	1	24	224	24	24	180	0	1
map_331	1	2	1	176	31	48	0	0	1
map_331	1	2	32	176	32	48	32	0	1
map_331	1	2	64	176	32	48	65	0	1
map_331	1	2	96	176	32	48	98	0	1
map_337	0	0	32	1	40	63	0	0	69
map_337	0	1	32	1	40	63	41	0	40
map_337	0	2	32	1	40	63	82	0	7
map_337	0	3	32	1	40	63	123	0	11
map_337	0	4	32	1	40	63	164	0	136
map_337	0	5	32	1	40	63	205	0	76
map_337	0	6	32	1	40	63	246	0	13
map_337	0	7	32	1	40	63	287	0	20
map_337	0	5	176	120	24	16	50	64	8
map_337	0	5	152	120	24	16	25	64	8
map_337	0	5	224	104	24	16	0	64	8
map_337	0	7	200	104	24	16	478	0	8
map_337	0	7	176	104	24	16	453	0	8
map_337	0	6	152	104	24	16	428	0	8
map_337	0	4	224	88	24	16	403	0	8
map_337	0	1	200	88	24	16	378	0	8
map_337	0	3	176	88	24	16	353	0	8
map_337	0	3	152	88	24	16	328	0	8
map_337	0	3	200	120	24	16	75	64	8
map_340	0	0	1	64	47	64	196	0	1
map_340	0	0	48	64	48	64	292	0	1
map_340	0	0	96	1	48	63	390	0	1
map_340	0	0	144	1	48	63	439	0	1
map_340	0	0	96	64	48	96	0	0	1
map_340	0	0	144	64	48	96	49	0	1
map_340	0	0	96	160	48	95	98	0	1
map_340	0	0	144	160	48	95	147	0	1
map_340	0	0	1	128	47	64	244	0	2
map_340	0	0	48	128	48	64	341	0	2
map_340	0	0	1	192	47	32	0	97	1
map_340	0	0	48	192	48	32	48	97	1
map_347	0	0	1	1	7	7	36	72	66
map_347	1	0	152	1	8	47	9	72	4
map_347	1	1	144	1	8	47	496	0	20
map_347	1	1	136	1	8	47	469	0	42
map_347	1	2	128	1	8	47	451	0	3
map_347	1	0	120	1	8	47	406	0	8
map_347	1	1	152	1	8	47	18	72	22
map_347	1	0	96	1	8	47	325	0	7
map_347	1	2	104	1	8	47	370	0	6
map_347	1	1	104	1	8	47	361	0	45
map_347	1	1	112	1	8	47	388	0	136
map_347	1	1	128	1	8	47	442	0	22
map_347	1	1	120	1	8	47	415	0	68
map_347	1	1	208	1	40	71	41	0	74
map_347	1	1	96	1	8	47	334	0	44
map_347	1	0	104	1	8	47	352	0	6
map_347	1	2	120	1	8	47	424	0	9
map_347	1	2	144	1	8	47	0	72	4
map_347	1	1	168	1	40	71	0	0	77
map_347	1	0	136	1	8	47	460	0	7
map_347	1	2	112	1	8	47	397	0	16
map_347	1	2	96	1	8	47	343	0	6
map_347	1	0	112	1	8	47	379	0	14
map_347	1	0	128	1	8	47	433	0	4
map_347	1	2	136	1	8	47	478	0	6
map_347	1	0	144	1	8	47	487	0	2
map_347	1	1	168	136	80	48	244	0	12
map_347	1	1	88	136	80	48	163	0	25
map_347	1	0	88	136	80	48	82	0	12
map_347	1	2	152	1	8	47	27	72	1
map_351	0	0	32	1	40	63	0	0	69
map_351	0	1	32	1	40	63	41	0	40
map_351	0	2	32	1	40	63	82	0	7
map_351	0	3	32	1	40	63	123	0	11
map_351	0	4	32	1	40	63	164	0	136
map_351	0	5	32	1	40	63	205	0	76
map_351	0	6	32	1	40	63	246	0	13
map_351	0	7	32	1	40	63	287	0	20
map_351	0	5	176	120	24	16	50	64	8
map_351	0	5	152	120	24	16	25	64	8
map_351	0	5	224	104	24	16	0	64	8
map_351	0	7	200	104	24	16	478	0	8
map_351	0	7	176	104	24	16	453	0	8
map_351	0	6	152	104	24	16	428	0	8
map_351	0	4	224	88	24	16	403	0	8
map_351	0	1	200	88	24	16	378	0	8
map_351	0	3	176	88	24	16	353	0	8
map_351	0	3	152	88	24	16	328	0	8
map_351	0	3	200	120	24	16	75	64	8
map_352	0	0	32	1	40	63	225	0	69
map_352	0	1	32	1	40	63	266	0	40
map_352	0	2	32	1	40	63	307	0	7
map_352	0	3	32	1	40	63	348	0	11
map_352	0	4	32	1	40	63	389	0	136
map_352	0	5	32	1	40	63	430	0	76
map_352	0	6	32	1	40	63	471	0	13
map_352	0	7	32	1	40	63	0	81	20
map_352	0	5	176	120	24	16	100	145	8
map_352	0	5	152	120	24	16	75	145	8
map_352	0	5	224	104	24	16	50	145	8
map_352	0	7	200	104	24	16	25	145	8
map_352	0	7	176	104	24	16	0	145	8
map_352	0	6	152	104	24	16	466	81	8
map_352	0	4	224	88	24	16	441	81	8
map_352	0	1	200	88	24	16	416	81	8
map_352	0	3	176	88	24	16	391	81	8
map_352	0	3	152	88	24	16	366	81	8
map_352	0	3	200	120	24	16	125	145	8
map_352	0	8	80	1	24	31	191	81	8
map_352	0	8	104	1	24	31	241	81	1
map_352	0	8	128	1	24	31	291	81	1
map_352	0	8	80	32	24	32	41	81	1
map_352	0	8	104	32	24	32	91	81	1
map_352	0	8	128	32	24	32	141	81	1
map_352	0	9	80	1	24	31	216	81	8
map_352	0	9	104	1	24	31	266	81	1
map_352	0	9	128	1	24	31	316	81	1
map_352	0	9	80	32	24	32	66	81	1
map_352	0	9	104	32	24	32	116	81	1
map_352	0	9	128	32	24	32	166	81	1
map_352	0	10	8	64	24	80	0	0	27
map_352	0	10	152	1	24	79	75	0	6
map_352	0	10	176	1	24	79	150	0	5
map_352	0	10	8	64	24	16	341	81	48
map_352	0	10	200	1	24	79	175	0	5
map_352	0	10	224	1	24	79	200	0	11
map_352	0	10	8	72	24	8	150	145	4
map_352	0	11	8	64	24	80	25	0	3
map_352	0	11	152	1	24	79	100	0	3
map_352	0	12	8	64	24	80	50	0	3
map_352	0	12	152	1	24	79	125	0	3
map_353	0	0	32	1	40	63	0	0	69
map_353	0	1	32	1	40	63	41	0	40
map_353	0	2	32	1	40	63	82	0	7
map_353	0	3	32	1	40	63	123	0	11
map_353	0	4	32	1	40	63	164	0	136
map_353	0	5	32	1	40	63	205	0	76
map_353	0	6	32	1	40	63	246	0	13
map_353	0	7	32	1	40	63	287	0	20
map_353	0	5	176	120	24	16	50	64	8
map_353	0	5	152	120	24	16	25	64	8
map_353	0	5	224	104	24	16	0	64	8
map_353	0	7	200	104	24	16	478	0	8
map_353	0	7	176	104	24	16	453	0	8
map_353	0	6	152	104	24	16	428	0	8
map_353	0	4	224	88	24	16	403	0	8
map_353	0	1	200	88	24	16	378	0	8
map_353	0	3	176	88	24	16	353	0	8
map_353	0	3	152	88	24	16	328	0	8
map_353	0	3	200	120	24	16	75	64	8
map_357	0	0	1	176	31	48	0	0	1
map_357	0	0	32	176	32	48	32	0	1
map_357	0	0	64	176	32	48	65	0	1
map_357	0	0	96	176	32	48	98	0	1
map_357	0	1	96	224	24	16	247	0	1
map_357	0	1	72	224	24	24	156	0	1
map_357	0	1	48	224	24	16	222	0	1
map_357	0	1	24	224	24	24	131	0	1
map_357	1	2	240	16	8	8	313	0	1
map_357	1	2	208	24	40	16	272	0	1
map_357	1	2	192	160	40	24	181	0	1
map_364	0	0	1	176	31	48	0	0	1
map_364	0	0	32	176	32	48	32	0	1
map_364	0	0	64	176	32	48	65	0	1
map_364	0	0	96	176	32	48	98	0	1
map_364	0	1	96	224	24	16	206	0	1
map_364	0	1	72	224	24	24	156	0	1
map_364	0	1	48	224	24	16	181	0	1
map_364	0	1	24	224	24	24	131	0	1
map_367	0	0	1	176	31	48	0	0	1
map_367	0	0	32	176	32	48	32	0	1
map_367	0	0	64	176	32	48	65	0	1
map_367	0	0	96	176	32	48	98	0	1
map_371	0	0	1	176	31	48	0	0	1
map_371	0	0	32	176	32	48	32	0	1
map_371	0	0	64	176	32	48	65	0	1
map_371	0	0	96	176	32	48	98	0	1
map_371	0	1	96	224	24	16	206	0	1
map_371	0	1	72	224	24	24	156	0	1
map_371	0	1	48	224	24	16	181	0	1
map_371	0	1	24	224	24	24	131	0	1
map_378	0	0	8	104	80	64	388	0	8
map_378	1	0	8	16	96	8	386	402	4
map_378	1	0	8	8	96	120	0	0	4
map_378	0	0	8	176	80	64	81	121	8
map_378	1	0	8	136	96	8	97	419	4
map_378	1	0	8	128	96	120	194	0	4
map_378	1	0	136	16	96	8	0	419	4
map_378	0	0	96	104	80	64	0	121	8
map_378	1	0	136	8	96	120	97	0	4
map_378	0	0	96	176	80	64	162	121	8
map_378	1	0	136	136	96	8	194	419	4
map_378	1	0	136	128	96	120	291	0	4
map_378	0	1	56	8	192	32	192	186	50
map_378	0	1	56	24	192	16	193	368	50
map_378	0	1	56	8	192	16	193	267	50
map_378	0	1	56	32	192	8	0	446	50
map_378	0	1	56	16	192	16	0	334	100
map_378	0	1	56	8	192	8	291	419	50
map_378	0	2	56	8	192	32	0	234	4
map_378	0	2	56	24	192	16	0	385	4
map_378	0	2	56	8	192	16	0	300	4
map_378	0	2	56	32	192	8	193	446	4
map_378	0	2	56	16	192	16	193	334	8
map_378	0	2	56	8	192	8	0	428	4
map_378	0	3	56	8	192	32	193	234	4
map_378	0	3	56	24	192	16	193	385	4
map_378	0	3	56	8	192	16	193	300	4
map_378	0	3	56	32	192	8	0	455	4
map_378	0	3	56	16	192	16	0	351	8
map_378	0	3	56	8	192	8	193	428	4
map_378	0	4	56	8	192	32	0	267	4
map_378	0	4	56	24	192	16	0	402	4
map_378	0	4	56	8	192	16	0	317	4
map_378	0	4	56	32	192	8	193	455	4
map_378	0	4	56	16	192	16	193	351	8
map_378	0	4	56	8	192	8	0	437	4
map_378	0	5	56	24	192	16	193	402	2
map_378	0	5	56	8	192	16	193	317	2
map_378	0	5	56	32	192	8	0	464	2
map_378	0	5	56	16	192	16	0	368	4
map_378	0	5	56	8	192	8	193	437	2
map_378	0	1	1	1	7	7	193	464	1
map_378	0	6	1	1	47	47	387	121	3
map_378	0	7	1	1	47	47	435	121	1
map_378	0	8	1	1	47	47	0	186	1
map_378	0	9	1	1	47	47	48	186	1
map_378	0	10	1	1	47	47	96	186	1
map_378	0	11	1	1	47	47	144	186	1
map_378	0	6	1	1	7	7	201	464	40
map_378	0	6	1	48	47	48	243	121	36
map_378	0	7	1	48	47	48	291	121	2
map_378	0	7	2	49	47	48	339	121	2
map_391	1	0	96	8	104	88	0	0	1
map_391	1	0	8	128	224	88	105	0	1
map_391	2	1	1	72	47	48	255	89	1
map_391	2	1	80	72	175	72	330	0	1
map_391	2	1	1	1	254	71	0	89	1
map_391	1	0	200	216	48	39	303	89	1
map_393	0	0	8	8	24	64	0	0	2
map_393	0	0	32	8	24	64	25	0	1
map_393	0	0	56	8	24	64	50	0	1
map_393	0	0	80	8	24	64	75	0	1
map_393	1	1	96	224	24	16	175	0	1
map_393	1	1	72	224	24	24	125	0	1
map_393	1	1	48	224	24	16	150	0	1
map_393	1	1	24	224	24	24	100	0	1
map_396	0	0	8	176	56	72	0	0	8
map_396	0	1	8	8	40	48	114	73	9
map_396	0	2	8	176	56	72	57	0	8
map_396	0	0	88	16	56	40	278	73	1
map_396	0	0	64	176	56	72	228	0	1
map_396	0	1	48	8	40	48	155	73	2
map_396	0	2	64	176	56	72	285	0	1
map_396	0	2	88	16	56	40	335	73	2
map_396	0	0	120	176	56	72	342	0	1
map_396	0	2	120	176	56	72	399	0	1
map_396	0	3	88	16	56	40	392	73	1
map_396	0	0	176	176	56	72	0	73	1
map_396	0	2	176	176	56	72	57	73	1
map_396	0	3	8	64	32	32	57	146	20
map_396	0	3	1	1	7	7	90	146	29
map_396	0	3	40	56	40	48	196	73	6
map_396	0	4	40	56	40	48	237	73	12
map_396	0	4	8	176	56	72	171	0	14
map_396	0	5	88	16	56	40	449	73	2
map_396	0	3	8	176	56	72	114	0	3
map_396	0	6	88	16	56	40	0	146	3
map_411	0	0	120	1	64	55	360	242	43
map_411	0	0	184	1	71	63	436	177	40
map_411	0	1	112	64	72	64	217	177	4
map_411	0	1	184	1	71	63	0	242	6
map_411	0	0	112	64	72	64	144	177	40
map_411	0	1	184	64	71	64	417	97	4
map_411	0	0	184	64	71	64	345	97	39
map_411	0	1	120	1	64	55	425	242	4
map_411	0	2	112	64	72	64	290	177	40
map_411	0	3	184	64	71	64	72	177	38
map_411	0	3	120	1	64	55	65	306	37
map_411	0	2	184	64	71	64	0	177	37
map_411	0	3	184	1	71	63	144	242	37
map_411	0	2	120	1	64	55	0	306	37
map_411	0	3	112	64	72	64	363	177	35
map_411	0	2	184	1	71	63	72	242	35
map_411	0	4	48	1	64	79	405	0	53
map_411	0	4	8	48	24	72	245	97	92
map_411	0	5	8	48	24	72	270	97	34
map_411	0	4	48	80	64	24	0	410	126
map_411	0	4	1	1	47	7	437	410	1
map_411	0	6	8	48	24	72	295	97	126
map_411	0	7	48	1	64	79	65	97	63
map_411	0	0	1	1	47	7	389	410	5
map_411	0	4	72	208	8	8	372	410	16
map_411	0	0	1	1	47	15	276	410	5
map_411	0	3	8	48	24	72	220	97	15
map_411	0	0	8	48	24	72	195	97	11
map_411	0	0	48	1	64	79	340	0	9
map_411	0	4	1	1	47	15	324	410	1
map_411	0	0	8	1	32	23	195	410	1
map_411	0	0	1	1	47	23	228	410	3
map_411	0	0	1	1	47	31	291	362	7
map_411	0	4	1	1	47	31	339	362	1
map_411	0	0	1	1	47	39	195	362	8
map_411	0	4	1	1	47	39	243	362	1
map_411	0	4	1	1	47	47	0	362	3
map_411	0	0	1	1	47	47	447	306	29
map_411	0	0	1	1	7	7	381	410	11
map_411	0	0	48	80	64	24	387	362	1
map_411	0	6	48	80	64	24	65	410	5
map_411	0	6	48	1	64	79	0	97	5
map_411	0	6	120	1	64	55	130	306	10
map_411	0	6	184	1	71	63	216	242	5
map_411	0	8	8	48	24	72	320	97	12
map_411	0	8	48	80	64	24	130	410	4
map_411	0	8	48	1	64	79	130	97	4
map_411	0	8	120	1	64	55	195	306	8
map_411	0	8	184	1	71	63	288	242	4
map_411	0	4	8	208	48	47	48	362	9
map_411	0	4	9	209	48	47	146	362	4
map_411	0	9	8	128	80	80	162	0	2
map_411	0	4	8	120	80	96	0	0	2
map_411	0	4	184	136	64	48	382	306	2
map_411	0	4	7	209	48	47	97	362	1
map_411	0	0	8	128	80	80	81	0	2
map_411	0	0	184	136	64	48	317	306	2
map_411	0	4	88	128	96	80	243	0	4
map_411	0	4	192	136	56	48	260	306	2
map_415	0	0	1	1	7	7	36	72	66
map_415	1	0	152	1	8	47	9	72	4
map_415	1	1	144	1	8	47	496	0	20
map_415	1	1	136	1	8	47	469	0	42
map_415	1	2	128	1	8	47	451	0	3
map_415	1	0	120	1	8	47	406	0	8
map_415	1	1	152	1	8	47	18	72	22
map_415	1	0	96	1	8	47	325	0	7
map_415	1	2	104	1	8	47	370	0	6
map_415	1	1	104	1	8	47	361	0	45
map_415	1	1	112	1	8	47	388	0	136
map_415	1	1	128	1	8	47	442	0	22
map_415	1	1	120	1	8	47	415	0	68
map_415	1	1	208	1	40	71	41	0	74
map_415	1	1	96	1	8	47	334	0	44
map_415	1	0	104	1	8	47	352	0	6
map_415	1	2	120	1	8	47	424	0	9
map_415	1	2	144	1	8	47	0	72	4
map_415	1	1	168	1	40	71	0	0	77
map_415	1	0	136	1	8	47	460	0	7
map_415	1	2	112	1	8	47	397	0	16
map_415	1	2	96	1	8	47	343	0	6
map_415	1	0	112	1	8	47	379	0	14
map_415	1	0	128	1	8	47	433	0	4
map_415	1	2	136	1	8	47	478	0	6
map_415	1	0	144	1	8	47	487	0	2
map_415	1	1	168	136	80	48	244	0	12
map_415	1	1	88	136	80	48	163	0	25
map_415	1	0	88	136	80	48	82	0	12
map_415	1	2	152	1	8	47	27	72	1
map_425	0	0	24	1	16	39	17	0	10
map_425	0	0	8	1	16	39	0	0	10
map_425	0	0	1	1	7	7	68	0	2
map_425	0	0	64	1	16	39	51	0	10
map_425	0	0	48	1	16	39	34	0	10
map_432	0	0	120	1	64	55	360	242	43
map_432	0	0	184	1	71	63	436	177	40
map_432	0	1	112	64	72	64	217	177	4
map_432	0	1	184	1	71	63	0	242	6
map_432	0	0	112	64	72	64	144	177	40
map_432	0	1	184	64	71	64	417	97	4
map_432	0	0	184	64	71	64	345	97	39
map_432	0	1	120	1	64	55	425	242	4
map_432	0	2	112	64	72	64	290	177	40
map_432	0	3	184	64	71	64	72	177	38
map_432	0	3	120	1	64	55	65	306	37
map_432	0	2	184	64	71	64	0	177	37
map_432	0	3	184	1	71	63	144	242	37
map_432	0	2	120	1	64	55	0	306	37
map_432	0	3	112	64	72	64	363	177	35
map_432	0	2	184	1	71	63	72	242	35
map_432	0	4	48	1	64	79	405	0	53
map_432	0	4	8	48	24	72	245	97	92
map_432	0	5	8	48	24	72	270	97	34
map_432	0	4	48	80	64	24	0	410	126
map_432	0	4	1	1	47	7	437	410	1
map_432	0	6	8	48	24	72	295	97	126
map_432	0	7	48	1	64	79	65	97	63
map_432	0	0	1	1	47	7	389	410	5
map_432	0	4	72	208	8	8	372	410	16
map_432	0	0	1	1	47	15	276	410	5
map_432	0	3	8	48	24	72	220	97	15
map_432	0	0	8	48	24	72	195	97	11
map_432	0	0	48	1	64	79	340	0	9
map_432	0	4	1	1	47	15	324	410	1
map_432	0	0	8	1	32	23	195	410	1
map_432	0	0	1	1	47	23	228	410	3
map_432	0	0	1	1	47	31	291	362	7
map_432	0	4	1	1	47	31	339	362	1
map_432	0	0	1	1	47	39	195	362	8
map_432	0	4	1	1	47	39	243	362	1
map_432	0	4	1	1	47	47	0	362	3
map_432	0	0	1	1	47	47	447	306	29
map_432	0	0	1	1	7	7	381	410	11
map_432	0	0	48	80	64	24	387	362	1
map_432	0	6	48	80	64	24	65	410	5
map_432	0	6	48	1	64	79	0	97	5
map_432	0	6	120	1	64	55	130	306	10
map_432	0	6	184	1	71	63	216	242	5
map_432	0	8	8	48	24	72	320	97	12
map_432	0	8	48	80	64	24	130	410	4
map_432	0	8	48	1	64	79	130	97	4
map_432	0	8	120	1	64	55	195	306	8
map_432	0	8	184	1	71	63	288	242	4
map_432	0	4	8	208	48	47	48	362	9
map_432	0	4	9	209	48	47	146	362	4
map_432	0	9	8	128	80	80	162	0	2
map_432	0	4	8	120	80	96	0	0	2
map_432	0	4	184	136	64	48	382	306	2
map_432	0	4	7	209	48	47	97	362	1
map_432	0	0	8	128	80	80	81	0	2
map_432	0	0	184	136	64	48	317	306	2
map_432	0	4	88	128	96	80	243	0	4
map_432	0	4	192	136	56	48	260	306	2
map_433	0	0	40	72	96	80	98	0	2
map_433	0	0	88	72	48	80	49	0	51
map_433	0	0	40	72	48	80	0	0	51
map_433	0	1	176	152	24	16	293	0	2
map_433	0	1	176	168	24	32	268	0	2
map_433	0	2	96	168	72	64	195	0	2
map_434	0	0	32	1	40	63	0	0	69
map_434	0	1	32	1	40	63	41	0	40
map_434	0	2	32	1	40	63	82	0	7
map_434	0	3	32	1	40	63	123	0	11
map_434	0	4	32	1	40	63	164	0	136
map_434	0	5	32	1	40	63	205	0	76
map_434	0	6	32	1	40	63	246	0	13
map_434	0	7	32	1	40	63	287	0	20
map_434	0	5	176	120	24	16	50	64	8
map_434	0	5	152	120	24	16	25	64	8
map_434	0	5	224	104	24	16	0	64	8
map_434	0	7	200	104	24	16	478	0	8
map_434	0	7	176	104	24	16	453	0	8
map_434	0	6	152	104	24	16	428	0	8
map_434	0	4	224	88	24	16	403	0	8
map_434	0	1	200	88	24	16	378	0	8
map_434	0	3	176	88	24	16	353	0	8
map_434	0	3	152	88	24	16	328	0	8
map_434	0	3	200	120	24	16	75	64	8
map_439	0	0	24	1	16	39	17	0	10
map_439	0	0	8	1	16	39	0	0	10
map_439	0	0	1	1	7	7	68	0	2
map_439	0	0	64	1	16	39	51	0	10
map_439	0	0	48	1	16	39	34	0	10
map_440	0	0	144	192	40	56	0	0	2
map_471	0	0	1	1	7	7	125	0	12
map_471	0	0	72	1	24	31	25	0	14
map_471	0	0	96	1	24	31	50	0	2
map_471	0	0	120	1	24	31	75	0	2
map_471	0	0	144	1	24	31	100	0	2
map_471	0	0	72	32	24	32	0	0	2
map_472	0	0	144	184	24	24	17	0	1
map_472	0	0	128	184	16	24	0	0	1
map_473	0	0	144	184	24	24	17	0	1
map_473	0	0	128	184	16	24	0	0	1
map_474	0	0	200	96	55	56	0	0	2
map_474	0	1	200	96	55	56	56	0	2
map_474	1	2	144	184	24	24	129	0	1
map_474	1	2	128	184	16	24	112	0	1
map_475	0	0	136	160	8	8	442	0	49
map_475	0	0	88	160	40	48	171	0	4
map_475	0	1	136	160	8	8	451	0	24
map_475	0	2	136	160	8	8	460	0	157
map_475	0	3	136	160	8	8	469	0	16
map_475	0	2	88	160	40	48	253	0	4
map_475	0	4	136	160	8	8	478	0	142
map_475	0	5	136	160	8	8	487	0	100
map_475	0	5	88	160	40	48	376	0	4
map_475	0	1	88	160	40	48	212	0	4
map_475	0	3	88	160	40	48	294	0	16
map_475	0	4	88	160	40	48	335	0	31
map_475	0	6	104	88	80	8	0	57	19
map_475	0	6	88	104	56	56	0	0	23
map_475	0	7	1	1	7	7	486	57	27
map_475	0	6	105	89	80	8	243	57	15
map_475	0	8	105	89	80	8	324	57	5
map_475	0	8	104	88	80	8	81	57	5
map_475	0	9	105	89	80	8	405	57	4
map_475	0	9	104	88	80	8	162	57	6
map_475	0	9	88	104	56	56	114	0	2
map_475	0	8	88	104	56	56	57	0	2
map_475	0	10	152	200	24	24	417	0	1
map_476	0	0	120	1	64	55	360	242	43
map_476	0	0	184	1	71	63	436	177	40
map_476	0	1	112	64	72	64	217	177	4
map_476	0	1	184	1	71	63	0	242	6
map_476	0	0	112	64	72	64	144	177	40
map_476	0	1	184	64	71	64	417	97	4
map_476	0	0	184	64	71	64	345	97	39
map_476	0	1	120	1	64	55	425	242	4
map_476	0	2	112	64	72	64	290	177	40
map_476	0	3	184	64	71	64	72	177	38
map_476	0	3	120	1	64	55	65	306	37
map_476	0	2	184	64	71	64	0	177	37
map_476	0	3	184	1	71	63	144	242	37
map_476	0	2	120	1	64	55	0	306	37
map_476	0	3	112	64	72	64	363	177	35
map_476	0	2	184	1	71	63	72	242	35
map_476	0	4	48	1	64	79	405	0	53
map_476	0	4	8	48	24	72	245	97	92
map_476	0	5	8	48	24	72	270	97	34
map_476	0	4	48	80	64	24	0	410	126
map_476	0	4	1	1	47	7	437	410	1
map_476	0	6	8	48	24	72	295	97	126
map_476	0	7	48	1	64	79	65	97	63
map_476	0	0	1	1	47	7	389	410	5
map_476	0	4	72	208	8	8	372	410	16
map_476	0	0	1	1	47	15	276	410	5
map_476	0	3	8	48	24	72	220	97	15
map_476	0	0	8	48	24	72	195	97	11
map_476	0	0	48	1	64	79	340	0	9
map_476	0	4	1	1	47	15	324	410	1
map_476	0	0	8	1	32	23	195	410	1
map_476	0	0	1	1	47	23	228	410	3
map_476	0	0	1	1	47	31	291	362	7
map_476	0	4	1	1	47	31	339	362	1
map_476	0	0	1	1	47	39	195	362	8
map_476	0	4	1	1	47	39	243	362	1
map_476	0	4	1	1	47	47	0	362	3
map_476	0	0	1	1	47	47	447	306	29
map_476	0	0	1	1	7	7	381	410	11
map_476	0	0	48	80	64	24	387	362	1
map_476	0	6	48	80	64	24	65	410	5
map_476	0	6	48	1	64	79	0	97	5
map_476	0	6	120	1	64	55	130	306	10
map_476	0	6	184	1	71	63	216	242	5
map_476	0	8	8	48	24	72	320	97	12
map_476	0	8	48	80	64	24	130	410	4
map_476	0	8	48	1	64	79	130	97	4
map_476	0	8	120	1	64	55	195	306	8
map_476	0	8	184	1	71	63	288	242	4
map_476	0	4	8	208	48	47	48	362	9
map_476	0	4	9	209	48	47	146	362	4
map_476	0	9	8	128	80	80	162	0	2
map_476	0	4	8	120	80	96	0	0	2
map_476	0	4	184	136	64	48	382	306	2
map_476	0	4	7	209	48	47	97	362	1
map_476	0	0	8	128	80	80	81	0	2
map_476	0	0	184	136	64	48	317	306	2
map_476	0	4	88	128	96	80	243	0	4
map_476	0	4	192	136	56	48	260	306	2
map_478	0	0	1	176	31	48	0	0	1
map_478	0	0	32	176	32	48	32	0	1
map_478	0	0	64	176	32	48	65	0	1
map_478	0	0	96	176	32	48	98	0	1
map_480	0	0	1	1	7	7	106	393	2
map_480	1	1	1	192	119	63	256	209	6
map_480	0	1	8	8	24	208	0	0	22
map_480	1	1	1	1	135	183	0	209	6
map_480	0	1	200	168	55	48	0	393	2
map_480	0	2	208	8	24	32	81	393	145
map_480	0	1	32	8	24	208	50	0	22
map_480	1	3	1	192	119	63	376	209	4
map_480	1	0	1	1	135	183	375	0	4
map_480	0	0	32	8	24	208	25	0	38
map_480	1	0	1	192	119	63	136	209	4
map_480	0	1	56	8	24	208	100	0	20
map_480	0	0	56	8	24	208	75	0	20
map_480	0	1	80	8	24	208	150	0	20
map_480	0	0	80	8	24	208	125	0	20
map_480	0	1	104	8	24	208	200	0	16
map_480	0	0	104	8	24	208	175	0	16
map_480	0	1	128	8	24	208	250	0	16
map_480	0	0	128	8	24	208	225	0	16
map_480	0	1	152	8	24	208	300	0	16
map_480	0	0	152	8	24	208	275	0	16
map_480	0	1	176	8	24	208	350	0	16
map_480	0	0	176	8	24	208	325	0	16
map_480	0	1	208	8	24	32	56	393	145
map_481	0	0	240	16	8	8	82	0	1
map_481	0	0	208	24	40	16	41	0	1
map_481	0	0	192	160	40	24	0	0	1
