file	record	Sector5Id	Spritesheet	Palette	SourceX	SourceY	Swidth	Sheight	AtlasX	AtlasY	Signature	already_animation_cell
map_6	4	4	1	0	56	8	48	56	56	264	61778947473409	0
map_6	9	9	3	2	128	88	48	56	128	856	61780294369795	0
map_6	10	10	3	4	176	88	48	56	176	856	61780297516035	0
map_6	11	11	3	6	80	88	48	56	80	856	61780291225091	0
map_6	17	17	1	8	8	8	48	56	8	264	61778944329729	0
map_8	10	10	3	1	176	88	48	56	176	856	61780297515267	0
map_8	46	46	0	3	104	64	48	56	104	64	61779890144000	0
map_10	0	0	1	3	8	120	48	56	8	376	61780823376641	0
map_10	3	3	1	7	104	120	48	56	104	376	61780829669121	0
map_10	4	4	1	9	56	8	48	56	56	264	61778947475713	0
map_10	5	5	1	11	200	8	48	56	200	264	61778956913409	0
map_10	12	12	1	14	56	120	48	56	56	376	61780826525185	0
map_10	15	15	1	15	200	64	48	56	200	320	61779896438529	1
map_10	18	18	1	18	152	8	48	56	152	264	61778953769473	0
map_10	30	30	0	20	152	40	48	56	152	40	61779490640896	0
map_10	46	46	1	22	104	64	48	56	104	320	61779890148865	0
map_11	0	0	0	2	8	120	48	56	8	120	61780823376384	0
map_14	144	144	3	8	8	96	48	56	8	864	61780420724739	0
map_17	122	122	2	13	152	56	48	72	152	568	79371945118978	0
map_41	83	83	1	10	120	176	48	56	120	432	61781770242561	0
map_41	123	123	1	35	8	176	48	56	8	432	61781762908929	0
map_42	83	83	1	12	120	176	48	56	120	432	61781770243073	0
map_42	123	123	1	37	8	176	48	56	8	432	61781762909441	0
map_47	83	83	0	1	120	176	48	56	120	176	61781770240256	0
map_47	123	123	0	16	8	176	48	56	8	176	61781762904064	0
map_48	144	144	3	6	8	96	48	56	8	864	61780420724227	0
map_49	144	144	3	3	8	96	48	56	8	864	61780420723459	0
map_51	144	144	3	6	8	96	48	56	8	864	61780420724227	0
map_52	144	144	3	7	8	96	48	56	8	864	61780420724483	0
map_53	46	46	3	3	104	64	48	56	104	832	61779890144003	0
map_53	144	144	1	3	8	96	48	56	8	352	61780420723457	0
map_54	144	144	1	12	8	96	48	56	8	352	61780420725761	0
map_61	9	9	3	0	128	88	48	56	128	856	61780294369283	0
map_63	11	11	3	0	80	88	48	56	80	856	61780291223555	0
map_64	10	10	3	0	176	88	48	56	176	856	61780297515011	0
map_68	11	11	0	0	80	88	48	56	80	88	61780291223552	0
map_134	161	161	1	0	200	8	48	56	200	264	61778956910593	0
map_135	5	5	2	2	200	8	48	56	200	520	61778956911106	0
map_135	12	12	2	4	56	120	48	56	56	632	61780826522626	0
map_135	18	18	2	5	152	8	48	56	152	520	61778953766146	0
map_135	46	46	2	7	104	64	48	56	104	576	61779890145026	0
map_136	12	12	2	0	56	120	48	56	56	632	61780826521602	0
map_138	0	0	1	0	8	120	48	56	8	376	61780823375873	0
map_138	3	3	1	4	104	120	48	56	104	376	61780829668353	0
map_138	5	5	1	6	200	8	48	56	200	264	61778956912129	0
map_138	12	12	1	8	56	120	48	56	56	376	61780826523649	0
map_138	46	46	1	16	104	64	48	56	104	320	61779890147329	0
map_144	29	29	0	0	72	88	48	56	72	88	61780290699264	0
map_144	30	30	4	2	152	40	48	56	152	1064	61779490636292	0
map_145	4	4	1	0	56	8	48	56	56	264	61778947473409	0
map_162	6	6	0	3	56	64	48	56	56	64	61779886998272	0
map_162	13	13	0	6	152	64	48	56	152	64	61779893290496	0
map_162	17	17	0	7	8	8	48	56	8	8	61778944329472	0
map_163	4	4	0	1	56	8	48	56	56	8	61778947473664	0
map_164	0	0	1	0	8	120	48	56	8	376	61780823375873	0
map_164	3	3	1	3	104	120	48	56	104	376	61780829668097	0
map_164	12	12	1	5	56	120	48	56	56	376	61780826522881	0
map_165	18	18	2	0	152	8	48	56	152	520	61778953764866	0
map_166	15	15	1	0	200	64	48	56	200	320	61779896434689	1
map_167	13	13	1	0	152	64	48	56	152	320	61779893288961	0
map_168	17	17	2	0	8	8	48	56	8	520	61778944327682	0
map_170	4	4	2	0	56	8	48	56	56	520	61778947473410	0
map_171	0	0	1	0	8	120	48	56	8	376	61780823375873	0
map_171	3	3	1	3	104	120	48	56	104	376	61780829668097	0
map_171	12	12	1	5	56	120	48	56	56	376	61780826522881	0
map_172	18	18	3	0	152	8	48	56	152	776	61778953764867	0
map_173	15	15	1	0	200	64	48	56	200	320	61779896434689	1
map_174	13	13	1	0	152	64	48	56	152	320	61779893288961	0
map_175	6	6	1	0	56	64	48	56	56	320	61779886997505	0
map_175	17	17	1	2	8	8	48	56	8	264	61778944328193	0
map_176	12	12	0	3	56	120	48	56	56	120	61780826522368	0
map_176	13	13	0	5	152	64	48	56	152	64	61779893290240	0
map_176	17	17	0	7	8	8	48	56	8	8	61778944329472	0
map_176	18	18	0	10	152	8	48	56	152	8	61778953767424	0
map_177	4	4	1	0	56	8	48	56	56	264	61778947473409	0
map_178	0	0	1	0	8	120	48	56	8	376	61780823375873	0
map_178	3	3	1	3	104	120	48	56	104	376	61780829668097	0
map_178	12	12	1	5	56	120	48	56	56	376	61780826522881	0
map_179	12	12	1	0	56	120	48	56	56	376	61780826521601	0
map_179	18	18	1	2	152	8	48	56	152	264	61778953765377	0
map_180	15	15	1	0	200	64	48	56	200	320	61779896434689	1
map_181	13	13	1	0	152	64	48	56	152	320	61779893288961	0
map_182	6	6	1	0	56	64	48	56	56	320	61779886997505	0
map_183	4	4	0	2	56	8	48	56	56	8	61778947473920	0
map_183	12	12	0	4	56	120	48	56	56	120	61780826522624	0
map_183	13	13	0	6	152	64	48	56	152	64	61779893290496	0
map_183	15	15	0	8	200	64	48	56	200	64	61779896436736	1
map_183	18	18	0	12	152	8	48	56	152	8	61778953767936	0
map_184	4	4	1	0	56	8	48	56	56	264	61778947473409	0
map_185	0	0	1	0	8	120	48	56	8	376	61780823375873	0
map_185	3	3	1	4	104	120	48	56	104	376	61780829668353	0
map_185	5	5	1	6	200	8	48	56	200	264	61778956912129	0
map_185	8	8	4	8	8	80	48	56	8	1104	61780152289284	0
map_185	12	12	1	10	56	120	48	56	56	376	61780826524161	0
map_186	13	13	0	4	152	64	48	56	152	64	61779893289984	0
map_186	18	18	0	5	152	8	48	56	152	8	61778953766144	0
map_187	4	4	1	0	56	8	48	56	56	264	61778947473409	0
map_188	0	0	1	0	8	120	48	56	8	376	61780823375873	0
map_188	3	3	1	3	104	120	48	56	104	376	61780829668097	0
map_188	12	12	1	5	56	120	48	56	56	376	61780826522881	0
map_190	15	15	1	0	200	64	48	56	200	320	61779896434689	1
map_192	6	6	1	0	56	64	48	56	56	320	61779886997505	0
map_192	17	17	1	2	8	8	48	56	8	264	61778944328193	0
map_194	4	4	1	0	56	8	48	56	56	264	61778947473409	0
map_195	0	0	1	0	8	120	48	56	8	376	61780823375873	0
map_195	3	3	1	4	104	120	48	56	104	376	61780829668353	0
map_196	5	5	2	0	200	8	48	56	200	520	61778956910594	0
map_196	12	12	2	3	56	120	48	56	56	632	61780826522370	0
map_196	15	15	2	4	200	64	48	56	200	576	61779896435714	1
map_196	17	17	2	8	8	8	48	56	8	520	61778944329730	0
map_197	12	12	1	0	56	120	48	56	56	376	61780826521601	0
map_197	13	13	1	2	152	64	48	56	152	320	61779893289473	0
map_199	4	4	1	0	56	8	48	56	56	264	61778947473409	0
map_200	0	0	2	0	8	120	48	56	8	632	61780823375874	0
map_200	3	3	2	4	104	120	48	56	104	632	61780829668354	0
map_200	12	12	2	6	56	120	48	56	56	632	61780826523138	0
map_201	18	18	1	0	152	8	48	56	152	264	61778953764865	0
map_202	15	15	1	0	200	64	48	56	200	320	61779896434689	1
map_204	6	6	1	0	56	64	48	56	56	320	61779886997505	0
map_204	17	17	1	2	8	8	48	56	8	264	61778944328193	0
map_205	18	18	0	3	152	8	48	56	152	8	61778953765632	0
map_206	4	4	1	0	56	8	48	56	56	264	61778947473409	0
map_207	0	0	1	0	8	120	48	56	8	376	61780823375873	0
map_207	3	3	1	3	104	120	48	56	104	376	61780829668097	0
map_207	12	12	1	5	56	120	48	56	56	376	61780826522881	0
map_209	15	15	1	0	200	64	48	56	200	320	61779896434689	1
map_211	6	6	1	0	56	64	48	56	56	320	61779886997505	0
map_211	17	17	1	3	8	8	48	56	8	264	61778944328449	0
map_212	17	17	0	2	8	8	48	56	8	8	61778944328192	0
map_213	4	4	1	0	56	8	48	56	56	264	61778947473409	0
map_214	12	12	2	2	56	120	48	56	56	632	61780826522114	0
map_216	15	15	1	0	200	64	48	56	200	320	61779896434689	1
map_217	0	0	1	0	8	120	48	56	8	376	61780823375873	0
map_217	3	3	1	2	104	120	48	56	104	376	61780829667841	0
map_217	12	12	1	4	56	120	48	56	56	376	61780826522625	0
map_217	46	46	1	9	104	64	48	56	104	320	61779890145537	0
map_218	6	6	1	0	56	64	48	56	56	320	61779886997505	0
map_220	4	4	1	0	56	8	48	56	56	264	61778947473409	0
map_221	0	0	1	0	8	120	48	56	8	376	61780823375873	0
map_221	3	3	1	3	104	120	48	56	104	376	61780829668097	0
map_221	12	12	1	5	56	120	48	56	56	376	61780826522881	0
map_222	18	18	1	0	152	8	48	56	152	264	61778953764865	0
map_223	15	15	1	0	200	64	48	56	200	320	61779896434689	1
map_224	46	46	1	8	104	64	48	56	104	320	61779890145281	0
map_225	6	6	1	0	56	64	48	56	56	320	61779886997505	0
map_225	17	17	1	2	8	8	48	56	8	264	61778944328193	0
map_226	0	0	0	2	8	120	48	56	8	120	61780823376384	0
map_226	5	5	0	4	200	8	48	56	200	8	61778956911616	0
map_226	12	12	0	6	56	120	48	56	56	120	61780826523136	0
map_226	17	17	0	7	8	8	48	56	8	8	61778944329472	0
map_226	18	18	0	9	152	8	48	56	152	8	61778953767168	0
map_226	46	46	0	14	104	64	48	56	104	64	61779890146816	0
map_227	4	4	1	0	56	8	48	56	56	264	61778947473409	0
map_228	3	3	1	0	104	120	48	56	104	376	61780829667329	0
map_228	12	12	1	2	56	120	48	56	56	376	61780826522113	0
map_229	0	0	1	0	8	120	48	56	8	376	61780823375873	0
map_229	12	12	1	2	56	120	48	56	56	376	61780826522113	0
map_229	17	17	1	3	8	8	48	56	8	264	61778944328449	0
map_229	46	46	1	7	104	64	48	56	104	320	61779890145025	0
map_231	4	4	1	0	56	8	48	56	56	264	61778947473409	0
map_232	0	0	1	0	8	120	48	56	8	376	61780823375873	0
map_232	3	3	1	3	104	120	48	56	104	376	61780829668097	0
map_232	12	12	1	5	56	120	48	56	56	376	61780826522881	0
map_233	18	18	1	0	152	8	48	56	152	264	61778953764865	0
map_234	15	15	1	0	200	64	48	56	200	320	61779896434689	1
map_235	46	46	1	8	104	64	48	56	104	320	61779890145281	0
map_236	6	6	1	0	56	64	48	56	56	320	61779886997505	0
map_236	46	46	1	3	104	64	48	56	104	320	61779890144001	0
map_237	4	4	0	2	56	8	48	56	56	8	61778947473920	0
map_237	46	46	0	9	104	64	48	56	104	64	61779890145536	0
map_239	3	3	1	0	104	120	48	56	104	376	61780829667329	0
map_240	0	0	1	0	8	120	48	56	8	376	61780823375873	0
map_240	12	12	1	2	56	120	48	56	56	376	61780826522113	0
map_240	18	18	1	3	152	8	48	56	152	264	61778953765633	0
map_241	6	6	0	3	56	64	48	56	56	64	61779886998272	0
map_242	4	4	1	0	56	8	48	56	56	264	61778947473409	0
map_242	12	12	1	2	56	120	48	56	56	376	61780826522113	0
map_243	0	0	1	0	8	120	48	56	8	376	61780823375873	0
map_243	3	3	1	3	104	120	48	56	104	376	61780829668097	0
map_245	15	15	1	0	200	64	48	56	200	320	61779896434689	1
map_246	46	46	1	8	104	64	48	56	104	320	61779890145281	0
map_247	6	6	1	0	56	64	48	56	56	320	61779886997505	0
map_248	12	12	0	2	56	120	48	56	56	120	61780826522112	0
map_249	4	4	1	0	56	8	48	56	56	264	61778947473409	0
map_249	12	12	1	2	56	120	48	56	56	376	61780826522113	0
map_253	4	4	1	0	56	8	48	56	56	264	61778947473409	0
map_254	0	0	1	0	8	120	48	56	8	376	61780823375873	0
map_254	3	3	1	3	104	120	48	56	104	376	61780829668097	0
map_254	12	12	1	5	56	120	48	56	56	376	61780826522881	0
map_255	18	18	1	0	152	8	48	56	152	264	61778953764865	0
map_256	15	15	1	0	200	64	48	56	200	320	61779896434689	1
map_259	46	46	0	8	104	64	48	56	104	64	61779890145280	0
map_260	4	4	1	0	56	8	48	56	56	264	61778947473409	0
map_260	12	12	1	2	56	120	48	56	56	376	61780826522113	0
map_260	46	46	1	5	104	64	48	56	104	320	61779890144513	0
map_261	0	0	1	0	8	120	48	56	8	376	61780823375873	0
map_261	3	3	1	3	104	120	48	56	104	376	61780829668097	0
map_261	12	12	1	5	56	120	48	56	56	376	61780826522881	0
map_261	46	46	1	7	104	64	48	56	104	320	61779890145025	0
map_262	18	18	1	0	152	8	48	56	152	264	61778953764865	0
map_263	15	15	1	0	200	64	48	56	200	320	61779896434689	1
map_265	46	46	2	2	104	64	48	56	104	576	61779890143746	0
map_266	0	0	0	2	8	120	48	56	8	120	61780823376384	0
map_268	3	3	1	0	104	120	48	56	104	376	61780829667329	0
map_269	18	18	1	0	152	8	48	56	152	264	61778953764865	0
map_270	0	0	1	0	8	120	48	56	8	376	61780823375873	0
map_270	12	12	1	2	56	120	48	56	56	376	61780826522113	0
map_270	46	46	1	8	104	64	48	56	104	320	61779890145281	0
map_272	12	12	1	0	56	120	48	56	56	376	61780826521601	0
map_273	3	3	1	0	104	120	48	56	104	376	61780829667329	0
map_274	0	0	1	0	8	120	48	56	8	376	61780823375873	0
map_274	12	12	1	2	56	120	48	56	56	376	61780826522113	0
map_274	18	18	1	3	152	8	48	56	152	264	61778953765633	0
map_274	46	46	1	6	104	64	48	56	104	320	61779890144769	0
map_277	0	0	1	0	8	120	48	56	8	376	61780823375873	0
map_277	3	3	1	4	104	120	48	56	104	376	61780829668353	0
map_277	12	12	1	6	56	120	48	56	56	376	61780826523137	0
map_278	46	46	1	7	104	64	48	56	104	320	61779890145025	0
map_279	15	15	1	0	200	64	48	56	200	320	61779896434689	1
map_282	46	46	0	6	104	64	48	56	104	64	61779890144768	0
map_284	0	0	1	0	8	120	48	56	8	376	61780823375873	0
map_284	3	3	1	4	104	120	48	56	104	376	61780829668353	0
map_284	12	12	1	6	56	120	48	56	56	376	61780826523137	0
map_286	15	15	1	0	200	64	48	56	200	320	61779896434689	1
map_287	46	46	1	8	104	64	48	56	104	320	61779890145281	0
map_288	46	46	2	2	104	64	48	56	104	576	61779890143746	0
map_290	46	46	1	1	104	64	48	56	104	320	61779890143489	0
map_291	3	3	1	0	104	120	48	56	104	376	61780829667329	0
map_291	12	12	1	2	56	120	48	56	56	376	61780826522113	0
map_292	12	12	1	0	56	120	48	56	56	376	61780826521601	0
map_292	46	46	1	7	104	64	48	56	104	320	61779890145025	0
map_293	0	0	0	2	8	120	48	56	8	120	61780823376384	0
map_295	0	0	1	0	8	120	48	56	8	376	61780823375873	0
map_295	3	3	1	4	104	120	48	56	104	376	61780829668353	0
map_295	12	12	1	6	56	120	48	56	56	376	61780826523137	0
map_295	46	46	1	15	104	64	48	56	104	320	61779890147073	0
map_297	3	3	0	1	104	120	48	56	104	120	61780829667584	0
map_297	12	12	0	3	56	120	48	56	56	120	61780826522368	0
map_297	46	46	0	10	104	64	48	56	104	64	61779890145792	0
map_299	0	0	1	0	8	120	48	56	8	376	61780823375873	0
map_299	3	3	1	4	104	120	48	56	104	376	61780829668353	0
map_303	8	8	1	0	8	80	48	56	8	336	61780152287233	0
map_303	30	30	0	2	152	40	48	56	152	40	61779490636288	0
map_308	93	93	0	0	192	192	48	56	192	192	61782043394048	0
map_309	93	93	0	0	192	192	48	56	192	192	61782043394048	0
map_310	46	46	2	0	104	64	48	56	104	576	61779890143234	0
map_321	253	253	1	2	80	8	48	56	80	264	61778949046785	0
map_327	162	162	3	6	200	176	48	72	200	944	79373961528835	0
map_331	0	0	1	3	8	120	48	56	8	376	61780823376641	0
map_331	3	3	1	7	104	120	48	56	104	376	61780829669121	0
map_331	4	4	1	9	56	8	48	56	56	264	61778947475713	0
map_331	5	5	1	11	200	8	48	56	200	264	61778956913409	0
map_331	12	12	1	14	56	120	48	56	56	376	61780826525185	0
map_331	15	15	1	15	200	64	48	56	200	320	61779896438529	1
map_331	18	18	1	18	152	8	48	56	152	264	61778953769473	0
map_331	30	30	0	20	152	40	48	56	152	40	61779490640896	0
map_331	46	46	1	22	104	64	48	56	104	320	61779890148865	0
map_333	4	4	1	0	56	8	48	56	56	264	61778947473409	0
map_334	4	4	1	0	56	8	48	56	56	264	61778947473409	0
map_335	4	4	1	0	56	8	48	56	56	264	61778947473409	0
map_335	17	17	1	2	8	8	48	56	8	264	61778944328193	0
map_347	162	162	3	5	200	176	48	72	200	944	79373961528579	0
map_357	12	12	0	3	56	120	48	56	56	120	61780826522368	0
map_357	17	17	0	5	8	8	48	56	8	8	61778944328960	0
map_358	4	4	1	0	56	8	48	56	56	264	61778947473409	0
map_358	17	17	1	2	8	8	48	56	8	264	61778944328193	0
map_359	12	12	1	0	56	120	48	56	56	376	61780826521601	0
map_360	12	12	1	0	56	120	48	56	56	376	61780826521601	0
map_361	0	0	1	0	8	120	48	56	8	376	61780823375873	0
map_361	3	3	1	2	104	120	48	56	104	376	61780829667841	0
map_361	5	5	1	4	200	8	48	56	200	264	61778956911617	0
map_361	12	12	1	6	56	120	48	56	56	376	61780826523137	0
map_361	46	46	1	15	104	64	48	56	104	320	61779890147073	0
map_362	8	8	1	0	8	80	48	56	8	336	61780152287233	0
map_362	9	9	0	2	128	88	48	56	128	88	61780294369792	0
map_362	10	10	0	4	176	88	48	56	176	88	61780297516032	0
map_363	11	11	1	0	80	88	48	56	80	344	61780291223553	0
map_364	15	15	0	2	200	64	48	56	200	64	61779896435200	1
map_364	18	18	0	5	152	8	48	56	152	8	61778953766144	0
map_365	4	4	1	0	56	8	48	56	56	264	61778947473409	0
map_366	0	0	1	0	8	120	48	56	8	376	61780823375873	0
map_366	3	3	1	4	104	120	48	56	104	376	61780829668353	0
map_366	5	5	1	6	200	8	48	56	200	264	61778956912129	0
map_366	8	8	4	8	8	80	48	56	8	1104	61780152289284	0
map_366	12	12	1	10	56	120	48	56	56	376	61780826524161	0
map_367	17	17	0	1	8	8	48	56	8	8	61778944327936	0
map_372	4	4	1	0	56	8	48	56	56	264	61778947473409	0
map_373	0	0	1	0	8	120	48	56	8	376	61780823375873	0
map_373	12	12	1	3	56	120	48	56	56	376	61780826522369	0
map_374	18	18	1	0	152	8	48	56	152	264	61778953764865	0
map_375	15	15	1	0	200	64	48	56	200	320	61779896434689	1
map_376	13	13	1	0	152	64	48	56	152	320	61779893288961	0
map_377	6	6	1	0	56	64	48	56	56	320	61779886997505	0
map_377	17	17	1	3	8	8	48	56	8	264	61778944328449	0
map_387	46	46	1	1	104	64	48	56	104	320	61779890143489	0
map_388	122	122	4	3	152	56	48	72	152	1080	79371945116420	0
map_388	253	253	2	20	80	8	48	56	80	520	61778949051394	0
map_389	161	161	1	4	200	8	48	56	200	264	61778956911617	0
map_390	161	161	1	5	200	8	48	56	200	264	61778956911873	0
map_391	161	161	1	6	200	8	48	56	200	264	61778956912129	0
map_394	4	4	1	0	56	8	48	56	56	264	61778947473409	0
map_415	162	162	3	3	200	176	48	72	200	944	79373961528067	0
map_416	4	4	1	0	56	8	48	56	56	264	61778947473409	0
map_417	6	6	1	0	56	64	48	56	56	320	61779886997505	0
map_419	4	4	1	0	56	8	48	56	56	264	61778947473409	0
map_420	29	29	0	0	72	88	48	56	72	88	61780290699264	0
map_432	29	29	1	10	72	88	48	56	72	344	61780290701825	0
map_432	253	253	3	12	80	8	48	56	80	776	61778949049347	0
map_435	46	46	2	1	104	64	48	56	104	576	61779890143490	0
map_436	46	46	2	1	104	64	48	56	104	576	61779890143490	0
map_437	46	46	2	1	104	64	48	56	104	576	61779890143490	0
map_438	46	46	2	1	104	64	48	56	104	576	61779890143490	0
map_439	122	122	2	13	152	56	48	72	152	568	79371945118978	0
map_440	93	93	0	5	192	192	48	56	192	192	61782043395328	0
map_449	18	18	4	0	152	8	48	56	152	1032	61778953764868	0
map_451	122	122	4	3	152	56	48	72	152	1080	79371945116420	0
map_451	253	253	2	20	80	8	48	56	80	520	61778949051394	0
map_475	3	3	2	11	104	120	48	56	104	632	61780829670146	0
map_478	0	0	0	1	8	120	48	56	8	120	61780823376128	0
map_478	3	3	0	5	104	120	48	56	104	120	61780829668608	0
map_478	4	4	0	7	56	8	48	56	56	8	61778947475200	0
map_478	5	5	0	9	200	8	48	56	200	8	61778956912896	0
map_478	8	8	4	11	8	80	48	56	8	1104	61780152290052	0
map_478	13	13	0	13	152	64	48	56	152	64	61779893292288	0
map_478	18	18	0	16	152	8	48	56	152	8	61778953768960	0
map_481	5	5	3	1	200	8	48	56	200	776	61778956910851	0
map_481	6	6	3	4	56	64	48	56	56	832	61779886998531	0
map_482	0	0	1	0	8	120	48	56	8	376	61780823375873	0
map_482	3	3	1	4	104	120	48	56	104	376	61780829668353	0
map_482	12	12	1	6	56	120	48	56	56	376	61780826523137	0
map_482	46	46	1	14	104	64	48	56	104	320	61779890146817	0
