path	effect_quad_refs_AtlasXY_from_0	portrait_fields_added
data/map_alundra.json	1671	0
data/map_2.json	1	0
data/map_6.json	0	5
data/map_7.json	223	0
data/map_8.json	3	2
data/map_10.json	132	9
data/map_11.json	7	1
data/map_13.json	531	0
data/map_14.json	3	1
data/map_16.json	3	0
data/map_17.json	32	1
data/map_21.json	172	0
data/map_22.json	172	0
data/map_25.json	1183	0
data/map_41.json	1	2
data/map_42.json	1	2
data/map_47.json	0	2
data/map_48.json	0	1
data/map_49.json	0	1
data/map_51.json	0	1
data/map_52.json	0	1
data/map_53.json	0	2
data/map_54.json	0	1
data/map_61.json	0	1
data/map_63.json	0	1
data/map_64.json	0	1
data/map_68.json	0	1
data/map_75.json	12	0
data/map_76.json	1183	0
data/map_77.json	14	0
data/map_78.json	14	0
data/map_84.json	1183	0
data/map_95.json	1183	0
data/map_109.json	198	0
data/map_134.json	0	1
data/map_135.json	88	4
data/map_136.json	0	1
data/map_138.json	0	5
data/map_144.json	0	2
data/map_145.json	0	1
data/map_147.json	24	0
data/map_161.json	297	0
data/map_162.json	7	3
data/map_163.json	3	1
data/map_164.json	0	3
data/map_165.json	0	1
data/map_166.json	0	1
data/map_167.json	0	1
data/map_168.json	0	1
data/map_169.json	7	0
data/map_170.json	0	1
data/map_171.json	0	3
data/map_172.json	0	1
data/map_173.json	0	1
data/map_174.json	0	1
data/map_175.json	0	2
data/map_176.json	7	4
data/map_177.json	0	1
data/map_178.json	0	3
data/map_179.json	0	2
data/map_180.json	0	1
data/map_181.json	0	1
data/map_182.json	0	1
data/map_183.json	7	5
data/map_184.json	0	1
data/map_185.json	0	5
data/map_186.json	7	2
data/map_187.json	0	1
data/map_188.json	0	3
data/map_190.json	0	1
data/map_192.json	0	2
data/map_193.json	7	0
data/map_194.json	0	1
data/map_195.json	0	2
data/map_196.json	0	4
data/map_197.json	0	2
data/map_198.json	7	0
data/map_199.json	0	1
data/map_200.json	0	3
data/map_201.json	0	1
data/map_202.json	0	1
data/map_204.json	0	2
data/map_205.json	7	1
data/map_206.json	0	1
data/map_207.json	0	3
data/map_209.json	0	1
data/map_211.json	0	2
data/map_212.json	7	1
data/map_213.json	0	1
data/map_214.json	0	1
data/map_216.json	0	1
data/map_217.json	0	4
data/map_218.json	0	1
data/map_219.json	7	0
data/map_220.json	0	1
data/map_221.json	0	3
data/map_222.json	0	1
data/map_223.json	0	1
data/map_224.json	0	1
data/map_225.json	0	2
data/map_226.json	7	6
data/map_227.json	0	1
data/map_228.json	0	2
data/map_229.json	0	4
data/map_230.json	7	0
data/map_231.json	0	1
data/map_232.json	0	3
data/map_233.json	0	1
data/map_234.json	0	1
data/map_235.json	0	1
data/map_236.json	0	2
data/map_237.json	7	2
data/map_239.json	0	1
data/map_240.json	0	3
data/map_241.json	7	1
data/map_242.json	0	2
data/map_243.json	0	2
data/map_245.json	0	1
data/map_246.json	0	1
data/map_247.json	0	1
data/map_248.json	7	1
data/map_249.json	0	2
data/map_252.json	7	0
data/map_253.json	0	1
data/map_254.json	0	3
data/map_255.json	0	1
data/map_256.json	0	1
data/map_259.json	7	1
data/map_260.json	0	3
data/map_261.json	0	4
data/map_262.json	0	1
data/map_263.json	0	1
data/map_265.json	0	1
data/map_266.json	7	1
data/map_268.json	0	1
data/map_269.json	0	1
data/map_270.json	0	3
data/map_271.json	10	0
data/map_272.json	0	1
data/map_273.json	0	1
data/map_274.json	0	4
data/map_275.json	7	0
data/map_277.json	0	3
data/map_278.json	0	1
data/map_279.json	0	1
data/map_282.json	7	1
data/map_284.json	0	3
data/map_286.json	0	1
data/map_287.json	0	1
data/map_288.json	0	1
data/map_289.json	10	0
data/map_290.json	0	1
data/map_291.json	0	2
data/map_292.json	0	2
data/map_293.json	7	1
data/map_295.json	0	4
data/map_297.json	3	3
data/map_299.json	0	2
data/map_301.json	3	0
data/map_303.json	0	2
data/map_308.json	0	1
data/map_309.json	0	1
data/map_310.json	0	1
data/map_321.json	0	1
data/map_324.json	298	0
data/map_325.json	9	0
data/map_327.json	703	1
data/map_331.json	132	9
data/map_333.json	0	1
data/map_334.json	0	1
data/map_335.json	0	2
data/map_337.json	391	0
data/map_340.json	13	0
data/map_347.json	691	1
data/map_351.json	391	0
data/map_352.json	577	0
data/map_353.json	391	0
data/map_357.json	10	2
data/map_358.json	0	2
data/map_359.json	0	1
data/map_360.json	0	1
data/map_361.json	0	5
data/map_362.json	0	3
data/map_363.json	0	1
data/map_364.json	7	2
data/map_365.json	0	1
data/map_366.json	0	5
data/map_367.json	3	1
data/map_371.json	7	0
data/map_372.json	0	1
data/map_373.json	0	2
data/map_374.json	0	1
data/map_375.json	0	1
data/map_376.json	0	1
data/map_377.json	0	2
data/map_378.json	595	0
data/map_387.json	0	1
data/map_388.json	0	2
data/map_389.json	0	1
data/map_390.json	0	1
data/map_391.json	5	1
data/map_393.json	7	0
data/map_394.json	0	1
data/map_396.json	118	0
data/map_411.json	1183	0
data/map_415.json	691	1
data/map_416.json	0	1
data/map_417.json	0	1
data/map_419.json	0	1
data/map_420.json	0	1
data/map_425.json	32	0
data/map_432.json	1183	2
data/map_433.json	59	0
data/map_434.json	391	0
data/map_435.json	0	1
data/map_436.json	0	1
data/map_437.json	0	1
data/map_438.json	0	1
data/map_439.json	32	1
data/map_440.json	0	1
data/map_449.json	0	1
data/map_451.json	0	2
data/map_471.json	32	0
data/map_472.json	1	0
data/map_473.json	1	0
data/map_474.json	4	0
data/map_475.json	637	1
data/map_476.json	1183	0
data/map_478.json	3	7
data/map_480.json	586	0
data/map_481.json	2	2
data/map_482.json	0	4
