map	name	program	offset	open	node	between	mask	after	question
26	Ancient Shrine-26	C[31]	1284	0D@1273	M26_S007	36 06 50	4	51@1285 04@1286[10, 0] 0D@1289[136, 1] 39@1292	[voice id=-1 trimwhitespace=false/]Je suis le maître de ce refuge où se[br trimwhitespace=false/]retrouvent ceux au cœur
331	Church _ Graveyard (probably for events)-331	C[2]	2735	0D@2727	M331_S001	50 36	4	51@2736 39@2737 0D@2738[130, 1] 39@2741	[voice id=0 trimwhitespace=false/][glyph id=18 trimwhitespace=false/][slow trimwhitespace=false/]C'est si beau ici, n'es
134	Church (lobby)-134	B[1]	99	5C@87	M134_S002	50 36 06	4	51@100 39@101 03@102[29, 0] 5C@105[0, 151, 1]	[voice id=0 trimwhitespace=false/]Le Vaisseau de vie ? Il coûte 10 000 florins.[br trimwhitespace=false/]Tu le veux ?[fl
134	Church (lobby)-134	B[2]	187	5C@175	M134_S003	50 36 06	4	51@188 39@189 03@190[29, 0] 5C@193[0, 151, 1]	[voice id=0 trimwhitespace=false/]L'Anneau d'Olga, hein ? Il est très joli,[br trimwhitespace=false/]mais il va te coûte
134	Church (lobby)-134	B[3]	275	5C@263	M134_S004	50 36 06	4	51@276 39@277 03@278[29, 0] 5C@281[0, 151, 1]	[voice id=0 trimwhitespace=false/]Ce Super bracelet est un trésor[br trimwhitespace=false/]très rare ! Je m'en sépare en
134	Church (lobby)-134	B[4]	363	5C@351	M134_S005	50 36 06	4	51@364 39@365 03@366[29, 0] 5C@369[0, 151, 1]	[voice id=0 trimwhitespace=false/]Le Super anneau ? 10 000 florins.[br trimwhitespace=false/]Dois-je te l'emballer ?[fla
134	Church (lobby)-134	C[1]	733	0D@722	M134_S009	50 36 06	4	51@734 39@735 04@736[21, 0] 0D@739[139, 1]	[voice id=0 trimwhitespace=false/]Toi le môme, si tu mets la main sur l'un de[br trimwhitespace=false/]ces Faucons dorés
135	Church-135	C[1]	1056	0D@1048	M135_S001	50 36	4	51@1057 39@1058 03@1059[13, 0] 06@1062[0, 128]	[voice id=0 trimwhitespace=false/]Oui, Alundra, je sais. Wendell s'en est[br trimwhitespace=false/]sorti. Les dieux l'on
135	Church-135	C[6]	1600	0D@1589	M135_S115	50 36 06	4	51@1601 39@1602 04@1603[67, 0] 31@1606[141, 3, 22, 0]	[voice id=0 trimwhitespace=false/]Ce pourrait être un piège. Ce pourrait[glyph id=18 trimwhitespace=false/][br trimwhite
135	Church-135	C[6]	1622	0D@1611	M135_S116	50 36 06	4	51@1623 39@1624 04@1625[45, 0] 09@1628[16]	[voice id=0 trimwhitespace=false/]OK. Me voilà. J'appuie sur[br trimwhitespace=false/]l'interrupteur. Voilà, c'est ça. J
135	Church-135	C[6]	1898	0D@1887	M135_S106	50 36 06	4	51@1899 39@1900 03@1901[11, 0] 0D@1904[227, 1]	[voice id=0 trimwhitespace=false/]Et si je bidouillais cet interrupteur ?[flag id=301 trimwhitespace=false/][yield trimw
135	Church-135	C[6]	2013	0D@2002	M135_S097	50 36 06	4	51@2014 39@2015 03@2016[11, 0] 0D@2019[227, 1]	[voice id=0 trimwhitespace=false/]Veux-tu que j'actionne l'interrupteur ?[flag id=301 trimwhitespace=false/][yield trimw
136	Church-136	B[17]	1009	0D@998	M136_S122	50 36 06	4	51@1010 39@1011 37@1012[20] 04@1014[61, 0]	[voice id=-1 trimwhitespace=false/]Est-ce qu'on met le Livre dans la case[br trimwhitespace=false/]de l'étagère ?[flag i
136	Church-136	B[19]	1165	0D@1154	M136_S122	50 36 06	4	51@1166 39@1167 37@1168[20] 04@1170[61, 0]	[voice id=-1 trimwhitespace=false/]Est-ce qu'on met le Livre dans la case[br trimwhitespace=false/]de l'étagère ?[flag i
68	Coal Mine (unused_)-68	C[1]	870	0D@862	M68_S029	36 50	4	51@871 03@872[26, 0] 00@875 73@876[3]	[voice id=0 trimwhitespace=false/]On dirait que la chance a décidé de me[br trimwhitespace=false/]tourner le dos. J'ai b
68	Coal Mine (unused_)-68	C[1]	889	0D@881	M68_S045	36 50	4	51@890 03@891[7, 0] 74@894[240, 255] 00@897	[voice id=0 trimwhitespace=false/]Comment aurais-je pu deviner[br trimwhitespace=false/]que j'allais avoir un destin aus
11	Debug zone-11	C[35]	383	0D@372	Shared_S126	50 36 06	4	51@384 39@385 04@386[9, 0] 0D@389[127, 1]	[voice id=0 trimwhitespace=false/]Eh, Alundra. Veux-tu[br trimwhitespace=false/]activer le mode tricherie ?[flag id=999 
163	Inoa (inner)-163	B[2]	250	5C@238	M163_S007	50 36 06	4	51@251 39@252 03@253[24, 0] 5C@256[1, 144, 1]	[voice id=0 trimwhitespace=false/]\#Disuse #line:M163_S007_p0 / 
163	Inoa (inner)-163	B[3]	366	5C@354	M163_S008	50 36 06	4	51@367 39@368 03@369[24, 0] 5C@372[1, 144, 1]	[voice id=0 trimwhitespace=false/]Mais ne parlons pas de ça, parlons[br trimwhitespace=false/]plutôt de toi, mon nouvel 
163	Inoa (inner)-163	B[4]	482	5C@470	M163_S009	50 36 06	4	51@483 39@484 03@485[24, 0] 5C@488[1, 144, 1]	[voice id=0 trimwhitespace=false/][glyph id=18 trimwhitespace=false/][slow trimwhitespace=false/][glyph id=18 trimwhites
165	Inoa (inner)-165	C[13]	1494	0D@1483	M165_S007	36 06 50	4	51@1495 39@1496 03@1497[11, 0] 00@1500	
165	Inoa (inner)-165	C[14]	1625	0D@1614	M165_S007	36 06 50	4	51@1626 39@1627 03@1628[11, 0] 00@1631	
172	Inoa (inner)-172	C[13]	938	0D@927	M172_S007	36 06 50	4	51@939 39@940 03@941[11, 0] 00@944	[voice id=1 trimwhitespace=false/]Je me demande quand Olen quittera[br trimwhitespace=false/]son travail. Il ne devrait 
172	Inoa (inner)-172	C[14]	1069	0D@1058	M172_S007	36 06 50	4	51@1070 39@1071 03@1072[11, 0] 00@1075	[voice id=1 trimwhitespace=false/]Je me demande quand Olen quittera[br trimwhitespace=false/]son travail. Il ne devrait 
179	Inoa (inner)-179	B[1]	287	5C@275	M179_S014	50 36 06	4	51@288 39@289 03@290[20, 0] 1A@293[82]	[voice id=0 trimwhitespace=false/]Sens-tu le pouls, Alundra ? Es-tu[br trimwhitespace=false/]prêt à tenter l'expérience 
179	Inoa (inner)-179	C[13]	1470	0D@1459	M179_S007	36 06 50	4	51@1471 39@1472 03@1473[11, 0] 00@1476	[voice id=2 trimwhitespace=false/]Septimus, s'il te plaît, aide mon grand-père ![br trimwhitespace=false/]Tu es le seul 
179	Inoa (inner)-179	C[14]	1601	0D@1590	M179_S007	36 06 50	4	51@1602 39@1603 03@1604[11, 0] 00@1607	[voice id=2 trimwhitespace=false/]Septimus, s'il te plaît, aide mon grand-père ![br trimwhitespace=false/]Tu es le seul 
192	Inoa (inner)-192	C[2]	94	0D@83	M192_S001	50 36 06	4	51@95 39@96 03@97[10, 0] 0D@100[131, 1]	[voice id=1 trimwhitespace=false/]Je t'attendais, Alundra.[br trimwhitespace=false/]Les rêves que je fais quand je suis[
196	Inoa (inner)-196	C[2]	638	5C@626	M196_S023	50 36 06	4	51@639 39@640 03@641[11, 0] 11@644	[voice id=-1 trimwhitespace=false/]Entrer dans le rêve de Bonaire ?[flag id=999 trimwhitespace=false/][yield trimwhitesp
221	Inoa (inner)-221	C[1]	125	0D@114	M221_S002	50 36 06	4	51@126 39@127 00@128 00@129	[voice id=0 trimwhitespace=false/]As-tu vu Kline ?[flag id=999 trimwhitespace=false/][yield trimwhitespace=false/] #line
221	Inoa (inner)-221	C[1]	215	0D@204	M221_S004	50 36 06	4	51@216 39@217 03@218[16, 0] 02@221[99, 0]	[voice id=0 trimwhitespace=false/]Je suis sûr que Kline sortira de[br trimwhitespace=false/]nouveau ce soir. #line:M221_
229	Inoa (inner)-229	B[1]	233	0D@222	M229_S100	50 36 06	4	51@234 39@235 03@236[9, 0] 02@239[23, 0]	[voice id=0 trimwhitespace=false/]Nous prouverons au mieux que la théorie de[br trimwhitespace=false/]Meia est incorrect
229	Inoa (inner)-229	B[2]	305	5C@293	M229_S101	50 36 06	4	51@306 39@307 03@308[15, 0] 02@311[4, 0]	[voice id=0 trimwhitespace=false/]Es-tu prêt à te lancer dans[br trimwhitespace=false/]l'inconscient de Kline, Alundra ?
240	Inoa (inner)-240	C[1]	371	0D@360	M240_S008	50 36 06	4	51@372 03@373[16, 0] 00@376 0D@377[138, 1]	[voice id=1 trimwhitespace=false/]Je t'en prie, Alundra. Entre dans le[br trimwhitespace=false/]cauchemar de mon frère. 
240	Inoa (inner)-240	C[2]	522	0D@514	M240_S019	50 36	4	51@523 39@524 04@525[31, 0] 10@528	[voice id=0 trimwhitespace=false/]Alors, es-tu prêt à pénétrer dans[br trimwhitespace=false/]le cauchemar de Giles, Alun
258	Inoa (inner)-258	B[2]	155	5C@143	M258_S001	50 36 06	4	51@156 39@157 03@158[32, 0] 5C@161[1, 138, 1]	[voice id=1 trimwhitespace=false/]Si tu souhaites acheter l'Herbe[br trimwhitespace=false/]médicinale, cela te coûtera 5
258	Inoa (inner)-258	B[3]	283	5C@271	M258_S002	50 36 06	4	51@284 39@285 03@286[32, 0] 5C@289[1, 138, 1]	[voice id=1 trimwhitespace=false/]Ah, oui ! Un Tonique ! Le meilleur[br trimwhitespace=false/]choix pour les aventuriers
258	Inoa (inner)-258	B[4]	411	5C@399	M258_S003	50 36 06	4	51@412 39@413 03@414[32, 0] 5C@417[1, 138, 1]	[voice id=1 trimwhitespace=false/]Un Elixir de Magie ! Pour seulement 30[br trimwhitespace=false/]florins, tu pourras ré
258	Inoa (inner)-258	B[5]	539	5C@527	M258_S004	50 36 06	4	51@540 39@541 03@542[32, 0] 5C@545[1, 138, 1]	[voice id=1 trimwhitespace=false/]Un Vaisseau de vie ! Hum, pas donné,[br trimwhitespace=false/]mais un choix de qualité
263	Inoa (inner)-263	C[1]	187	0D@176	M263_S000	50 36 06	4	51@188 39@189 04@190[11, 0] 0D@193[129, 1]	[voice id=0 trimwhitespace=false/]Oh, Alundra ! J'ai parcouru tout ce[br trimwhitespace=false/]village pour te trouver !
270	Inoa (inner)-270	B[1]	95	5C@83	M270_S003	36 06 50	4	51@96 39@97 03@98[22, 0] 5C@101[4, 133, 1]	[voice id=1 trimwhitespace=false/]Je n'arriverai pas à vaincre ce cauchemar,[br trimwhitespace=false/]Alundra. Je crois 
270	Inoa (inner)-270	B[1]	113	5C@101	M270_S005	36 06 50	4	51@114 39@115 04@116[241, 255] 00@119	[voice id=1 trimwhitespace=false/]Je sais que nous n'avons pas été du même[br trimwhitespace=false/]avis sur bien des ch
270	Inoa (inner)-270	C[1]	429	5C@417	M270_S019	36 06 50	4	51@430 39@431 11@432 4B@433	[voice id=0 trimwhitespace=false/]Etes-vous prêts à plonger dans le[br trimwhitespace=false/]cauchemar d'Elene ?[flag id
475	Inoa (inner, Yustel, Map)-475	B[2]	157	5C@145	M475_S013	50 36 06	4	51@158 39@159 03@160[9, 0] 37@163[30]	[voice id=1 trimwhitespace=false/]Veux-tu connaître ton destin,[br trimwhitespace=false/]Libérateur ?[flag id=0 trimwhit
475	Inoa (inner, Yustel, Map)-475	B[2]	240	5C@228	M475_S006	50 36 06	4	51@241 39@242 03@243[15, 0] 37@246[40]	[voice id=1 trimwhitespace=false/]Tu veux en savoir davantage, Libérateur ?[br trimwhitespace=false/]Ma sagesse te coûte
295	Inoa (inner, burning)-295	C[1]	334	0D@323	M295_S009	36 06 50	4	51@335 39@336 03@337[13, 0] 0D@340[139, 1]	[voice id=0 trimwhitespace=false/]A la lumière de cette terrible tragédie,[br trimwhitespace=false/]nous devons mettre a
298	Inoa (inner, destroyed)-298	B[2]	233	5C@221	M298_S007	50 36 06	4	51@234 39@235 03@236[32, 0] 5C@239[1, 144, 1]	[voice id=1 trimwhitespace=false/]Des herbes médicinales ? Ça fera 4[br trimwhitespace=false/]florins aujourd'hui. Tu le
298	Inoa (inner, destroyed)-298	B[3]	357	5C@345	M298_S008	50 36 06	4	51@358 39@359 03@360[32, 0] 5C@363[1, 144, 1]	[voice id=1 trimwhitespace=false/]Du fortifiant ? 12 florins, une affaire ![br trimwhitespace=false/]Alors, marché concl
298	Inoa (inner, destroyed)-298	B[4]	485	5C@473	M298_S009	50 36 06	4	51@486 39@487 03@488[32, 0] 5C@491[1, 144, 1]	[voice id=1 trimwhitespace=false/]Hum[glyph id=18 trimwhitespace=false/] De l'élixir de magie ?[br trimwhitespace=false/
298	Inoa (inner, destroyed)-298	B[5]	613	5C@601	M298_S010	50 36 06	4	51@614 39@615 03@616[32, 0] 5C@619[1, 144, 1]	[voice id=1 trimwhitespace=false/]Oooh[glyph id=18 trimwhitespace=false/] Un vaisseau de vie ? Ça ne[br trimwhitespace=f
290	Inoa (inner, night)-290	C[1]	184	0D@173	M290_S000	36 06 50	4	51@185 39@186 03@187[12, 0] 00@190	[voice id=1 trimwhitespace=false/]Alundra ! Réveille-toi ! Nous avons un[br trimwhitespace=false/]grave ennui ! #line:M2
292	Inoa (inner, night)-292	C[2]	417	5C@405	M292_S023	36 06 50	4	51@418 39@419 11@420 4B@421	[voice id=0 trimwhitespace=false/]Es-tu prêt à plonger dans le rêve de[br trimwhitespace=false/]Nestus ?[flag id=3 trimw
198	Inoa-198	B[2]	109	0D@98	M198_S109	50 36 06	4	51@110 39@111 11@112 03@113[12, 0]	[voice id=-1 trimwhitespace=false/]Ne passe pas au Chapitre 9[flag id=999 trimwhitespace=false/][yield trimwhitespace=fa
198	Inoa-198	B[2]	137	0D@126	M198_S110	50 36 06	4	51@138 39@139 11@140 03@141[17, 0]	[voice id=-1 trimwhitespace=false/]Ne passe pas au Chapitre 10[flag id=999 trimwhitespace=false/][yield trimwhitespace=f
198	Inoa-198	B[2]	170	0D@159	M198_S111	50 36 06	4	51@171 39@172 11@173 03@174[17, 0]	[voice id=-1 trimwhitespace=false/]Ne passe pas au Chapitre 11[flag id=999 trimwhitespace=false/][yield trimwhitespace=f
198	Inoa-198	B[2]	203	0D@192	M198_S112	50 36 06	4	51@204 39@205 11@206 03@207[12, 0]	[voice id=-1 trimwhitespace=false/]Ne passe pas au Chapitre 12[flag id=999 trimwhitespace=false/][yield trimwhitespace=f
198	Inoa-198	B[2]	231	0D@220	M198_S113	50 36 06	4	51@232 39@233 11@234 03@235[17, 0]	[voice id=-1 trimwhitespace=false/]Ne passe pas au Chapitre 13[flag id=999 trimwhitespace=false/][yield trimwhitespace=f
198	Inoa-198	B[2]	264	0D@253	M198_S114	50 36 06	4	51@265 39@266 11@267 03@268[17, 0]	[voice id=-1 trimwhitespace=false/]Ne passe pas au Chapitre 14[flag id=999 trimwhitespace=false/][yield trimwhitespace=f
198	Inoa-198	B[2]	297	0D@286	M198_S115	50 36 06	4	51@298 39@299 11@300 03@301[12, 0]	[voice id=-1 trimwhitespace=false/]Ne passe pas au Chapitre 15[flag id=999 trimwhitespace=false/][yield trimwhitespace=f
198	Inoa-198	B[2]	325	0D@314	M198_S116	50 36 06	4	51@326 39@327 11@328 03@329[12, 0]	[voice id=-1 trimwhitespace=false/]Ne passe pas au Chapitre 16[flag id=999 trimwhitespace=false/][yield trimwhitespace=f
21	Lars' Crypt-21	B[1]	127	0D@116	M21_S021	50 36 06	4	51@128 39@129 04@130[19, 0] 31@133[166, 4, 32, 0]	[voice id=0 trimwhitespace=false/]As-tu rendu hommage aux[br trimwhitespace=false/]saints ?[flag id=10 trimwhitespace=fa
398	Lurvy House, Well-398	B[1]	141	5C@129	M398_S007	50 36 06	4	51@142 39@143 03@144[62, 0] 5C@147[0, 144, 1]	[voice id=0 trimwhitespace=false/]Cette Herbe médicinale que tu vois là te[br trimwhitespace=false/]coûtera 4 florins. D
398	Lurvy House, Well-398	B[2]	321	5C@309	M398_S008	50 36 06	4	51@322 39@323 03@324[62, 0] 5C@327[0, 144, 1]	[voice id=0 trimwhitespace=false/]Un Fortifiant te reviendra à 12 florins[br trimwhitespace=false/]ces jours-ci. T'fais 
398	Lurvy House, Well-398	B[3]	501	5C@489	M398_S034	50 36 06	4	51@502 39@503 03@504[62, 0] 5C@507[0, 144, 1]	[voice id=0 trimwhitespace=false/][glyph id=18 trimwhitespace=false/][slow trimwhitespace=false/][glyph id=18 trimwhites
398	Lurvy House, Well-398	B[4]	681	5C@669	M398_S009	50 36 06	4	51@682 39@683 03@684[62, 0] 5C@687[0, 144, 1]	[voice id=0 trimwhitespace=false/]Un Elixir de magie coûte 24 florins.[br trimwhitespace=false/]T'jours intéressé ?[flag
398	Lurvy House, Well-398	B[5]	876	5C@864	M398_S017	50 36 06	4	51@877 39@878 03@879[62, 0] 5C@882[0, 144, 1]	[voice id=0 trimwhitespace=false/]Bon coup d'œil. C'te Veste en cuir, c'est une[br trimwhitespace=false/]armure. N'a plu
398	Lurvy House, Well-398	B[6]	1096	5C@1084	M398_S018	50 36 06	4	51@1097 39@1098 03@1099[62, 0] 5C@1102[0, 144, 1]	[voice id=0 trimwhitespace=false/]J'ai plus b'soin de ce truc[glyph id=18 trimwhitespace=false/][br trimwhitespace=false
398	Lurvy House, Well-398	B[7]	1304	5C@1292	M398_S019	50 36 06	4	51@1305 39@1306 03@1307[62, 0] 5C@1310[0, 144, 1]	[voice id=0 trimwhitespace=false/]De l'Essence magique, hum ? Qu'est-ce[br trimwhitespace=false/]que tu dis de 200 flori
398	Lurvy House, Well-398	C[2]	2158	0D@2137	M398_S025	50 36 06 2D 09 36 06	4	51@2159 39@2160 37@2161[20] 03@2163[14, 0]	[voice id=0 trimwhitespace=false/]Bizarres les choses que tu vends.[flag id=101 trimwhitespace=false/][br trimwhitespace
398	Lurvy House, Well-398	C[2]	2193	0D@2182	M398_S027	50 36 06	4	51@2194 39@2195 37@2196[20] 03@2198[14, 0]	[voice id=0 trimwhitespace=false/]Peux pas t'le donner comme ça. Non, non.[br trimwhitespace=false/]Que dirais-tu de 2 1
144	Magyscar Entrance-144	C[14]	1363	0D@1355	M144_S016	50 36	4	51@1364 39@1365 03@1366[10, 0] 0D@1369[146, 1]	[voice id=0 trimwhitespace=false/]Sais-tu que l'immense rocher[br trimwhitespace=false/]qui bloquait le fleuve Rahl a ét
440	Meia Dream-440	C[25]	2321	0D@2307	M440_S000	50 36 06 06	4	51@2322 39@2323 03@2324[12, 0] 0D@2327[129, 1]	[voice id=1 trimwhitespace=false/]Faisons un autre jeu ! [glyph id=19 trimwhitespace=false/]Un-deux-trois, Soleil ![br t
152	Murgg Tree (Boss)-152	B[2]	518	0D@507	M152_S014	36 06 50	4	51@519 04@520[15, 0] 0D@523[143, 0] 05@526[220, 1]	[voice id=-1 trimwhitespace=false/]La clef rentre à peine dans ce minuscule[br trimwhitespace=false/]trou de serrure. C'
152	Murgg Tree (Boss)-152	B[2]	558	0D@547	M152_S017	36 06 50	4	51@559 04@560[52, 0] 0D@563[146, 0] 39@566	[voice id=-1 trimwhitespace=false/]La clef glisse dans la serrure comme[br trimwhitespace=false/]dans du beurre[glyph id
152	Murgg Tree (Boss)-152	C[22]	985	0D@974	M152_S014	50 36 06	4	51@986 39@987 04@988[14, 0] 0D@991[143, 1]	[voice id=-1 trimwhitespace=false/]La clef rentre à peine dans ce minuscule[br trimwhitespace=false/]trou de serrure. C'
152	Murgg Tree (Boss)-152	C[22]	1024	0D@1013	M152_S017	50 36 06	4	51@1025 39@1026 04@1027[19, 0] 0D@1030[146, 1]	[voice id=-1 trimwhitespace=false/]La clef glisse dans la serrure comme[br trimwhitespace=false/]dans du beurre[glyph id
147	Murgg Tree (inner)-147	C[2]	790	5C@778	M147_S031	36 06 50	4	51@791 03@792[8, 0] 5C@795[128, 161, 1] 39@799	[voice id=0 trimwhitespace=false/]Hé, là ! Comment vas-tu ?[br trimwhitespace=false/]Quoi ? Hein ? Quelque chose ne va p
143	Coast house (nava's cave entrance)-143	C[9]	751	0D@730	M143_S006	39 7D 00 00 00 00 00 06 50 36 06	4	51@752 39@753 7D@754 00@755	[voice id=0 trimwhitespace=false/]J'ai enfin terminé mon dernier album ![br trimwhitespace=false/]Je l'ai appelé [glyph 
303	Olen, Cephas house-303	B[3]	152	5C@140	M303_S005	50 06 36	4	51@153 39@154 11@155 04@156[204, 255]	[voice id=-1 trimwhitespace=false/]Lo[glyph id=18 trimwhitespace=false/][glyph id=18 trimwhitespace=false/] jour[glyph i
10	Overworld 2,1-10	C[2]	2735	0D@2727	M10_S001	50 36	4	51@2736 39@2737 0D@2738[130, 1] 39@2741	[voice id=0 trimwhitespace=false/][glyph id=18 trimwhitespace=false/][slow trimwhitespace=false/]C'est si beau ici, n'es
394	Pub Entrance + Floor-394	C[3]	475	5C@466	M394_S002	50 36	4	51@476 04@477[11, 0] 5C@480[128, 131, 1] 02@484[76, 1]	[voice id=0 trimwhitespace=false/]Je t'offre un verre,[br trimwhitespace=false/]mon pote ?[flag id=999 trimwhitespace=fa
394	Pub Entrance + Floor-394	C[3]	511	5C@502	M394_S012	50 36	4	51@512 03@513[11, 0] 5C@516[128, 141, 1] 02@520[40, 1]	[voice id=0 trimwhitespace=false/]Je viens de gagner une poignée de florins[br trimwhitespace=false/]en faisant une part
472	Pub (Ring)-472	B[6]	532	0D@521	M472_S069	50 36 06	4	51@533 04@534[12, 0] 00@537 05@538[2, 128]	[voice id=0 trimwhitespace=false/]Tu veux y aller franco[br trimwhitespace=false/]et miser ces florins gagnés à la[br tr
472	Pub (Ring)-472	B[7]	692	0D@681	M472_S069	50 36 06	4	51@693 04@694[12, 0] 00@697 05@698[3, 128]	[voice id=0 trimwhitespace=false/]Tu veux y aller franco[br trimwhitespace=false/]et miser ces florins gagnés à la[br tr
472	Pub (Ring)-472	B[8]	852	0D@841	M472_S069	50 36 06	4	51@853 04@854[12, 0] 00@857 05@858[4, 128]	[voice id=0 trimwhitespace=false/]Tu veux y aller franco[br trimwhitespace=false/]et miser ces florins gagnés à la[br tr
472	Pub (Ring)-472	B[9]	1012	0D@1001	M472_S069	50 36 06	4	51@1013 04@1014[12, 0] 00@1017 05@1018[5, 128]	[voice id=0 trimwhitespace=false/]Tu veux y aller franco[br trimwhitespace=false/]et miser ces florins gagnés à la[br tr
472	Pub (Ring)-472	C[1]	1316	5C@1304	M472_S056	50 36 06	4	51@1317 03@1318[17, 0] 5C@1321[129, 185, 1] 39@1325	[voice id=0 trimwhitespace=false/]Hé, là ! Tu m'as l'air[br trimwhitespace=false/]d'un jeune mordu ! Non, attends, c'est
474	Pub (Roulette)-474	B[6]	517	0D@506	M474_S042	50 36 06	4	51@518 04@519[12, 0] 00@522 05@523[2, 128]	[voice id=1 trimwhitespace=false/]Tu peux parier l'argent remporté et mettre[br trimwhitespace=false/]dame chance de nou
474	Pub (Roulette)-474	B[7]	657	0D@646	M474_S042	50 36 06	4	51@658 04@659[12, 0] 00@662 05@663[3, 128]	[voice id=1 trimwhitespace=false/]Tu peux parier l'argent remporté et mettre[br trimwhitespace=false/]dame chance de nou
474	Pub (Roulette)-474	B[8]	797	0D@786	M474_S042	50 36 06	4	51@798 04@799[12, 0] 00@802 05@803[4, 128]	[voice id=1 trimwhitespace=false/]Tu peux parier l'argent remporté et mettre[br trimwhitespace=false/]dame chance de nou
474	Pub (Roulette)-474	B[9]	937	0D@926	M474_S042	50 36 06	4	51@938 04@939[12, 0] 00@942 05@943[5, 128]	[voice id=1 trimwhitespace=false/]Tu peux parier l'argent remporté et mettre[br trimwhitespace=false/]dame chance de nou
474	Pub (Roulette)-474	C[1]	1234	5C@1222	M474_S032	50 36 06	4	51@1235 03@1236[26, 0] 5C@1239[129, 163, 1] 39@1243	[voice id=1 trimwhitespace=false/]Tu as choisi le rouge.[br trimwhitespace=false/]Choix définitif ?[flag id=9 trimwhites
474	Pub (Roulette)-474	C[2]	1334	5C@1322	M474_S033	50 36 06	4	51@1335 03@1336[26, 0] 5C@1339[129, 163, 1] 39@1343	[voice id=1 trimwhitespace=false/]Tu as choisi le bleu.[br trimwhitespace=false/]Choix définitif ?[flag id=9 trimwhitesp
474	Pub (Roulette)-474	C[3]	1434	5C@1422	M474_S034	50 36 06	4	51@1435 03@1436[26, 0] 5C@1439[129, 163, 1] 39@1443	[voice id=1 trimwhitespace=false/]Tu as choisi le vert.[br trimwhitespace=false/]Choix définitif ?[flag id=9 trimwhitesp
474	Pub (Roulette)-474	C[4]	1516	5C@1504	M474_S026	50 36 06	4	51@1517 03@1518[17, 0] 5C@1521[129, 155, 1] 39@1525	[voice id=1 trimwhitespace=false/]Veux-tu jouer le tout pour le[br trimwhitespace=false/]tout ? Franchis ce seuil[br tri
473	Pub (Shooting)-473	B[5]	636	5C@624	M473_S019	50 36 06	4	51@637 04@638[10, 0] 05@641[2, 128] 02@644[201, 255]	[voice id=0 trimwhitespace=false/]Veux-tu parier la somme[br trimwhitespace=false/]remportée et jouer une nouvelle parti
473	Pub (Shooting)-473	B[6]	856	5C@844	M473_S019	50 36 06	4	51@857 04@858[10, 0] 05@861[3, 128] 02@864[201, 255]	[voice id=0 trimwhitespace=false/]Veux-tu parier la somme[br trimwhitespace=false/]remportée et jouer une nouvelle parti
473	Pub (Shooting)-473	B[7]	1072	5C@1060	M473_S019	50 36 06	4	51@1073 04@1074[10, 0] 05@1077[4, 128] 02@1080[201, 255]	[voice id=0 trimwhitespace=false/]Veux-tu parier la somme[br trimwhitespace=false/]remportée et jouer une nouvelle parti
473	Pub (Shooting)-473	B[8]	1288	5C@1276	M473_S019	50 36 06	4	51@1289 04@1290[10, 0] 05@1293[5, 128] 02@1296[201, 255]	[voice id=0 trimwhitespace=false/]Veux-tu parier la somme[br trimwhitespace=false/]remportée et jouer une nouvelle parti
473	Pub (Shooting)-473	C[5]	1703	5C@1691	M473_S001	50 36 06	4	51@1704 03@1705[17, 0] 5C@1708[129, 130, 1] 39@1712	[voice id=0 trimwhitespace=false/]30 florins pour tester ton adresse au tir,[br trimwhitespace=false/]petit ! Franchis l
389	Ship Klark (beginning)-389	C[12]	1398	0D@1390	M389_S001	50 36	4	51@1399 03@1400[10, 0] 0D@1403[131, 1] 02@1406[11, 0]	[voice id=0 trimwhitespace=false/]Qu'est-ce que tu veux, petit ? As-tu[br trimwhitespace=false/]encore oublié où se trou
